tx,block,log_index,timestamp,timestamp_utc,main_account_transaction,direction,a0in,a1in,a0out,a1out,net_MOO_to_pool,net_mCELO_to_pool,pre0,pre1,post0,post1,pre_mCELO_per_MOO,post_mCELO_per_MOO
0xe631ca57d6cdf751c3dbeeea87faf76e3c18cdb1622ebf317fe0b2e28adf9a66,15671502,27,1666025504,2022-10-17T16:51:44+00:00,False,complex,45194802061385,118108712410873,0,1000000000000,0.000045194802061385,0.000117108712410873,5387475535495515108377777,119564338128689874541884,5387475535540709910439162,119564338245798586952757,0.0221930173679559733045862283672567126429093760658955189023229,0.0221930173895070137905882662585699482928548059463660708023032
0xb2e616a777e2b9557054ed8bfe7626aaf54ad696d7004a0df23793c00a57da40,15671823,33,1666027109,2022-10-17T17:18:29+00:00,False,complex,4519480201716,53777170140403,0,100000000000,0.000004519480201716,0.000053677170140403,5387475535540709910439162,119564338245798586952757,5387475535545229390640878,119564338299475757093160,0.0221930173895070137905882662585699482928548059463660708023032,0.0221930173994517214526848955747465645210421249208408946005524
0x03c1145020caccd1ac6b44d3f596430fe74edd7e66c39c6b392e8c1004aeb347,15677080,51,1666053394,2022-10-18T00:36:34+00:00,False,sell_MOO,5952928711983540353,107745085183317,0,131716965326701095,5.952928711983540353,-0.131609220241517778,5387475561336749221490709,119564339144513153805356,5387481514265461205031062,119564207535292912287578,0.0221930174500590504778939256050703254839142951804727376877145,0.0221929684990472786105980335212603596661943805023404582758943
0x2bbfb6d84e839516f2b413eda66a9204aa51c8395496e69a51118e4ab5d2a487,15677129,35,1666053639,2022-10-18T00:40:39+00:00,False,buy_MOO,0,5694625112055083861302,244228851138786814844443,0,-244228.851138786814844443,5694.625112055083861302,5387481514265461205031062,119564207535292912287578,5143252663126674390186619,125258832647347996148880,0.0221929684990472786105980335212603596661943805023404582758943,0.0243540111387802078583742504778360354525501496715224765433290
0x7e582cb146d4abf7b7adf626266e636b83638bf778e78e5149aa6c11949a9af1,15677129,46,1666053639,2022-10-18T00:40:39+00:00,False,sell_MOO,11915497501071373994038,0,0,288652865519850555383,11915.497501071373994038,-288.652865519850555383,5143252663126674390186619,125258832647347996148880,5155168160627745764180657,124970179781828145593497,0.0243540111387802078583742504778360354525501496715224765433290,0.0242417271149910469808298148055845683560541760906177803206918
0x6480b91734ed1eef97d6213f133a09ba42b93a5a87b02ff4d08204880e8db042,15677129,60,1666053639,2022-10-18T00:40:39+00:00,False,sell_MOO,6889186425373759986108,0,0,166283211613146780891,6889.186425373759986108,-166.283211613146780891,5155168160627745764180657,124970179781828145593497,5162057347053119524166765,124803896570214998812606,0.0242417271149910469808298148055845683560541760906177803206918,0.0241771619684663529316537559780393614838675204762376092051937
0x078c71fcffa9a312e51dd7988340da0099375076c098772fbdaf77d09ab01d0b,15677130,48,1666053644,2022-10-18T00:40:44+00:00,False,sell_MOO,60137122761803156842,174703061872,0,1449566285909448230,60.137122761803156842,-1.449566111206386358,5162057347053119524166765,124803896570214998812606,5162117484175881327323607,124802447004103792426248,0.0241771619684663529316537559780393614838675204762376092051937,0.0241765995033389247859724790685164828307374108272875128418418
0x975e11ff22ac03012cbb9709de5930d5b69450060eaf8aa5992f7cdafaf11a68,15677131,22,1666053649,2022-10-18T00:40:49+00:00,False,sell_MOO,2928791046247432168578,174701088483,0,70555872876847830989,2928.791046247432168578,-70.555872702146742506,5162117484175881327323607,124802447004103792426248,5165046275222128759492185,124731891131401645683742,0.0241765995033389247859724790685164828307374108272875128418418,0.0241492301297992547321985791493758893925144359691305829255010
0x7ed39465a45609bd3c2ef848a1b3308ec18c191b9eda631ddbefa0ddc6e567d7,15677132,17,1666053654,2022-10-18T00:40:54+00:00,False,sell_MOO,1335140010949499013422,174605031129,0,32137593076357692711,1335.140010949499013422,-32.137592901752661582,5165046275222128759492185,124731891131401645683742,5166381415233078258505607,124699753538499893022160,0.0241492301297992547321985791493758893925144359691305829255010,0.0241367687586562241831577712898640520113481057092683300356720
0xac47d59694c43e5782342970f88866d0dac13c490cb51d624599859100a54e18,15677133,35,1666053659,2022-10-18T00:40:59+00:00,False,sell_MOO,75466899528299017168,174561276877,0,1816036073731459405,75.466899528299017168,-1.816035899170182528,5166381415233078258505607,124699753538499893022160,5166456882132606557522775,124697937502600722839632,0.0241367687586562241831577712898640520113481057092683300356720,0.0241360646856164205551818225416267367869295443345463524958980
0x4073a10c4bd8a9bfe8a720e9cdaf7fd0fce9ef892d55d70f2eb64a8ebc0f103c,15677134,35,1666053664,2022-10-18T00:41:04+00:00,False,sell_MOO,653812886896515454253,174558804455,0,15731143922872326004,653.812886896515454253,-15.731143748313521549,5166456882132606557522775,124697937502600722839632,5167110695019503072977028,124682206358852409318083,0.0241360646856164205551818225416267367869295443345463524958980,0.0241299661876862115156585275553072312775281155895513486031504
0x58ef5b85900eef115bd737c73097bd42e636a6f11d1b349abc9572d9002c1649,15677136,16,1666053674,2022-10-18T00:41:14+00:00,False,sell_MOO,800088113919025269844,349074773651,0,19245209802989216206,800.088113919025269844,-19.245209453914442555,5167110695019503072977028,124682206358852409318083,5167910783133422098246872,124662961149398494875528,0.0241299661876862115156585275553072312775281155895513486031504,0.0241225064403709578225665788354412456983625864179180311030089
0x9b7e495bc2a856bd76ba69ba019cd07b9ceb538cce77db300e68532905296c33,15677136,40,1666053674,2022-10-18T00:41:14+00:00,False,sell_MOO,800163351302102271592,0,0,19241069542465044391,800.163351302102271592,-19.241069542465044391,5167910783133422098246872,124662961149398494875528,5168710946484724200518464,124643720079856029831137,0.0241225064403709578225665788354412456983625864179180311030089,0.0241150494524417310615146476920594684685057444288281172487676
0x9be125507daac27dd9f43649db5d5f32217340f848694412529cf083ad3bacce,15677137,103,1666053679,2022-10-18T00:41:19+00:00,False,sell_MOO,689922450173687942789,174484987882,0,16585394275983381560,689.922450173687942789,-16.585394101498393678,5168710946484724200518464,124643720079856029831137,5169400868934897888461253,124627134685754531437459,0.0241150494524417310615146476920594684685057444288281172487676,0.0241086226132493138008702406562694285735182369985675300820441
0x5409e067e3e43adb6d0e0df05f659519b5134b7a0cd404a806f9af4101a0eca3,15677476,76,1666055374,2022-10-18T01:09:34+00:00,False,sell_MOO,5488843332273252691,59142757854489,0,131931327459827690,5.488843332273252691,-0.131872184701973201,5169400868934897888461253,124627134685754531437459,5169406357778230161713944,124627002813569829464258,0.0241086226132493138008702406562694285735182369985675300820441,0.0241085715047430565078770086125501511011889998825002126355813
0x7acd0e383b0676983a9077a19658c15f58253f8a6a2a4769ed3a8dcd7a6d12a3,15677789,36,1666056939,2022-10-18T01:35:39+00:00,False,buy_MOO,0,132150292030842127712,5459246959941936554648,0,-5459.246959941936554648,132.150292030842127712,5169406357778230161713944,124627002813569829464258,5163947110818288225159296,124759153105600671591970,0.0241085715047430565078770086125501511011889998825002126355813,0.0241596496688036595216046432402209556294328143032807761036630
0x9ecdef48a5fe77d397b4de98634b45e3aeb2844f4415de860f2f43c43241f45f,15677790,19,1666056944,2022-10-18T01:35:44+00:00,False,sell_MOO,232699916192353889137,174650057050,0,5604830798310438476,232.699916192353889137,-5.604830623660381426,5163947110818288225159296,124759153105600671591970,5164179810734480579048433,124753548274977011210544,0.0241596496688036595216046432402209556294328143032807761036630,0.0241574756974300270291996563758600338084184667048185528774045
0x00bf6838d5843feed8103c54f1a3216cdd949fe85fef3f6e79f76b487aa17823,15677899,44,1666057489,2022-10-18T01:44:49+00:00,False,sell_MOO,42000000000000000000000,19036154362961,0,1003433746630710443649,42000,-1003.433727594556080688,5164179810734480579048433,124753548274977011210544,5206179810734480579048433,123750114547382455129856,0.0241574756974300270291996563758600338084184667048185528774045,0.0237698502637625882814510600398714229241183191124220143459313
0xe90ee71ba240d1b43fe101f75b1a29a9b638343ae37e0c4a382fe9a5bb6f6164,15677899,67,1666057489,2022-10-18T01:44:49+00:00,False,buy_MOO,0,13305400000000000001,558020425119165874065,0,-558.020425119165874065,13.305400000000000001,5206179810734480579048433,123750114547382455129856,5205621790309361413174368,123763419947382455129857,0.0237698502637625882814510600398714229241183191124220143459313,0.0237749542576790623282190940640011591289143159177704041301010
0x55946281ad79daa61d38b2c67a87c5ff62deaf3e69f24c84d1a9f06158fc15f4,15677899,100,1666057489,2022-10-18T01:44:49+00:00,False,buy_MOO,0,9298852402007185859,389917108616683655404,0,-389.917108616683655404,9.298852402007185859,5205621790309361413174368,123763419947382455129857,5205231873200744729518964,123772718799784462315716,0.0237749542576790623282190940640011591289143159177704041301010,0.0237785216518463152464361470695384017708618762147542251142717
0x014453594e372c7c0369226addaf35287599a90c7c3d6b2406ca72eb64c1ec98,15677932,191,1666057654,2022-10-18T01:47:34+00:00,False,buy_MOO,0,261694811268801448,10972232755546654905,0,-10.972232755546654905,0.261694811268801448,5205231873200744729518964,123772718799784462315716,5205220900967989182864059,123772980494595731117164,0.0237785216518463152464361470695384017708618762147542251142717,0.0237786220507141747218950671439572674753265127695662082552177
0x76469537bdbd223678fc7b038ed0fc3cdbc231623fbc11857abe9d501a57bfa8,15679240,24,1666064194,2022-10-18T03:36:34+00:00,False,buy_MOO,0,12800226748048991068,536628418796652147076,0,-536.628418796652147076,12.800226748048991068,5205220900967989182864059,123772980494595731117164,5204684272549192530716983,123785780721343780108232,0.0237786220507141747218950671439572674753265127695662082552177,0.0237835331096299094337000724325384417101273073807038698859333
0x61f84a04e5c4afae59643bb3cb071033eda58afebab6729d1b634d9b54597db3,15679242,27,1666064204,2022-10-18T03:36:44+00:00,False,buy_MOO,0,3303565383569134543,138480968843644406759,0,-138.480968843644406759,3.303565383569134543,5204684272549192530716983,123785780721343780108232,5204545791580348886310224,123789084286727349242775,0.0237835331096299094337000724325384417101273073807038698859333,0.0237848006807793050420630015551323400352216684500195088968299
0xf2136e301ec4a86840e0ae62f787cff11580b35b9e124dcc7dd04228daac15b0,15679845,60,1666067219,2022-10-18T04:26:59+00:00,False,buy_MOO,0,1308929386505222615,54862666845102049631,0,-54.862666845102049631,1.308929386505222615,5204545804049379837886149,123789084596301900157482,5204490941382534735836518,123790393525688405380097,0.0237848006832773395562160372921246498403048117696659445199806,0.0237853029085692668929128014484721114085757948224579276693754
0xeeb72601faefe38d726757a24920f9e0840b305705cb5a44f54f7bec25fdce0e,15679947,26,1666067729,2022-10-18T04:35:29+00:00,False,buy_MOO,0,1318063270895175050,55247457186174241314,0,-55.247457186174241314,1.31806327089517505,5204490941382534735836518,123790393525688405380097,5204435693925348561595204,123791711588959300555147,0.0237853029085692668929128014484721114085757948224579276693754,0.0237858086580740727248369917203514230010277541711142472138898
0x5898cf1250346b79e0e5806a69a72d963807094ee5096c01256788277887fe6b,15683099,39,1666083489,2022-10-18T08:58:09+00:00,False,buy_MOO,0,52337490755155852851,2192834286187539864976,0,-2192.834286187539864976,52.337490755155852851,5204435706286005621727646,123791712022477420303381,5202242871999818081862670,123844049513232576156232,0.0237858086848800328521470343527197124859454810282743496754452,0.0238058953725136473944263093891964678042098202352918437841111
0xc3d061646ec19b2cd306a71415616f14599508dda51b4bf29f06cf900f77ad59,15683523,49,1666085609,2022-10-18T09:33:29+00:00,False,sell_MOO,370000000000000000000,73525758650652,0,8781134075508200964,370,-8.781060549749550312,5202242871999818081862670,123844049513232576156232,5202612871999818081862670,123835268452682826605920,0.0238058953725136473944263093891964678042098202352918437841111,0.0238025145247991760850404711289088797772430984647216651429135
0x4b5617a730a247f1f69447398e124c68c9069500253b1923c3135f19c0685394,15683539,19,1666085689,2022-10-18T09:34:49+00:00,False,sell_MOO,500000000000000000000,2774412386986,0,11864416674966485306,500,-11.86441390055409832,5202612871999818081862670,123835268452682826605920,5203112871999818081862670,123823404038782272507600,0.0238025145247991760850404711289088797772430984647216651429135,0.0237979469377128288032609081741531619030856661597449080405741
0x77caced31c0c48e8414516f3f1ba7604b4f9c3137af8692b2fb18351928d6051,15684162,71,1666088804,2022-10-18T10:26:44+00:00,False,sell_MOO,852187871128319569755,108026557199072,0,20216179614583882756,852.187871128319569755,-20.216071588026683684,5203112871999818081862670,123823404038782272507600,5203965059870946401432425,123803187967194245823916,0.0237979469377128288032609081741531619030856661597449080405741,0.0237901651035036834472981445639736812658971213664464112206538
0xc62b39d843af67aee9e5444b753a16bf9cc92964c0620ac72692f6617c18266c,15684296,22,1666089474,2022-10-18T10:37:54+00:00,False,sell_MOO,570000000000000000000,23231795511351,0,13518236691022720615,570,-13.518213459227209264,5203965059870946401432425,123803187967194245823916,5204535059870946401432425,123789669753735018614652,0.0237901651035036834472981445639736812658971213664464112206538,0.0237849622165489944034484903251097873827486301347027339310917
0x311772c806faa9eadfeb9100f52c2ba9b5deca048544dfda884d3a6a79f4606d,15684531,23,1666090649,2022-10-18T10:57:29+00:00,False,sell_MOO,580000000000000000000,40738002633307,0,13752364268136549227,580,-13.75232353013391592,5204535059870946401432425,123789669753735018614652,5205115059870946401432425,123775917430204884698732,0.0237849622165489944034484903251097873827486301347027339310917,0.0237796698068137876398932150217517926018828695429825022110270
0x8c4320b9c9b7b9060890ab47cd3aada393716338bfd6da678212c2f0d53af635,15684544,13,1666090714,2022-10-18T10:58:34+00:00,False,sell_MOO,220000000000000000000,2253348310399,0,5215612993050789020,220,-5.215610739702478621,5205115059870946401432425,123775917430204884698732,5205335059870946401432425,123770701819465182220111,0.0237796698068137876398932150217517926018828695429825022110270,0.0237776628009290482004240584615157231401308936270666381608080
0x96051a69542c1c068c3b65ec17e8215c5043096539a36fef79a44dd2399ede6a,15685995,26,1666097969,2022-10-18T12:59:29+00:00,False,buy_MOO,0,50000158941638563088,2095661412648094681419,0,-2095.661412648094681419,50.000158941638563088,5205335072234089638019874,123770702205988668135155,5203239410821441543338455,123820702364930306698243,0.0237776628187101965014413798726557125777512084356465060874888,0.0237968489605560137701777899540761133640030402521731343916674
0xe27044012c26c245d15d6e15ad018bb76ccf61608223958ac20c561aa8e41129,15686258,20,1666099284,2022-10-18T13:21:24+00:00,False,buy_MOO,0,50000045626168263553,2093972132014838914915,0,-2093.972132014838914915,50.000045626168263553,5203239410821441543338455,123820702364930306698243,5201145438689426704423540,123870702410556474961796,0.0237968489605560137701777899540761133640030402521731343916674,0.0238160428064801711582736977459500317362096803431263492744866
0x051e60c094ef79513aa572073929d4c14f11468f1bbb8777098a156f2bf0708e,15686303,23,1666099509,2022-10-18T13:25:09+00:00,False,sell_MOO,2094072132014838914915,7811262934719,0,49702942760978223234,2094.072132014838914915,-49.702934949715288515,5201145438689426704423540,123870702410556474961796,5203239510821441543338455,123820999475606759673281,0.0238160428064801711582736977459500317362096803431263492744866,0.0237969056043047675902586622582931152809206054215891943612628
0xda07ead441b7faaebc4c8959277d3de14d55a0525c38809edef0410ee2cd7f1e,15686364,23,1666099814,2022-10-18T13:30:14+00:00,False,sell_MOO,1095560000000000000000,10582232206384,0,25987269796107137441,1095.56,-25.987259213874931057,5203239510821441543338455,123820999475606759673281,5204335070821441543338455,123795012216392884742224,0.0237969056043047675902586622582931152809206054215891943612628,0.0237869027516042187949870969043778329556171316154650306625175
0xd47ae2fd530ef24fcdf8422f30ffa5cce2c55a49147b87648ca956ad5fbe74d0,15687098,31,1666103484,2022-10-18T14:31:24+00:00,False,buy_MOO,0,2000000127272482441211,82498812482649902810974,0,-82498.812482649902810974,2000.000127272482441211,5204335070821441543338455,123795012216392884742224,5121836258338791640527481,125795012343665367183435,0.0237869027516042187949870969043778329556171316154650306625175,0.0245605298566232425193404989862238223943422769330943584444657
0x179f782c9c83bab506663b94f4c92ac3f213b9199e8f709650e0ac67864eaa5b,15687098,41,1666103484,2022-10-18T14:31:24+00:00,False,sell_MOO,188058048016806897238,0,0,4604780321058879310,188.058048016806897238,-4.60478032105887931,5121836258338791640527481,125795012343665367183435,5122024316386808447424719,125790407563344308304125,0.0245605298566232425193404989862238223943422769330943584444657,0.0245587290870340304794533271354692230888158191932076835044420
0x8d7276ed9f6f29a42ac6d21c114cc81ac680c129ef73700b18b495daade3ffed,15687098,67,1666103484,2022-10-18T14:31:24+00:00,False,sell_MOO,3462561314986129479170,1,0,84723894231848641723,3462.56131498612947917,-84.723894231848641722,5122024316386808447424719,125790407563344308304125,5125486877701794576903889,125705683669112459662403,0.0245587290870340304794533271354692230888158191932076835044420,0.0245256083311791338999291412205464955569350486376508836702535
0x50bba47884ce6ec0408a5d9ca3223c6bf75521bd8b72008f5bfa871ec74498cd,15687100,42,1666103494,2022-10-18T14:31:34+00:00,False,sell_MOO,2043147910298805932442,352113390608,0,49939269747309290421,2043.147910298805932442,-49.939269395195899813,5125486877701794576903889,125705683669112459662403,5127530025612093382836331,125655744399717263762590,0.0245256083311791338999291412205464955569350486376508836702535,0.0245060962631256838716962228366618757282035467269354342025273
0x0125cfbfaa5ec91d230906495bc15226f8605f25d4729dd611130e21a11aae02,15687101,12,1666103499,2022-10-18T14:31:39+00:00,False,sell_MOO,781995904577613920551,175988743862,0,19103271228370942919,781.995904577613920551,-19.103271052382199057,5127530025612093382836331,125655744399717263762590,5128312021516670996756882,125636641128664881563533,0.0245060962631256838716962228366618757282035467269354342025273,0.0244986343657593036550132597535007173115487630800650396612549
0x7e38d22b3fe3614019d9675c8646b2450f4a7ff94a17b6ef20eb2d5511cd4653,15687101,99,1666103499,2022-10-18T14:31:39+00:00,False,sell_MOO,12387239957564327139,0,0,302559322505811653,12.387239957564327139,-0.302559322505811653,5128312021516670996756882,125636641128664881563533,5128324408756628561084021,125636338569342375751880,0.0244986343657593036550132597535007173115487630800650396612549,0.0244985161926998941710287939607067380999039481807862379301846
0x80caccbbbad876abdc227d08abbe79e09aec66fbfc0146166744a0e719e43c55,15687102,32,1666103504,2022-10-18T14:31:44+00:00,False,sell_MOO,178160311689911448093,175962315751,0,4351418574248741365,178.160311689911448093,-4.351418398286425614,5128324408756628561084021,125636338569342375751880,5128502569068318472532114,125631987150944089326266,0.0244985161926998941710287939607067380999039481807862379301846,0.0244968166553472782769456041235760609143416714840960630590076
0x7429128d2fd9315ec7a4aae2607a45e1468c9a63413b422ee14a90280ac1e5f8,15687102,58,1666103504,2022-10-18T14:31:44+00:00,False,sell_MOO,178327826554212524430,0,0,4355207694859571362,178.32782655421252443,-4.355207694859571362,5128502569068318472532114,125631987150944089326266,5128680896894872685056544,125627631943249229754904,0.0244968166553472782769456041235760609143416714840960630590076,0.0244951156971590263275792238754004418362896059441173209049668
0xa48532903ebf2fd7e2aabcbd1fd2bdeb4f5e219d22c7d24307229d6a13ba2b52,15687103,22,1666103509,2022-10-18T14:31:49+00:00,False,sell_MOO,115248845526321799955,175950458475,0,2814501647548420514,115.248845526321799955,-2.814501471597962039,5128680896894872685056544,125627631943249229754904,5128796145740399006856499,125624817441777631792865,0.0244951156971590263275792238754004418362896059441173209049668,0.0244940165044602852506308592212340155513808826769505652583977
0xaf10089e3017c50e6aa21faed6482e91c63ea4d1371c4e6ee81101d1b5e1af6c,15687104,21,1666103514,2022-10-18T14:31:54+00:00,False,sell_MOO,115248845526321799955,175946625534,0,2814375351147363555,115.248845526321799955,-2.814375175200738021,5128796145740399006856499,125624817441777631792865,5128911394585925328656454,125622003066602431054844,0.0244940165044602852506308592212340155513808826769505652583977,0.0244929173857846159519406922262454010705170778379366230719992
0x0332f7ea76dc3967c2e49f81321ab59055b4b1406409549d25f9bc36118cc345,15687112,50,1666103554,2022-10-18T14:32:34+00:00,False,sell_MOO,1657003125705762048,1407542342100,0,40463073110667599,1.657003125705762048,-0.040461665568325499,5128911394585925328656454,125622003066602431054844,5128913051589051034418502,125621962604936862729345,0.0244929173857846159519406922262454010705170778379366230719992,0.0244929015838972727626065863347275483650272717272936136005824
0xb480a407ea93e9801135c1ced1611f8baf64517bcdf3aec1216fc92a645062fc,15687171,122,1666103849,2022-10-18T14:37:29+00:00,False,sell_MOO,82498812482649902810974,10380628785659,0,1982776020770181456830,82498.812482649902810974,-1982.776010389552671171,5128913051589051034418502,125621962604936862729345,5211411864071700937229476,123639186594547310058174,0.0244929015838972727626065863347275483650272717272936136005824,0.0237247006798551945699641589701469442554668163769914658415482
0xa337fe7f35661c34fd1ead2b725ffcda66319aa51ebe72ec2200a7abbd318e6a,15687171,152,1666103849,2022-10-18T14:37:29+00:00,False,buy_MOO,0,63127070330043847346,2651484133127383258530,0,-2651.48413312738325853,63.127070330043847346,5211411864071700937229476,123639186594547310058174,5208760379938573553970946,123702313664877353905520,0.0237247006798551945699641589701469442554668163769914658415482,0.0237488969815762890294846620235298191046905583575828992720778
0xa337fe7f35661c34fd1ead2b725ffcda66319aa51ebe72ec2200a7abbd318e6a,15687171,182,1666103849,2022-10-18T14:37:29+00:00,False,buy_MOO,0,36811015191661580687,1544901091757447362221,0,-1544.901091757447362221,36.811015191661580687,5208760379938573553970946,123702313664877353905520,5207215478846816106608725,123739124680069015486207,0.0237488969815762890294846620235298191046905583575828992720778,0.0237630121478038274601064870334265182936531712740481102938632
0x8f87479fd6c1a9f69b09a982959bc23d5585b4d9a75343fadc9c920666a5bc9e,15687173,33,1666103859,2022-10-18T14:37:39+00:00,False,buy_MOO,0,4673454030225384125,196071855187610432661,0,-196.071855187610432661,4.673454030225384125,5207215478846816106608725,123739124680069015486207,5207019406991628496176064,123743798134099240870332,0.0237630121478038274601064870334265182936531712740481102938632,0.0237648044806486714179279112756510111268017591568419222162041
0x753d0136b2287560c353dd4b08277bb09f50256c02ef7349d6fb53b851274ea5,15687183,22,1666103909,2022-10-18T14:38:29+00:00,False,buy_MOO,0,40001733982919313,1678111308679192970,0,-1.67811130867919297,0.040001733982919313,5207019406991628496176064,123743798134099240870332,5207017728880319816983094,123743838135833223789645,0.0237648044806486714179279112756510111268017591568419222162041,0.0237648198218142463665276920053023139808162414398779910866435
0xd81f3d534eca8f91eb77c89c309c65fb6f646cffe663f33681dd5c5e4729d7be,15687184,34,1666103914,2022-10-18T14:38:34+00:00,False,buy_MOO,0,10024637716609151,420554003482005613,0,-0.420554003482005613,0.010024637716609151,5207017728880319816983094,123743838135833223789645,5207017308326316334977481,123743848160470940398796,0.0237648198218142463665276920053023139808162414398779910866435,0.0237648236664390381240072326340331851712148012737580537052182
0x1b6db2a2d4b2f37f4d62adda4c5ffa3bdcdda9fd134452fb2dd10afae85f0a12,15687771,32,1666106849,2022-10-18T15:27:29+00:00,False,buy_MOO,0,1000101784850284530,41952424358923334520,0,-41.95242435892333452,1.00010178485028453,5207017308326316334977481,123743848160470940398796,5206975355901957411642961,123744848262255790683326,0.0237648236664390381240072326340331851712148012737580537052182,0.0237652072084409905762732240551583668981423918772964326376785
0xa9f6a903437267b6a54f978172a82a259ff89e3d1297cb5de2f0f4057afad93d,15687961,49,1666107799,2022-10-18T15:43:19+00:00,False,sell_MOO,11120731178866055388,519974245723,0,263493060338134687,11.120731178866055388,-0.263492540363888964,5206975368158682343205739,123744848585954512735866,5206986488889861209261127,123744585093414148846902,0.0237652072146663156575686753087673111883877905315003658702310,0.0237651058548831984241279152134320947833864578641317286391804
0x6c07356ff55a3db7222948e8d645d2e03e5a759eff4efd7f9e44f9371c92800f,15688112,60,1666108554,2022-10-18T15:55:54+00:00,False,buy_MOO,0,10913158826159742573,457790372788822309895,0,-457.790372788822309895,10.913158826159742573,5206986488889861209261127,123744585093414148846902,5206528698517072386951232,123755498252240308589475,0.0237651058548831984241279152134320947833864578641317286391804,0.0237692914834961818750670485480420350541784895356758807703504
0xd03b33aa103d40fd86dcc534d40e251a586c4e1600670073bcc8b709da7e00fa,15688117,53,1666108579,2022-10-18T15:56:19+00:00,False,buy_MOO,0,9844254107059691092,412883277216525253153,0,-412.883277216525253153,9.844254107059691092,5206114108430489402725143,123745643740492771435356,5205701225153272877471990,123755487994599831126448,0.0237692914836626441729452465942593272547211580684185410180619,0.0237730677659004651431242719768358902546652897109869029282715
0xd03b33aa103d40fd86dcc534d40e251a586c4e1600670073bcc8b709da7e00fa,15688117,84,1666108579,2022-10-18T15:56:19+00:00,False,buy_MOO,0,9677835061688804,405871084844128530,0,-0.40587108484412853,0.009677835061688804,5205701225153272877471990,123755487994599831126448,5205700819282188033343460,123755497672434892815252,0.0237730677659004651431242719768358902546652897109869029282715,0.0237730714784910532001518600447538040085271896657177169974517
0x0e9893e4431237c9c06e08de6351f9b29fd9d612eda0b183d6c56f1b0c1c0912,15688236,47,1666109174,2022-10-18T16:06:14+00:00,False,sell_MOO,31332421119227081876,20593185653275,0,742628826826161730,31.332421119227081876,-0.742608233640508455,5205700819282188033343460,123755497672434892815252,5205732151703307260425336,123754755064201252306797,0.0237730714784910532001518600447538040085271896657177169974517,0.0237727857403706208270219636365578291957093555410432196397645
0xe9d12bff0bcb3189ba3012b67640d42b29eeace42e6c121ce46061b438cf2213,15688252,67,1666109254,2022-10-18T16:07:34+00:00,False,sell_MOO,191627952283988192,11836175342167,0,4541863494069932,0.191627952283988192,-0.004530027318727765,5205732151703307260425336,123754755064201252306797,5205732343331259544413528,123754750534173933579032,0.0237727857403706208270219636365578291957093555410432196397645,0.0237727839950719825134473389896114629790268175604315056096554
0x8d87b97d0a1a104a3c03e6bafde0b7afdde8c9425e6fa025870112f49d33ede3,15688259,33,1666109289,2022-10-18T16:08:09+00:00,True,buy_MOO,0,150000000001514759155218,2848531796185680747859642,0,-2848531.796185680747859642,150000.000001514759155218,5205732343331259544413528,123754750534173933579032,2357200547145578796553886,273754750535688692734250,0.0237727839950719825134473389896114629790268175604315056096554,0.116135536650535921104860179721307661011136626746806186007509
0x0bdddc701349c3e813e9895e7e69302520932676323c8f382dc2a30cc754771a,15688259,48,1666109289,2022-10-18T16:08:09+00:00,False,sell_MOO,111996151888481230738850,0,0,12381216993875481015363,111996.15188848123073885,-12381.216993875481015363,2357200547145578796553886,273754750535688692734250,2469196699034060027292736,261373533541813211718887,0.116135536650535921104860179721307661011136626746806186007509,0.105853670403844903575215642073509760919682646700428425791188
0xa84e030f11866b73013498177a393d84ff1078708cb0be6f40b17592d7809a89,15688259,66,1666109289,2022-10-18T16:08:09+00:00,False,sell_MOO,83859138425978413171694,1,0,8560313062074078464429,83859.138425978413171694,-8560.313062074078464428,2469196699034060027292736,261373533541813211718887,2553055837460038440464430,252813220479739133254459,0.105853670403844903575215642073509760919682646700428425791188,0.0990237725200932968766130438450411113971536257567698399697522
0xa84e030f11866b73013498177a393d84ff1078708cb0be6f40b17592d7809a89,15688259,101,1666109289,2022-10-18T16:08:09+00:00,False,sell_MOO,3197768772186064,0,0,315705161692161,0.003197768772186064,-0.000315705161692161,2553055837460038440464430,252813220479739133254459,2553055840657807212650494,252813220164033971562298,0.0990237725200932968766130438450411113971536257567698399697522,0.0990237722724056908749984638925943556653616274532729335363836
0x037fad47b11cbedd90e31d1ebd5f084eb49c5fc494f39704edaf49808ca2258b,15688259,136,1666109289,2022-10-18T16:08:09+00:00,False,sell_MOO,44443479924675054,0,0,4387758075796346,0.044443479924675054,-0.004387758075796346,2553055840657807212650494,252813220164033971562298,2553055885101287137325548,252813215776275895765952,0.0990237722724056908749984638925943556653616274532729335363836,0.0990237688299745391957908705343140222669784394887692177966110
0xed168139cf435ea29b9b093f5c666d6d4896649c44ad11b20788e1a710f77d36,15688259,179,1666109289,2022-10-18T16:08:09+00:00,False,sell_MOO,17290720706738490720,0,0,1707044226803258268,17.29072070673849072,-1.707044226803258268,2553055885101287137325548,252813215776275895765952,2553073175821993875816268,252811508732049092507684,0.0990237688299745391957908705343140222669784394887692177966110,0.0990224295669289862149057401120710369791367673464553452295889
0xabe1cf04eedfd3eb8a371f7f580d21e2245f8d5ce2d4b3b85469481d446dae92,15688260,58,1666109294,2022-10-18T16:08:14+00:00,False,sell_MOO,43549451449550102761806,549907354112,0,4227539775576446025108,43549.451449550102761806,-4227.539775026538670996,2553073175821993875816268,252811508732049092507684,2596622627271543978578074,248583968957022553836688,0.0990224295669289862149057401120710369791367673464553452295889,0.0957335757403560042984429960426764519677411106420969749360914
0x0add9a4980718a2e2ee0007742373d986aa2ff8af12e436631571ce59109f545,15688260,304,1666109294,2022-10-18T16:08:14+00:00,False,sell_MOO,172263504999623079713,0,0,16440839663551328241,172.263504999623079713,-16.440839663551328241,2596622627271543978578074,248583968957022553836688,2596794890776543601657787,248567528117359002508447,0.0957335757403560042984429960426764519677411106420969749360914,0.0957208938604417674420781068503818948529737146374607470855840
0xa287c884eafa5c8cbecb6a4134b29622a19c85e92f2f560dde68517591e4033f,15688261,78,1666109299,2022-10-18T16:08:19+00:00,False,sell_MOO,338436723222060455122,541171991295,0,32294083047924895530,338.436723222060455122,-32.294082506752904235,2596794890776543601657787,248567528117359002508447,2597133327499765662112909,248535234034852249604212,0.0957208938604417674420781068503818948529737146374607470855840,0.0956959858022054798799419661934174949717553403534320920469501
0xb9b40a8ceed8e4040dd892060616f667a7626e18fdabad44a49738e38fe1cbbd,15688261,143,1666109299,2022-10-18T16:08:19+00:00,False,sell_MOO,220361222772400415869,0,0,21022643017210530926,220.361222772400415869,-21.022643017210530926,2597133327499765662112909,248535234034852249604212,2597353688722538062528778,248514211391835039073286,0.0956959858022054798799419661934174949717553403534320920469501,0.0956797730208481184144410431584107114117883893128331754843014
0x0c3b18e3bbd2e8390119f0d98ae2d67d9b4f1b5ebc05c9dd876e42c5d8720b07,15688261,165,1666109299,2022-10-18T16:08:19+00:00,False,sell_MOO,32185330236979855757,0,0,3070208705780910238,32.185330236979855757,-3.070208705780910238,2597353688722538062528778,248514211391835039073286,2597385874052775042384535,248511141183129258163048,0.0956797730208481184144410431584107114117883893128331754843014,0.0956774053734920247122355843049645281168151320320206552726386
0x25ef403a62088b614a39ae49de7e7cafebb3ed921f8b594988c50c993419e06d,15688261,221,1666109299,2022-10-18T16:08:19+00:00,False,sell_MOO,159586811392961661442,1,0,15222113028882878870,159.586811392961661442,-15.222113028882878869,2597385874052775042384535,248511141183129258163048,2597545460864168004045977,248495919070100375284179,0.0956774053734920247122355843049645281168151320320206552726386,0.0956656669975774617546656494968664105797151620005778988777353
0xb2a1cb6cd167042376d6131a6d48eb98c1bf218884f83d3d72b82ff904a4c097,15688263,294,1666109309,2022-10-18T16:08:29+00:00,False,sell_MOO,30021933684493626000,1082048919189,0,2863419109986744446,30.021933684493626,-2.863418027937825257,2597545460864168004045977,248495919070100375284179,2597575482797852497671977,248493055652072437458922,0.0956656669975774617546656494968664105797151620005778988777353,0.0956634589823046026787026586824136396955224152784164794826803
0xf26f08c7b2f5d4eeadc32f4ad223f49a0069b2f0dbdd770277557adf71ee3c24,15688263,326,1666109309,2022-10-18T16:08:29+00:00,False,sell_MOO,120220258555407281726,0,0,11465654657581485756,120.220258555407281726,-11.465654657581485756,2597575482797852497671977,248493055652072437458922,2597695703056407904953703,248481589997414855973166,0.0956634589823046026787026586824136396955224152784164794826803,0.0956546179389122927521295828366019776109275368889105154341241
0xd3c87201d4ac41d223e031c35e9792a59a3cff61e26e34ecf6be2c2bb59fe60d,15688263,367,1666109309,2022-10-18T16:08:29+00:00,False,sell_MOO,26780534123741590208730,0,0,2528012752240097031629,26780.53412374159020873,-2528.012752240097031629,2597695703056407904953703,248481589997414855973166,2624476237180149495162433,245953577245174758941537,0.0956546179389122927521295828366019776109275368889105154341241,0.0937152997466031143200594213290543286444046480739403190523650
0x68640bdc2e60feb811d3963ce660f98f993d7de45cb7651330805e817907cc1d,15688264,68,1666109314,2022-10-18T16:08:34+00:00,False,sell_MOO,3273895018289611668411,535783698701,0,305513642077827882793,3273.895018289611668411,-305.513641542044184092,2624476237180149495162433,245953577245174758941537,2627750132198439106830844,245648063603632714757445,0.0937152997466031143200594213290543286444046480739403190523650,0.0934822761851095876442934090360066927674184194237935550700056
0x9d454cf2111c8f77eb9fdd0b7f040391fcd9dce42ed19e3e84b999f7da1e775d,15688264,102,1666109314,2022-10-18T16:08:34+00:00,False,sell_MOO,2165642175107717437,0,0,201841646604382646,2.165642175107717437,-0.201841646604382646,2627750132198439106830844,245648063603632714757445,2627752297840614214548281,245647861761986110374799,0.0934822761851095876442934090360066927674184194237935550700056,0.0934821223308795416257304767847033213418913962288899169239450
0x1108c4ac15fdf65cbd3df9af3d84c25bc0fe8693ab9fb3a408909f9679757b07,15688266,10,1666109324,2022-10-18T16:08:44+00:00,False,sell_MOO,7863070808535038854054,1070306193207,0,730671535110909476622,7863.070808535038854054,-730.671534040603283415,2627752297840614214548281,245647861761986110374799,2635615368649149253402335,244917190227945507091384,0.0934821223308795416257304767847033213418913962288899169239450,0.0929259986647727971650225859636183860824260747647359725724124
0xf75641d0e89816d4f20bb1c5dc2f64a411af80ce3c5decd432a7f17c4b9eb941,15688266,64,1666109324,2022-10-18T16:08:44+00:00,False,sell_MOO,6996547882906767087819,0,0,646499655639898557006,6996.547882906767087819,-646.499655639898557006,2635615368649149253402335,244917190227945507091384,2642611916532056020490154,244270690572305608534378,0.0929259986647727971650225859636183860824260747647359725724124,0.0924353247043804057074607320540638496151750704845621411519011
0x57051c0d83db3ea6dedac951034d4899f9e8b00c4748ab103ac6edd623a2c21a,15688266,281,1666109324,2022-10-18T16:08:44+00:00,False,sell_MOO,5151282615129919970574,0,0,473811163421035916805,5151.282615129919970574,-473.811163421035916805,2642611916532056020490154,244270690572305608534378,2647763199147185940460728,243796879408884572617573,0.0924353247043804057074607320540638496151750704845621411519011,0.0920765419986986533341884471483270683965644112469790924048017
0x4ca63ef5bba3a654cd8f932edaa7ec86860d02cc94032a85f0e286fe40a6e2c0,15688267,53,1666109329,2022-10-18T16:08:49+00:00,False,sell_MOO,3155948858729115138064,531333252108,0,289373213136437002327,3155.948858729115138064,-289.373212605103750219,2647763199147185940460728,243796879408884572617573,2650919148005915055598792,243507506196279468867354,0.0920765419986986533341884471483270683965644112469790924048017,0.0918577642699709093823016864186380869309688245824687071330252
0x3d34043752265908f894327e481c665aa1e68e6819f8405ac0d792a72c1a9f97,15688267,104,1666109329,2022-10-18T16:08:49+00:00,False,sell_MOO,51177962522765237915,0,0,4686899724954787422,51.177962522765237915,-4.686899724954787422,2650919148005915055598792,243507506196279468867354,2650970325968437820836707,243502819296554514079932,0.0918577642699709093823016864186380869309688245824687071330252,0.0918542229278252711459755045606595696031184589578466548474801
0xce050a966c3067d4234788f302d1a6ca81e5f1c9f57f20b27513f49bbfe3e4be,15688269,15,1666109339,2022-10-18T16:08:59+00:00,False,sell_MOO,5031422491284557006908,1061452137786,0,459900678750311497906,5031.422491284557006908,-459.90067768885936012,2650970325968437820836707,243502819296554514079932,2656001748459722377843615,243042918618865654719812,0.0918542229278252711459755045606595696031184589578466548474801,0.0915070627343569844104216142374483348898704787203369465788622
0x1eb0eda439e526201b3aa08dc80110c50d758e0cfcdf2067597b8bde0e377e4e,15688269,256,1666109339,2022-10-18T16:08:59+00:00,True,buy_MOO,0,50000000000000000000000,452048099302148772323792,0,-452048.099302148772323792,50000,2656001748459722377843615,243042918618865654719812,2203953649157573605519823,293042918618865654719812,0.0915070627343569844104216142374483348898704787203369465788622,0.132962378192879270207133891382638480860482134095413113225665
0x54ecf7830173d7798ded53acb7cc9eae1a05a0f6119387cfa437d56d50d9d81f,15688269,267,1666109339,2022-10-18T16:08:59+00:00,False,sell_MOO,24094790444082631952487,0,0,3159650194447639202784,24094.790444082631952487,-3159.650194447639202784,2203953649157573605519823,293042918618865654719812,2228048439601656237472310,289883268424418015517028,0.132962378192879270207133891382638480860482134095413113225665,0.130106358224529926190008111157409286200331429695230510152952
0x521c8027bdf2a137cc906c0925294c934f954a4cdad2902cca136c50021c5194,15688269,316,1666109339,2022-10-18T16:08:59+00:00,False,sell_MOO,61284298302412224966,0,0,7949338440757783345,61.284298302412224966,-7.949338440757783345,2228048439601656237472310,289883268424418015517028,2228109723899958649697276,289875319085977257733683,0.130106358224529926190008111157409286200331429695230510152952,0.130099211890963659994589750808555707544344298304723258089358
0xc34b4459bee1a5c87d63cb68b7cd85b8843b95bdf4818584f77fecc9cb8fcaf1,15688269,371,1666109339,2022-10-18T16:08:59+00:00,False,sell_MOO,89401392017433215389,0,0,11595693617956352430,89.401392017433215389,-11.59569361795635243,2228109723899958649697276,289875319085977257733683,2228199125291976082912665,289863723392359301381253,0.130099211890963659994589750808555707544344298304723258089358,0.130088787892498829816901876253348213785989974422194521435303
0x47fae00a50bf6db41d0eb79c23fa7c65ad2709d531d34de2fa2635d7ce38e856,15688270,112,1666109344,2022-10-18T16:09:04+00:00,False,sell_MOO,949622096448787033544,625437233155,0,123112270885530593496,949.622096448787033544,-123.112270260093360341,2228199125291976082912665,289863723392359301381253,2229148747388424869946209,289740611122099208020912,0.130088787892498829816901876253348213785989974422194521435303,0.129978141414540815003817698140929680219218006757091218306389
0x779798f199f55a005bb8c6eac3c1d1a9126c24278a886252dde4ede41f35755e,15688270,292,1666109344,2022-10-18T16:09:04+00:00,False,sell_MOO,248102911593108952,0,0,32151207894748383,0.248102911593108952,-0.032151207894748383,2229148747388424869946209,289740611122099208020912,2229148995491336463055161,289740578970891313272529,0.129978141414540815003817698140929680219218006757091218306389,0.129978112524967550313937504197195069969665896258785233862704
0x773e655d892bad35b4417e830eb1589eb2f9289b71161f6086c152094bfb7523,15688271,28,1666109349,2022-10-18T16:09:09+00:00,False,sell_MOO,13012373905939438472232,625188089354,0,1676492873263421172514,13012.373905939438472232,-1676.49287263823308316,2229148995491336463055161,289740578970891313272529,2242161369397275901527393,288064086098253080189369,0.129978112524967550313937504197195069969665896258785233862704,0.128476072253304723117918853378427875518298430709490533729635
0x0f63032fbc7c9cdefef321d47aff5f9215ddb74aab8c75d0698f63a76363cc7b,15688273,122,1666109359,2022-10-18T16:09:19+00:00,False,buy_MOO,0,238096656690626966,1847666472696735153,0,-1.847666472696735153,0.238096656690626966,2242161369397275901527393,288064086098253080189369,2242159521730803204792240,288064324194909770816335,0.128476072253304723117918853378427875518298430709490533729635,0.128476284315641648094254880079361712979196273558004999077990
0x3e172aba0e1370199a0b58d8d0429d965c40ede1f885db3860394d98da6af846,15688275,16,1666109369,2022-10-18T16:09:29+00:00,False,sell_MOO,4896299580818239849071,1243590822043,0,625808696525645226532,4896.299580818239849071,-625.808695282054404489,2242159521730803204792240,288064324194909770816335,2247055821311621444641311,287438515499627716411846,0.128476284315641648094254880079361712979196273558004999077990,0.127917834872410041438626509548974490577473631466906443871395
0xee59f953416c27eeab23f906b025f875ff6f03a579b6ff9426f64b1761535997,15688275,185,1666109369,2022-10-18T16:09:29+00:00,False,sell_MOO,2513913134474904113457,0,0,320252391965768277456,2513.913134474904113457,-320.252391965768277456,2247055821311621444641311,287438515499627716411846,2249569734446096348754768,287118263107661948134390,0.127917834872410041438626509548974490577473631466906443871395,0.127632523993908581452470796221317694000989568361611648488710
0xe1e118bfddd6bf4dba1c0ddd837f96e6b31b6c4db3b043d46d073d5cdc55f977,15688275,204,1666109369,2022-10-18T16:09:29+00:00,False,sell_MOO,4743087960915546062492,0,0,602290086904833328533,4743.087960915546062492,-602.290086904833328533,2249569734446096348754768,287118263107661948134390,2254312822407011894817260,286515973020757114805857,0.127632523993908581452470796221317694000989568361611648488710,0.127096812018676971585313629481052286399624290904988555704270
0x0bdf35f98479b644cbcf51afc00d04e7e4d96d2968d075da8780293a44bfa580,15688276,73,1666109374,2022-10-18T16:09:34+00:00,False,buy_MOO,0,111541874985315551,874975442952398631,0,-0.874975442952398631,0.111541874985315551,2254312822407011894817260,286515973020757114805857,2254311947431568942418629,286516084562632100121408,0.127096812018676971585313629481052286399624290904988555704270,0.127096910828632990751931664314430068045073381985015105484301
0xe5872fc7c63f1c5627ab49c33f51c1b5f9b53a86928133d28ec9ed054c37062d,15688276,141,1666109374,2022-10-18T16:09:34+00:00,False,buy_MOO,0,4704815825986038483,36905889807330547767,0,-36.905889807330547767,4.704815825986038483,2254311947431568942418629,286516084562632100121408,2254275041541761611870862,286520789378458086159891,0.127096910828632990751931664314430068045073381985015105484301,0.127101078660968770808477108247085934752903714773707706257450
0x65764a88e72e721b3add4ad7edfe317a4715100b0c289ec87eb32e1eed13f306,15688278,54,1666109384,2022-10-18T16:09:44+00:00,False,sell_MOO,485649539427541806940,1237339192032,0,61528185018495347411,485.64953942754180694,-61.528183781156155379,2254275041541761611870862,286520789378458086159891,2254760691081189153677802,286459261194676930004512,0.127101078660968770808477108247085934752903714773707706257450,0.127046414427828136701943833985169559598429478887879278113567
0xa397158e977e548a41da27a172268c9a3268600b6649704aad5bb4ddf5b8c1e8,15688279,106,1666109389,2022-10-18T16:09:49+00:00,False,sell_MOO,2936655514304395002295,2619453316163,0,371489892824715775692,2936.655514304395002295,-371.489890205262459529,2254760691081189153677802,286459261194676930004512,2257697346595493548680097,286087771304471667544983,0.127046414427828136701943833985169559598429478887879278113567,0.126716617590873820896565267300574350319195196987802458847441
0x4d70a45cb8069e9fc4317ff3fd10b8a0ff5699f5bc25de89437eb8bcc0edfed1,15688281,38,1666109399,2022-10-18T16:09:59+00:00,False,sell_MOO,14732945067367091276,5232532664211,0,1861296129460099549,14.732945067367091276,-1.861290896927435338,2257697346595493548680097,286087771304471667544983,2257712079540560915771373,286085910013574740109645,0.126716617590873820896565267300574350319195196987802458847441,0.126714966273198373537632228588935979462256144930749735801951
0xb60a781ab3b440ce551b4711b4a6a6aa512584b20ea0e95c3caec1da63b0e1b9,15688283,49,1666109409,2022-10-18T16:10:09+00:00,False,sell_MOO,1287906315049471086639,5232500735034,0,162614929261252774915,1287.906315049471086639,-162.614924028752039881,2257712079540560915771373,286085910013574740109645,2258999985855610386858012,285923295089545988069764,0.126714966273198373537632228588935979462256144930749735801951,0.126570737883936174556453277061494884347649885933130970868511
0x031d0858fdb2f3fa6809cd01cd7e039ce9dfe161b1d299a983cbf09acd330d47,15688284,87,1666109414,2022-10-18T16:10:14+00:00,True,buy_MOO,0,100000000002614855145002,584047440747855365968905,0,-584047.440747855365968905,100000.000002614855145002,2258999985855610386858012,285923295089545988069764,1674952545107755020889107,385923295092160843214766,0.126570737883936174556453277061494884347649885933130970868511,0.230408494986544929859169917915569688787399312059412162087466
0x4b6d97cfdadc690fdfdc65c3f1d5e3d23ac56a217e2b8915de8dca79792c65ce,15688284,98,1666109414,2022-10-18T16:10:14+00:00,False,sell_MOO,17463232356335729845623,0,0,3970335105311540562718,17463.232356335729845623,-3970.335105311540562718,1674952545107755020889107,385923295092160843214766,1692415777464090750734730,381952959986849302652048,0.230408494986544929859169917915569688787399312059412162087466,0.225685062189130698886813855531302101707468078671480776192720
0xe59c1453e4266efee73e8e82d48363080a4e04b1a2edcffcae6ad0551e01e1de,15688284,113,1666109414,2022-10-18T16:10:14+00:00,False,sell_MOO,13130236460641707803813,0,0,2931731378444253662130,13130.236460641707803813,-2931.73137844425366213,1692415777464090750734730,381952959986849302652048,1705546013924732458538543,379021228608405048989918,0.225685062189130698886813855531302101707468078671480776192720,0.222228673699759621320623751912075060537397505066765363714377
0xe5432a1655c05585fb857b5a9840b32a827fe815621c03c3e15acf7ac576e64f,15688284,127,1666109414,2022-10-18T16:10:14+00:00,False,sell_MOO,50758988771373538,0,0,11246262111046878,0.050758988771373538,-0.011246262111046878,1705546013924732458538543,379021228608405048989918,1705546064683721229912081,379021217362142937943040,0.222228673699759621320623751912075060537397505066765363714377,0.222228660492045487708213769786513574606359355289921798761211
0x52d8aae411132e56da3af709678faa083706bdbf110b52adc70a26398457fb66,15688284,184,1666109414,2022-10-18T16:10:14+00:00,False,sell_MOO,26692602598685168,1,0,5914065644310389,0.026692602598685168,-0.005914065644310388,1705546064683721229912081,379021217362142937943040,1705546091376323828597249,379021211448077293632652,0.222228660492045487708213769786513574606359355289921798761211,0.222228653546512309356298053039199144410927495738575328817029
0x5c618afd1ffdc76204e1969b4342a9ba036296710d3d89717f8cbebadcd1eb59,15688284,221,1666109414,2022-10-18T16:10:14+00:00,False,sell_MOO,3010124694901940,0,0,666929148907764,0.00301012469490194,-0.000666929148907764,1705546091376323828597249,379021211448077293632652,1705546094386448523499189,379021210781148144724888,0.222228653546512309356298053039199144410927495738575328817029,0.222228652763264579342005420881239701719427827329820257711354
0x6c541204e8e9d9e33000ec45f3494bba2062ae350ea98c4ae770da1ad199c1e7,15688285,87,1666109419,2022-10-18T16:10:19+00:00,False,sell_MOO,242325938052949261851,3397569269016,0,53682607038578119460,242.325938052949261851,-53.682603641008850444,1705546094386448523499189,379021210781148144724888,1705788420324501472761040,378967528177507135874444,0.222228652763264579342005420881239701719427827329820257711354,0.222165611902450403324488043148967491176714726129351282477238
0x403c2e224ba857bcf2ee6430de115fe484e439788432806727058945745bada0,15688285,284,1666109419,2022-10-18T16:10:19+00:00,False,sell_MOO,16991742850647233903,0,0,3763618627077512291,16.991742850647233903,-3.763618627077512291,1705788420324501472761040,378967528177507135874444,1705805412067352119994943,378963764558880058362153,0.222165611902450403324488043148967491176714726129351282477238,0.222161192524060904471472515310159552106076055254846846301569
0x29b86c6691a9c0c3a365e376e36c7345210fd1ec99f49ed50a9f83f60cb97254,15688286,45,1666109424,2022-10-18T16:10:24+00:00,False,sell_MOO,19851161357820969691154,3397096070009,0,4346496974574363377915,19851.161357820969691154,-4346.496971177267307906,1705805412067352119994943,378963764558880058362153,1725656573425173089686097,374617267587702791054247,0.222161192524060904471472515310159552106076055254846846301569,0.217086802412917488735037903707683893647983795720174534734327
0x936f39d7b006f73bfc7ff10821108a2d2006f01da0ffee88617d23884133a451,15688286,96,1666109424,2022-10-18T16:10:24+00:00,False,sell_MOO,5526004362127353758780,0,0,1192217410186318387593,5526.00436212735375878,-1192.217410186318387593,1725656573425173089686097,374617267587702791054247,1731182577787300443444877,373425050177516472666654,0.217086802412917488735037903707683893647983795720174534734327,0.215705180359894350135867850281550871037031493227535947597899
0x6a68a0ec8dfde38173f7506e40a77243836b88471a6417ea75e2275443d0c2c8,15688288,81,1666109434,2022-10-18T16:10:34+00:00,False,buy_MOO,0,84589132389715414335,390824419806627014318,0,-390.824419806627014318,84.589132389715414335,1731182577787300443444877,373425050177516472666654,1730791753367493816430559,373509639309906188080989,0.215705180359894350135867850281550871037031493227535947597899,0.215802761125474352661036832605616597285592321643527474901386
0x73bb4f9392ac55a88d890a4fa23ed35465c5b82ca893fecccaeb67e66c333469,15688289,48,1666109439,2022-10-18T16:10:39+00:00,False,buy_MOO,0,196374215898508167154,906765588460837975156,0,-906.765588460837975156,196.374215898508167154,1730791753367493816430559,373509639309906188080989,1729884987779032978455403,373706013525804696248143,0.215802761125474352661036832605616597285592321643527474901386,0.216029398581924724477036442837468559417461590467073784491679
0xadc22d458467b0586251f13eeee2d23e4ce7e86a07f1bc29d104497d93055d44,15688291,185,1666109449,2022-10-18T16:10:49+00:00,False,sell_MOO,1545379781886173066625,0,0,332549732899198188567,1545.379781886173066625,-332.549732899198188567,1729884987779032978455403,373706013525804696248143,1731430367560919151522028,373373463792905498059576,0.216029398581924724477036442837468559417461590467073784491679,0.215644516111196494367656753318698151553963290736039297857459
0xca0696879d1fdec3bc4fe80d7a6100c9320f5fcae8adde41341455c8a8be5bad,15688292,43,1666109454,2022-10-18T16:10:54+00:00,False,sell_MOO,227837079095011013758,5746673110059,0,48977995596190824527,227.837079095011013758,-48.977989849517714468,1731430367560919151522028,373373463792905498059576,1731658204640014162535786,373324485803055980345108,0.215644516111196494367656753318698151553963290736039297857459,0.215587859545680122545186104598412792778480323973584839856161
0xb5715fd77b07f5018ca2526c434baf09d96eed19d4ace2db9379cfb93b9911f3,15688292,166,1666109454,2022-10-18T16:10:54+00:00,False,sell_MOO,23373389255774663900,1688404116617655,0,5023834296362564776,23.3733892557746639,-5.022145892245947121,1731658204640014162535786,373324485803055980345108,1731681578029269937199686,373319463657163734397987,0.215587859545680122545186104598412792778480323973584839856161,0.215582049490887210528498867093155505020922582374708707651567
0x59fc0194a7cb44e504386f06edf3cf7832631a250e91757857e3b0529cf23984,15688292,184,1666109454,2022-10-18T16:10:54+00:00,False,sell_MOO,720623480530385111464,1,0,154823191410481893618,720.623480530385111464,-154.823191410481893617,1731681578029269937199686,373319463657163734397987,1732402201509800322311150,373164640465753252504370,0.215582049490887210528498867093155505020922582374708707651567,0.215403005226233103252243002685266641456933124298123786908665
0x59fc0194a7cb44e504386f06edf3cf7832631a250e91757857e3b0529cf23984,15688292,219,1666109454,2022-10-18T16:10:54+00:00,False,sell_MOO,472437549865881815,0,0,101459147033185443,0.472437549865881815,-0.101459147033185443,1732402201509800322311150,373164640465753252504370,1732402673947350188192965,373164539006606219318927,0.215403005226233103252243002685266641456933124298123786908665,0.215402887918855256183093713134034228040863757378965861795773
0x996474b540075d3862b7480277db499fa4b2d9bfcef0a8a1fc5d4f3a362a8f1a,15688299,102,1666109489,2022-10-18T16:11:29+00:00,True,buy_MOO,0,120000000034436649012114,420581872741806301468560,0,-420581.87274180630146856,120000.000034436649012114,1732402673947350188192965,373164539006606219318927,1311820801205543886724405,493164539041042868331041,0.215402887918855256183093713134034228040863757378965861795773,0.375938953390456959738406788419882931357860739592227850370158
0xe728cda91d66ac1bb76e5dc7a9de05231fb0968736da818b28247ca7e152b75a,15688299,113,1666109489,2022-10-18T16:11:29+00:00,False,sell_MOO,10566052239533544342975,0,0,3928725089148744667460,10566.052239533544342975,-3928.72508914874466746,1311820801205543886724405,493164539041042868331041,1322386853445077431067380,489235813951894123663581,0.375938953390456959738406788419882931357860739592227850370158,0.369964214841775503748858957021624407199757513675551468472758
0xac3c0ff0a8bc6944fadfcc3ff37f9b2507cb5bf722b41316171e378e116fc070,15688299,128,1666109489,2022-10-18T16:11:29+00:00,False,sell_MOO,8438663698762127302054,0,0,3092959416638810318860,8438.663698762127302054,-3092.95941663881031886,1322386853445077431067380,489235813951894123663581,1330825517143839558369434,486142854535255313344721,0.369964214841775503748858957021624407199757513675551468472758,0.365294208949790940666545189269137562091316929997768333320558
0xb9ca7443f755d0073849e01938fb3beca09d7aa7c1e3fc662b21350c9e768b6e,15688299,142,1666109489,2022-10-18T16:11:29+00:00,False,sell_MOO,337184205907484029738,0,0,122770910956641187148,337.184205907484029738,-122.770910956641187148,1330825517143839558369434,486142854535255313344721,1331162701349747042399172,486020083624298672157573,0.365294208949790940666545189269137562091316929997768333320558,0.365109451407775525837633354858361967924529303069448708620907
0xb9ca7443f755d0073849e01938fb3beca09d7aa7c1e3fc662b21350c9e768b6e,15688299,185,1666109489,2022-10-18T16:11:29+00:00,False,sell_MOO,6269869578985651916,1,0,2282310358862452402,6.269869578985651916,-2.282310358862452401,1331162701349747042399172,486020083624298672157573,1331168971219326028051088,486017801313939809705172,0.365109451407775525837633354858361967924529303069448708620907,0.365106017208887118157740326315740506906168054717033395185414
0xd1cb430ca83293f81bf7736df900d74afc92be8d44e0a06e8e04d48d0bfbb6c7,15688299,226,1666109489,2022-10-18T16:11:29+00:00,False,sell_MOO,12045596052471774266067,0,0,4345521677644659672330,12045.596052471774266067,-4345.52167764465967233,1331168971219326028051088,486017801313939809705172,1343214567271797802317155,481672279636295150032842,0.365106017208887118157740326315740506906168054717033395185414,0.358596676489757992212639526319671207160004338727000149274518
0xd1cb430ca83293f81bf7736df900d74afc92be8d44e0a06e8e04d48d0bfbb6c7,15688299,261,1666109489,2022-10-18T16:11:29+00:00,False,sell_MOO,17488715874780272,0,0,6252581121438897,0.017488715874780272,-0.006252581121438897,1343214567271797802317155,481672279636295150032842,1343214584760513677097427,481672273383714028593945,0.358596676489757992212639526319671207160004338727000149274518,0.358596667165874338550767060743023954750222483920570718986508
0x54728addd71fad363a4cd55979f495c381eae055105274f6da75ad126962314e,15688299,342,1666109489,2022-10-18T16:11:29+00:00,False,sell_MOO,9706897425287196729,0,0,3470393478066230183,9.706897425287196729,-3.470393478066230183,1343214584760513677097427,481672273383714028593945,1343224291657938964294156,481668802990235962363762,0.358596667165874338550767060743023954750222483920570718986508,0.358591492114629013537670588950220395937311943208518211909871
0xd0733186cbcf4fc4bffb72addb836e0fa39e7435f5461fc3250258c85f70c310,15688299,377,1666109489,2022-10-18T16:11:29+00:00,False,sell_MOO,1690340705938897,0,0,604323369778738,0.001690340705938897,-0.000604323369778738,1343224291657938964294156,481668802990235962363762,1343224293348279670233053,481668802385912592585024,0.358591492114629013537670588950220395937311943208518211909871,0.358591491213465170910826899344137985742206543399963813788500
0xa66cc5e68b1da93851cc44a9c653d9f2ae1142beb3a2a574d080b634a9bd0992,15688300,16,1666109494,2022-10-18T16:11:34+00:00,False,buy_MOO,0,150706558557708223129,418882142603233659323,0,-418.882142603233659323,150.706558557708223129,1343224293348279670233053,481668802385912592585024,1342805411205676436573730,481819508944470300808153,0.358591491213465170910826899344137985742206543399963813788500,0.358815584837310720318281489060541772062495167718948813314641
0x11713b15cbbc67bd8ef495cdeca7d1fd3cfc551f34fd2a0ab46685387a127c29,15688300,155,1666109494,2022-10-18T16:11:34+00:00,False,sell_MOO,216384528000262313479,0,0,77396779959782750118,216.384528000262313479,-77.396779959782750118,1342805411205676436573730,481819508944470300808153,1343021795733676698887209,481742112164510518058035,0.358815584837310720318281489060541772062495167718948813314641,0.358700144476315501766139921040758608476938579772575090172257
0x40f704a067201ae4df7c10e2b16bfe2b9f8d8f3d55cd098013033c907bcbab32,15688301,7,1666109499,2022-10-18T16:11:39+00:00,False,sell_MOO,2340833170759489660413,10175127141600,0,835686027401380109336,2340.833170759489660413,-835.686017226252967736,1343021795733676698887209,481742112164510518058035,1345362628904436188547622,480906426147284265090299,0.358700144476315501766139921040758608476938579772575090172257,0.357454871880081050675134369458367992786604738533989748875197
0xb51a5bd46d498ebcab539ff4d18db2badc93f1194edeeae7c1e3420402bd9f85,15688301,136,1666109499,2022-10-18T16:11:39+00:00,False,sell_MOO,54887960219861669,0,0,19561108086127355,0.054887960219861669,-0.019561108086127355,1345362628904436188547622,480906426147284265090299,1345362683792396408409291,480906406586176178962944,0.357454871880081050675134369458367992786604738533989748875197,0.357454842757022007718175942791706533500497204487211118927208
0xbcb22cf36404ae3f38e77d1640c48ab3b964f9193848385b0a6cdf4d93b61ea8,15688302,52,1666109504,2022-10-18T16:11:44+00:00,False,sell_MOO,782728667859799591,10159273528684,0,278950620626664357,0.782728667859799591,-0.278940461353135673,1345362683792396408409291,480906406586176178962944,1345363466521064268208882,480906127645714825827271,0.357454842757022007718175942791706533500497204487211118927208,0.357454427456154882807561505597889957114420784144679971444751
0x7b6902a3329cc4adde4507a211b3a6f7e23055e776ca3d67b74fc9dd25ea01d5,15688302,95,1666109504,2022-10-18T16:11:44+00:00,False,sell_MOO,73824945078827907160,0,0,26308447006266020824,73.82494507882790716,-26.308447006266020824,1345363466521064268208882,480906127645714825827271,1345437291466143096116042,480879819198708559806447,0.357454427456154882807561505597889957114420784144679971444751,0.357415259892704953991751447108714153895971443159978536458912
0x75d579fb55e888fa2c1240fe12a6a85c098bfe96d342184b50f877e7a9a01c7c,15688303,68,1666109509,2022-10-18T16:11:49+00:00,False,sell_MOO,1077444022521056735,10158712476617,0,383939343981891064,1.077444022521056735,-0.383929185269414447,1345437291466143096116042,480879819198708559806447,1345438368910165617172777,480879435269523290392000,0.357415259892704953991751447108714153895971443159978536458912,0.357414688313851274097311775088445990118031247692640317050870
0xef800b69b4f454190423218e6687702e2c813e4ec1eca940b26442abe8d09236,15688303,107,1666109509,2022-10-18T16:11:49+00:00,False,sell_MOO,369904500000000000,16797284203654,0,131812637537834481,0.3699045,-0.131795840253630827,1345438368910165617172777,480879435269523290392000,1345438738814665617172777,480879303473683036761173,0.357414688313851274097311775088445990118031247692640317050870,0.357414492091508174618166723815598178984418481380825737685350
0x82592ae65ba5bb39b12ad27753e57a67d792bfdce143b2f821ceef20a3d858c7,15688305,91,1666109519,2022-10-18T16:11:59+00:00,False,sell_MOO,622640618509480257,25452213688552,0,221873055708720660,0.622640618509480257,-0.221847603495032108,1345438738814665617172777,480879303473683036761173,1345439361455284126653034,480879081626079541729065,0.357414492091508174618166723815598178984418481380825737685350,0.357414161799116970549910827794706949742241019097395957721589
0x3bac09581f7fb5c3114a2d9e6feb243fc3f4fd35325bde679b012e5feaafa299,15688305,116,1666109519,2022-10-18T16:11:59+00:00,False,sell_MOO,5544093175718981439693,8398635897438,0,1967509694174605574960,5544.093175718981439693,-1967.509685775969677522,1345439361455284126653034,480879081626079541729065,1350983454631003108092727,478911571940303572051543,0.357414161799116970549910827794706949742241019097395957721589,0.354491071151652020427876048747560372788484376937907857497105
0x95928d959cb91de054448ecfab15d186fb5ee635ff11fc7ed4097e217b895605,15688305,206,1666109519,2022-10-18T16:11:59+00:00,False,buy_MOO,0,56062664469856318,157675254757005949,0,-0.157675254757005949,0.056062664469856318,1350983454631003108092727,478911571940303572051543,1350983296955748351086778,478911628002968041907861,0.354491071151652020427876048747560372788484376937907857497105,0.354491154022502218988209794967304245972403198691291978407022
0x6cf18518531836ffacec960da862a09a76bbd0d049280200c3783528196ed4c5,15688306,107,1666109524,2022-10-18T16:12:04+00:00,False,buy_MOO,0,46812583666529616,131616682841028961,0,-0.131616682841028961,0.046812583666529616,1350983296955748351086778,478911628002968041907861,1350983165339065510057817,478911674815551708437477,0.354491154022502218988209794967304245972403198691291978407022,0.354491223208807314063875320395231075611920370880790792288860
0x3d35a3008b4a2fd62bafaa8a0f0b897f351f426637ffb4c5108da7efd9fdae3e,15688308,83,1666109534,2022-10-18T16:12:14+00:00,False,sell_MOO,1414319551514742937819,30474588763097,0,499338596028622203842,1414.319551514742937819,-499.338565554033440745,1350983165339065510057817,478911674815551708437477,1352397484890580252995636,478412336249997674996732,0.354491223208807314063875320395231075611920370880790792288860,0.353751276229787613176658817187160524204791238047207993722772
0x3d35a3008b4a2fd62bafaa8a0f0b897f351f426637ffb4c5108da7efd9fdae3e,15688308,103,1666109534,2022-10-18T16:12:14+00:00,False,sell_MOO,875595264347849416,0,0,308813514058950975,0.875595264347849416,-0.308813514058950975,1352397484890580252995636,478412336249997674996732,1352398360485844600845052,478412027436483616045757,0.353751276229787613176658817187160524204791238047207993722772,0.353750818852379923517366717331595266823985390675502079166433
0xef90667bb9b89a7f4c698e0acd9f2d094f4079877a07230b5229fa79cef5c87b,15688310,10,1666109544,2022-10-18T16:12:24+00:00,False,sell_MOO,2242663775561580743629,30446015573829,0,789658562978188460941,2242.663775561580743629,-789.658532532172887112,1352398360485844600845052,478412027436483616045757,1354641024261406181588681,477622368903951443158645,0.353750818852379923517366717331595266823985390675502079166433,0.352582241604831440336438707663668411949976448606111244653115
0x49d1cf15e0ece1a084070b5556410f0974907f278a9a8f65bced3283c066990c,15688315,62,1666109569,2022-10-18T16:12:49+00:00,False,sell_MOO,750647741353875588422,137252179048734,0,263725368289228659602,750.647741353875588422,-263.725231037049610868,1354641024261406181588681,477622368903951443158645,1355391672002760057177103,477358643672914393547777,0.352582241604831440336438707663668411949976448606111244653115,0.352192398354903218256587038084058667940915674358177669132261
0x49d1cf15e0ece1a084070b5556410f0974907f278a9a8f65bced3283c066990c,15688315,82,1666109569,2022-10-18T16:12:49+00:00,False,sell_MOO,316827683320259324,0,0,111249522821866952,0.316827683320259324,-0.111249522821866952,1355391672002760057177103,477358643672914393547777,1355391988830443377436427,477358532423391571680825,0.352192398354903218256587038084058667940915674358177669132261,0.352192233949457183461643370112163138703590848754618425115647
0x66ec1c2b17585c8c359ff9e36aaef3bd63cf9d34988e9d69536e4c91d1327dff,15688320,26,1666109594,2022-10-18T16:13:14+00:00,True,buy_MOO,0,350000000214417743256909,572381883937804421840802,0,-572381.883937804421840802,350000.000214417743256909,1355391988830443377436427,477358532423391571680825,783010104892638955595625,827358532637809314937734,0.352192233949457183461643370112163138703590848754618425115647,1.05663838495577412184781184971585449695221258846171981881670
0x3a12c03f194e0e7b156e76a8789f059dd067abc4cc5ff2bce63a67e642561140,15688321,5,1666109599,2022-10-18T16:13:19+00:00,False,sell_MOO,707248285639389600000,68768794883601,0,744393418306711347987,707.2482856393896,-744.393349537916464386,783010104892638955595625,827358532637809314937734,783717353178278345195625,826614139288271398473348,1.05663838495577412184781184971585449695221258846171981881670,1.05473502141560336770481351822859533981675731332095046715501
0xc6c0a83014c139eab5c14c0858ce5552986c4983cc84b092357888d1419cacb9,15688321,30,1666109599,2022-10-18T16:13:19+00:00,False,sell_MOO,31430359322581762771633,0,0,31780539041821164777650,31430.359322581762771633,-31780.53904182116477765,783717353178278345195625,826614139288271398473348,815147712500860107967258,794833600246450233695698,1.05473502141560336770481351822859533981675731332095046715501,0.975079225589572589624436501014332529209506754756645342650774
0x4ea7153fea86b8b631aa62a6da1fe6bde987aa1c9f19fa0b9ae04493076b27a8,15688321,50,1666109599,2022-10-18T16:13:19+00:00,False,buy_MOO,0,90277500000000001,92307019722686849,0,-0.092307019722686849,0.090277500000000001,815147712500860107967258,794833600246450233695698,815147620193840385280409,794833690523950233695699,0.975079225589572589624436501014332529209506754756645342650774,0.975079446757067705181180486021551386843214633899329961723989
0x80867e9824e42cc9655b1458111ad04a1e697b575c011cd521cb1042bc3db366,15688321,192,1666109599,2022-10-18T16:13:19+00:00,False,sell_MOO,16579867421136819767774,0,0,15797828582648236910265,16579.867421136819767774,-15797.828582648236910265,815147620193840385280409,794833690523950233695699,831727487614977205048183,779035861941301996785434,0.975079446757067705181180486021551386843214633899329961723989,0.936647968886093633173153342012899264883037451733836290470635
0x12506c58854d5bf172ea9d51829e46c2176854e59913c9be5271426519f0bb64,15688322,24,1666109604,2022-10-18T16:13:24+00:00,False,buy_MOO,0,749433802122557350840,796958419605268117832,0,-796.958419605268117832,749.43380212255735084,831727487614977205048183,779035861941301996785434,830930529195371936930351,779785295743424554136274,0.936647968886093633173153342012899264883037451733836290470635,0.938448243679921529348022913390076285051452246625107516168057
0x2025579639aa67edc988a64670b198fa13769909270742f5f076837c90293d7c,15688322,126,1666109604,2022-10-18T16:13:24+00:00,False,buy_MOO,0,941452074828320964266,998988763503496402176,0,-998.988763503496402176,941.452074828320964266,830930529195371936930351,779785295743424554136274,829931540431868440528175,780726747818252875100540,0.938448243679921529348022913390076285051452246625107516168057,0.940712227194051394355320881577442724926568599344287955618733
0x9a7083192e39d8ac77226dcac10c075c4c8bdd5c81c774aff86fba10e5b3926b,15688322,160,1666109604,2022-10-18T16:13:24+00:00,False,buy_MOO,0,745263618601303696823,789105668424356725843,0,-789.105668424356725843,745.263618601303696823,829931540431868440528175,780726747818252875100540,829142434763444083802332,781472011436854178797363,0.940712227194051394355320881577442724926568599344287955618733,0.942506351951229745472269653336625186445873350052477270803339
0x2911eb7bdaacddcbb30ef9816ab3f427dc951e3484ad45f7363a9cbf5317e5ac,15688324,10,1666109614,2022-10-18T16:13:34+00:00,False,sell_MOO,5828952916673456984676,184816514923283,0,5439220135644416980491,5828.952916673456984676,-5439.219950827902057208,829142434763444083802332,781472011436854178797363,834971387680117540787008,776032791486026276740155,0.942506351951229745472269653336625186445873350052477270803339,0.929412436086168035758533298092490642205679316391806290681570
0x01628ab6306c19499af770e4578411054ebbdb07f7b0065d55c7585250a9d21a,15688326,17,1666109624,2022-10-18T16:13:44+00:00,False,buy_MOO,0,307200183735284157835,329409803762665421459,0,-329.409803762665421459,307.200183735284157835,834971387680117540787008,776032791486026276740155,834641977876354875365549,776339991669761560897990,0.929412436086168035758533298092490642205679316391806290681570,0.930147311359853195808800487695031361730049366296792168896734
0x1e911b1bd11d7d2267a0dad3b37884d3e1887de3fa673f908288ee601e03ccba,15688326,213,1666109624,2022-10-18T16:13:44+00:00,False,buy_MOO,0,82317226710284297,88231860554568596,0,-0.088231860554568596,0.082317226710284297,834641977876354875365549,776339991669761560897990,834641889644494320796953,776340073986988271182287,0.930147311359853195808800487695031361730049366296792168896734,0.930147508313608597915374497513773817725397198215834576508144
0x7a001fe23f64044c148f523e4e3e32c5939d3df14f4b6364d99db2c8dcc2cdcf,15688326,422,1666109624,2022-10-18T16:13:44+00:00,False,buy_MOO,0,4026661803598656075,4316047747644791058,0,-4.316047747644791058,4.026661803598656075,834641889644494320796953,776340073986988271182287,834637573596746676005895,776344100648791869838362,0.930147508313608597915374497513773817725397198215834576508144,0.930157142702373508851823131291008244637816879069290905163416
0x5a6b60a427f1f92f84e91a142e891bc5f0f6597fb459a7757400657d1442b73b,15688327,91,1666109629,2022-10-18T16:13:49+00:00,False,buy_MOO,0,30857836139250498342,33073887555330730692,0,-33.073887555330730692,30.857836139250498342,834637573596746676005895,776344100648791869838362,834604499709191345275203,776374958484931120336704,0.930157142702373508851823131291008244637816879069290905163416,0.930230976175482326181599432925081226168263984208643164813360
0x1f2c32a4b4e2072b51c68ee2a7355d51f1b0fdae814476a0190b0c6ea7c798a0,15688328,145,1666109634,2022-10-18T16:13:54+00:00,False,buy_MOO,0,88855560285589586205,95222324085656327876,0,-95.222324085656327876,88.855560285589586205,834604499709191345275203,776374958484931120336704,834509277385105688947327,776463814045216709922909,0.930230976175482326181599432925081226168263984208643164813360,0.930443597317729503624482155628070469410802059568232942055876
0x45af830d2a93c13b52a12aeb95f5a2c6cd3c335b8e656086878dabcdeff480c6,15688328,205,1666109634,2022-10-18T16:13:54+00:00,False,buy_MOO,0,503041788721597580,539024977819203322,0,-0.539024977819203322,0.50304178872159758,834509277385105688947327,776463814045216709922909,834508738360127869744005,776464317087005431520489,0.930443597317729503624482155628070469410802059568232942055876,0.930444801108752832954529735279362144982566132640827523393450
0xcd4c7bccee929e2afa32fdd82b64b0c3dba7f2c04f177adab0c87abea85e5659,15688331,142,1666109649,2022-10-18T16:14:09+00:00,False,buy_MOO,0,1612949212318056206,1727839383314475071,0,-1.727839383314475071,1.612949212318056206,834508738360127869744005,776464317087005431520489,834507010520744555268934,776465930036217749576695,0.930444801108752832954529735279362144982566132640827523393450,0.930448660403334030368882605075168281509900890085664620454959
0x0be792c50758101000b2efca078ab03961e70273fd90eec52b322adb61626ec7,15688332,12,1666109654,2022-10-18T16:14:14+00:00,False,sell_MOO,2243621364789894840862,159018504700382,0,2075747741801858115740,2243.621364789894840862,-2075.747582783353415358,834507010520744555268934,776465930036217749576695,836750631885534450109796,774390182453434396161337,0.930448660403334030368882605075168281509900890085664620454959,0.925473077574405920370396323253800836598873423550370093000260
0x5bd51ebb4858f52e3ae0a5bb18f80d64868f79633eb1f671e7aa6cd3e0ed4ecf,15688332,130,1666109654,2022-10-18T16:14:14+00:00,True,buy_MOO,0,143817920683322360000000,130727576128627835617836,0,-130727.576128627835617836,143817.92068332236,836750631885534450109796,774390182453434396161337,706023055756906614491960,918208103136756756161337,0.925473077574405920370396323253800836598873423550370093000260,1.30053557833514767380696531774169066210823403860662359558209
0x0c60433a2be73ae9c06b8801c464eeef8a97b8b18d0a2a6b0c12fc4b65c95159,15688332,141,1666109654,2022-10-18T16:14:14+00:00,False,sell_MOO,6360998089371553155627,0,0,8174458413872557265471,6360.998089371553155627,-8174.458413872557265471,706023055756906614491960,918208103136756756161337,712384053846278167647587,910033644722884198895866,1.30053557833514767380696531774169066210823403860662359558209,1.27744808409096683559035529489398440815311597294709582466364
0x282880a076ddb0e4c77029caa18c20dc7054521bfd3830bb7cf1a16a543be1be,15688332,155,1666109654,2022-10-18T16:14:14+00:00,False,sell_MOO,423937935798246313750,0,0,539613868277426356984,423.93793579824631375,-539.613868277426356984,712384053846278167647587,910033644722884198895866,712807991782076413961337,909494030854606772538882,1.27744808409096683559035529489398440815311597294709582466364,1.27593130455902954854548712737659568546218077904744903833418
0xc6546ff5e987e6bf2a860d5d4d4152f6db669ee0f3046a42585a40cd56f60f40,15688332,208,1666109654,2022-10-18T16:14:14+00:00,False,sell_MOO,6637435961962849403,0,0,8443427202318672521,6.637435961962849403,-8.443427202318672521,712807991782076413961337,909494030854606772538882,712814629218038376810740,909485587427404453866361,1.27593130455902954854548712737659568546218077904744903833418,1.27590757841925216227191838577729013852806751028316076090135
0x0fb8b37383c83b9f2d2c053b69cddc26cdfa475b117656cfbf04a9a8477e9645,15688333,29,1666109659,2022-10-18T16:14:19+00:00,False,sell_MOO,104758852319571139470,181273004508362,0,133242102551095443915,104.75885231957113947,-133.241921278090935553,712814629218038376810740,909485587427404453866361,712919388070357947950210,909352345506126362930808,1.27590757841925216227191838577729013852806751028316076090135,1.27553319593039664215552535829930520523453589050618104690998
0xc4b99924e90501618201b3e561cad359641e5aa85ef64e0121ad7b5b22079a32,15688333,150,1666109659,2022-10-18T16:14:19+00:00,False,sell_MOO,10155269090093751,0,0,12914522506095753,0.010155269090093751,-0.012914522506095753,712919388070357947950210,909352345506126362930808,712919398225627038043961,909352332591603856835055,1.27553319593039664215552535829930520523453589050618104690998,1.27553315964592267707841304152951770978755134651759335684727
0x638e7e8033ccb82d2be342978ccfa7a7342fde7f4cfbebbad22bd5590ad3cffd,15688333,195,1666109659,2022-10-18T16:14:19+00:00,False,sell_MOO,64473202702079526,213641480491,0,81990987438561294,0.064473202702079526,-0.081990773797080803,712919398225627038043961,909352332591603856835055,712919462698829740123487,909352250600830059754252,1.27553315964592267707841304152951770978755134651759335684727,1.27553292928542567163465633831098634840695731175060533896954
0xa2deb1e1711291dc556ead13bc2f6eb951f20a7d5f1d9bf014eca81045c933d3,15688335,10,1666109669,2022-10-18T16:14:29+00:00,False,sell_MOO,2027140244223592010351,634545815378017,0,2570639562889507581967,2027.140244223592010351,-2570.63892834369220395,712919462698829740123487,909352250600830059754252,714946602943053332133838,906781611672486367550302,1.27553292928542567163465633831098634840695731175060533896954,1.26832075002489802451684821417940846395486927706107897641889
0x752d81e361ba5821217058b3be64d027788ac8d2f116313b67ac467e399d0f5b,15688335,48,1666109669,2022-10-18T16:14:29+00:00,False,sell_MOO,1680097117554997617181,0,0,2119543426856262910873,1680.097117554997617181,-2119.543426856262910873,714946602943053332133838,906781611672486367550302,716626700060608329751019,904662068245630104639429,1.26832075002489802451684821417940846395486927706107897641889,1.26238956512382078647384893031005885058241108150451176275371
0x49eeddd6625f315a94f613dbdefe0d00c9a388f1ac6e220b0d12737f2ac20285,15688335,215,1666109669,2022-10-18T16:14:29+00:00,False,sell_MOO,19999608878533738,1,0,25171554961774279,0.019999608878533738,-0.025171554961774278,716626700060608329751019,904662068245630104639429,716626720060217208284757,904662043074075142865151,1.26238956512382078647384893031005885058241108150451176275371,1.26238949476801195986973032027661767167064535260075736915906
0x98ebe42307ce159efb349e686401115ca5aab812db1edf2f0e2de2c5cce59234,15688337,130,1666109679,2022-10-18T16:14:39+00:00,False,buy_MOO,0,19415827179328669433,15333251449378194766,0,-15.333251449378194766,19.415827179328669433,716626720060217208284757,904662043074075142865151,716611386808767830089991,904681458901254471534584,1.26238949476801195986973032027661767167064535260075736915906,1.26244359991264596041771038094413358792402658248166223012415
0x9bf7da6c0bf6e848d56de52622194721af554297883fe51a9ab856d48c24fb85,15688337,240,1666109679,2022-10-18T16:14:39+00:00,False,sell_MOO,4711737701177229310,0,0,5930419320325715249,4.71173770117722931,-5.930419320325715249,716611386808767830089991,904681458901254471534584,716616098546469007319301,904675528481934145819335,1.26244359991264596041771038094413358792402658248166223012415,1.26242702378150721269506725118911544591580866871635652288712
0x581d0136b094d6b6eb6e8e66b0ddca13818e6618aecff78ffb09410bdbdd209c,15688339,54,1666109689,2022-10-18T16:14:49+00:00,True,buy_MOO,0,289941286756380848782182,173531967033706037215205,0,-173531.967033706037215205,289941.286756380848782182,716616098546469007319301,904675528481934145819335,543084131512762970104096,1194616815238314994601517,1.26242702378150721269506725118911544591580866871635652288712,2.19969015097293524026741888104835092953340893683483338783714
0x966d8f1d1c80a74a1123fa36baf1e70290c898b9610614c8478f0568d3166916,15688339,64,1666109689,2022-10-18T16:14:49+00:00,False,sell_MOO,5278008026712782010388,0,0,11464072038100690610126,5278.008026712782010388,-11464.072038100690610126,543084131512762970104096,1194616815238314994601517,548362139539475752114484,1183152743200214303991391,2.19969015097293524026741888104835092953340893683483338783714,2.15761201930141814022559256177540996995238854830811313307184
0x2230a30b9106707d095f15eae8139729e9213771ac2179299174befd55c98bed,15688339,100,1666109689,2022-10-18T16:14:49+00:00,False,sell_MOO,4705239400049912356693,0,0,10035770913896341765066,4705.239400049912356693,-10035.770913896341765066,548362139539475752114484,1183152743200214303991391,553067378939525664471177,1173116972286317962226325,2.15761201930141814022559256177540996995238854830811313307184,2.12111040527412972691081542848858614733042400190020791114616
0x1faaed952a68e2b94653576108f04e9be74f2e8a7b499d24152a3850c8c31e6e,15688340,6,1666109694,2022-10-18T16:14:54+00:00,False,sell_MOO,3956746076660414665763,490846008153164,0,8308256703382150609614,3956.746076660414665763,-8308.25621253614245645,553067378939525664471177,1173116972286317962226325,557024125016186079136940,1164808716073781819769875,2.12111040527412972691081542848858614733042400190020791114616,2.09112794897336745926816911938211507908411969577559383452008
0xdedd4eed3365d521a06d7ad517e76508490b872160aa7b79d78a89f8aff0dfbb,15688340,116,1666109694,2022-10-18T16:14:54+00:00,False,sell_MOO,2764442564326627413,0,0,5763432182867257823,2.764442564326627413,-5.763432182867257823,557024125016186079136940,1164808716073781819769875,557026889458750405764353,1164802952641598952512052,2.09112794897336745926816911938211507908411969577559383452008,2.09110722423725341003500838519016535913605936397462466829115
0x8413899ceef93fc94e3f5f5764258a0a411b7332b34a7b7182073455a5dacae6,15688340,172,1666109694,2022-10-18T16:14:54+00:00,False,sell_MOO,153355058516856267691,0,0,319632091216660994316,153.355058516856267691,-319.632091216660994316,557026889458750405764353,1164802952641598952512052,557180244517267262032044,1164483320550382291517736,2.09110722423725341003500838519016535913605936397462466829115,2.08995801988506151845878810242967499601535237007976410590630
0xb98a6667e663dc5a132f09c8bbbfd77e9bff6914573fb5fa4101ed0880ae0f17,15688341,90,1666109699,2022-10-18T16:14:59+00:00,False,buy_MOO,0,104716317311110429322,49949482945450184764,0,-49.949482945450184764,104.716317311110429322,557180244517267262032044,1164483320550382291517736,557130295034321811847280,1164588036867693401947058,2.08995801988506151845878810242967499601535237007976410590630,2.09033335154741383065006985998948325848166864205946410912058
0x80e419b50b7347f81d5c1837bf41657b312b6f9898f24e26641854a3dc437fbe,15688341,135,1666109699,2022-10-18T16:14:59+00:00,False,buy_MOO,0,173746819979964935541,82857510235799663806,0,-82.857510235799663806,173.746819979964935541,557130295034321811847280,1164588036867693401947058,557047437524086012183474,1164761783687673366882599,2.09033335154741383065006985998948325848166864205946410912058,2.09095618295041626645117631241345957336753845315123185831530
0x80e419b50b7347f81d5c1837bf41657b312b6f9898f24e26641854a3dc437fbe,15688341,159,1666109699,2022-10-18T16:14:59+00:00,False,buy_MOO,0,2879692618106348648,1373078253260683272,0,-1.373078253260683272,2.879692618106348648,557047437524086012183474,1164761783687673366882599,557046064445832751500202,1164764663380291473231247,2.09095618295041626645117631241345957336753845315123185831530,2.09096650658332292301492485186091099729711246996324415370049
0x746b9f9250be7ae884d66bce187668fb8e25c32641cee8446aa6233a73e60d80,15688346,52,1666109724,2022-10-18T16:15:24+00:00,True,buy_MOO,0,231457562320109343452022,92112619193407341512565,0,-92112.619193407341512565,231457.562320109343452022,557046064445832751500202,1164764663380291473231247,464933445252425409987637,1396222225700400816683269,2.09096650658332292301492485186091099729711246996324415370049,3.00305826555960628468580769337151403319051811461806514004911
0x9c0c92ac1b3015508361362be7a0f8c2c2a46900b8a4627328fa6144d4dd6d6d,15688346,63,1666109724,2022-10-18T16:15:24+00:00,False,sell_MOO,2920640744604745901461,0,0,8690115559839635023819,2920.640744604745901461,-8690.115559839635023819,464933445252425409987637,1396222225700400816683269,467854085997030155889098,1387532110140561181659450,3.00305826555960628468580769337151403319051811461806514004911,2.96573686469710335675374576933816311229415711675799940374553
0x6a02f9eecef2d35a07207c492f1549959bc023ff8e2ace07efc827c307decca0,15688346,78,1666109724,2022-10-18T16:15:24+00:00,False,sell_MOO,2406941211335057523235,0,0,7080621247688595598469,2406.941211335057523235,-7080.621247688595598469,467854085997030155889098,1387532110140561181659450,470261027208365213412333,1380451488892872586060981,2.96573686469710335675374576933816311229415711675799940374553,2.93550051784583967700988876441818069894016646566376345278219
0x2d6ce69902feca2390cfcc568104d10120b8815a4a4d790b037ff249f0b58e93,15688347,183,1666109729,2022-10-18T16:15:29+00:00,False,buy_MOO,0,1058404080028854920,359219919782771717,0,-0.359219919782771717,1.05840408002885492,470261027208365213412333,1380451488892872586060981,470260667988445430640616,1380452547296952614915901,2.93550051784583967700988876441818069894016646566376345278219,2.93550501087382266715289458809100326349194048296154745414741
0xd106f6dc4f8135fd577496f424bbed24fc03247476986f8021c278e757c8ea7d,15688349,10,1666109739,2022-10-18T16:15:39+00:00,False,sell_MOO,1320280648132422467382,2615536259442337,0,3853277569814379184518,1320.280648132422467382,-3853.274954278119742181,470260667988445430640616,1380452547296952614915901,471580948636577853107998,1376599272342674495173720,2.93550501087382266715289458809100326349194048296154745414741,2.91911553323487995544054789485392820942068325517343109643104
0x80f904052546be3d90e2dc1590ab8035a9c9ed01a8d3c4c7f68a9f8f85d6724a,15688349,112,1666109739,2022-10-18T16:15:39+00:00,False,sell_MOO,632410550215057653863,0,0,1838083666890295450750,632.410550215057653863,-1838.08366689029545075,471580948636577853107998,1376599272342674495173720,472213359186792910761861,1374761188675784199722970,2.91911553323487995544054789485392820942068325517343109643104,2.91131362959168517024284504007889093370230800234854196254040
0xc02f15ec39268c866f995fb11524e65ae1cec27ac8e03b7df7aba21f94ccc3a9,15688349,188,1666109739,2022-10-18T16:15:39+00:00,False,sell_MOO,21686861900048452643,0,0,62944962726032572757,21.686861900048452643,-62.944962726032572757,472213359186792910761861,1374761188675784199722970,472235046048692959214504,1374698243713058167150213,2.91131362959168517024284504007889093370230800234854196254040,2.91104663920117163832027707737747993887003004772225262533801
0x1f57ea944fa5ff6214f9e66a50f55f4374707610455f4aa021f89d8d3e042bc7,15688356,31,1666109774,2022-10-18T16:16:14+00:00,False,sell_MOO,25206583208100344671669,5717328809369214,0,69460901366011209072556,25206.583208100344671669,-69460.895648682399703342,472235046048692959214504,1374698243713058167150213,497441629256793303886173,1305237348064375767446871,2.91104663920117163832027707737747993887003004772225262533801,2.62390051675907422834463193076120024129648500691652710745183
0xc1577e967b78f644aceabe37016305c269e5476deb08e1865ae97f32ca257df6,15688356,61,1666109774,2022-10-18T16:16:14+00:00,False,buy_MOO,0,66782440913455179995,25373941156436447826,0,-25.373941156436447826,66.782440913455179995,497441629256793303886173,1305237348064375767446871,497416255315636867438347,1305304130505289222626866,2.62390051675907422834463193076120024129648500691652710745183,2.62416862447932035989900927398829705425235511233043551448119
0xa50b0adc71111ed9304923b0de4eee64c48a10afe5401acfe110844a72cc15b5,15688356,100,1666109774,2022-10-18T16:16:14+00:00,False,buy_MOO,0,3346123360676487597464,1268051282381988442667,0,-1268.051282381988442667,3346.123360676487597464,497416255315636867438347,1305304130505289222626866,496148204033254878995680,1308650253865965710224330,2.62416862447932035989900927398829705425235511233043551448119,2.63761965321606200517457161663597523548486009611922707713545
0xa50b0adc71111ed9304923b0de4eee64c48a10afe5401acfe110844a72cc15b5,15688356,130,1666109774,2022-10-18T16:16:14+00:00,False,buy_MOO,0,1779387049977614936133,671684101255368198195,0,-671.684101255368198195,1779.387049977614936133,496148204033254878995680,1308650253865965710224330,495476519931999510797485,1310429640915943325160463,2.63761965321606200517457161663597523548486009611922707713545,2.64478656041216666554598253230747684361594243911358158211101
0x82b8c4d9c54373e0a8d5f8d0ecb8a12cfd57ea5ecf354446f271d13466719a0d,15688356,183,1666109774,2022-10-18T16:16:14+00:00,False,buy_MOO,0,4309868019254643758,1624677162902119221,0,-1.624677162902119221,4.309868019254643758,495476519931999510797485,1310429640915943325160463,495474895254836608678264,1310433950783962579804221,2.64478656041216666554598253230747684361594243911358158211101,2.64480393120618092134960180328273463353270062961442837783168
0x6f1fb57c767d0786b327ab33db56cd2c5002d0054a223494b9abc052749aae53,15688356,289,1666109774,2022-10-18T16:16:14+00:00,False,buy_MOO,0,1313987235653300041,495327441415849116,0,-0.495327441415849116,1.313987235653300041,495474895254836608678264,1310433950783962579804221,495474399927395192829148,1310435264771198233104262,2.64480393120618092134960180328273463353270062961442837783168,2.64480922720371445436752692718064469440369567577138558915330
0x9bd953374faaf56081e62832ed2cea50941d5aeb7653d4845fddb049ae39fb9d,15688358,179,1666109784,2022-10-18T16:16:24+00:00,False,buy_MOO,0,3548053963306731030,1335912370784573495,0,-1.335912370784573495,3.54805396330673103,495474399927395192829148,1310435264771198233104262,495473064015024408255653,1310438812825161539835292,2.64480922720371445436752692718064469440369567577138558915330,2.64482351917605884528777935934065338719791789926776008217793
0x088d963cb55b4c3069523e06382a8278d3cfd200dd0b3c697d91c98693a62d1b,15688359,115,1666109789,2022-10-18T16:16:29+00:00,False,buy_MOO,0,638163715252248191,239776096004748552,0,-0.239776096004748552,0.638163715252248191,495473064015024408255653,1310438812825161539835292,495472824238928403507101,1310439450988876792083483,2.64482351917605884528777935934065338719791789926776008217793,2.64482608708515710145647369583669742204983349101490013942117
0xb6df8affc139eaea8ddd92c54d6518386d163f615230714659178c704b1174b0,15688359,180,1666109789,2022-10-18T16:16:29+00:00,False,buy_MOO,0,49197425248364176,18545578999010175,0,-0.018545578999010175,0.049197425248364176,495472824238928403507101,1310439450988876792083483,495472805693349404496926,1310439500186302040447659,2.64482608708515710145647369583669742204983349101490013942117,2.64482628537506374438662014897314020674054234217634106889180
0x2ba8037381aa34a7b804988c4be2fc6a7ea920682d772af1c7e7ea9802ea3f0a,15688390,57,1666109944,2022-10-18T16:19:04+00:00,False,buy_MOO,0,1276050127852033979104,480523799368404459920,0,-480.52379936840445992,1276.050127852033979104,495472805693349404496926,1310439500186302040447659,494992281893981000037006,1311715550314154074426763,2.64482628537506374438662014897314020674054234217634106889180,2.64997172338760107469822776901953765104038479817209260164385
0x83010a955455f74e9f20b12e930fa143ab71b00b4f2fb19c5a633b0acf1b87e8,15688390,132,1666109944,2022-10-18T16:19:04+00:00,False,buy_MOO,0,5673535487543470982400,2125391362491442572826,0,-2125.391362491442572826,5673.5354875434709824,494992281893981000037006,1311715550314154074426763,492866890531489557464180,1317389085801697545409163,2.64997172338760107469822776901953765104038479817209260164385,2.67291049796644592559994374787960714599750455898751067211905
0x16ec11dffe83b6d5c6dc121f651202986bc52511af105abe4b380cf135d65a8b,15688391,67,1666109949,2022-10-18T16:19:09+00:00,False,sell_MOO,1098112325273318677,20571924188148639,0,2926343993919189171,1.098112325273318677,-2.905772069731040532,492866890531489557464180,1317389085801697545409163,492867988643814830782857,1317386180029627814368631,2.67291049796644592559994374787960714599750455898751067211905,2.67289864706891051769065788995683569702953756173155690210039
0x17f96bd9f9039b7509bdb17d954ddf74c7d2a946fb22fbda654140d6a63150bb,15688391,207,1666109949,2022-10-18T16:19:09+00:00,False,sell_MOO,37848797940525642704,1,0,100854781102365253377,37.848797940525642704,-100.854781102365253376,492867988643814830782857,1317386180029627814368631,492905837441755356425561,1317285325248525449115255,2.67289864706891051769065788995683569702953756173155690210039,2.67248879032434588718860560995678111544066543840829787964349
0xcd46528e48b745b494fe792e3ff34e965746d3d3ca1f2e5608ea6dc9257566c9,15688391,277,1666109949,2022-10-18T16:19:09+00:00,False,buy_MOO,0,5672162227502245198500,2107014191764323926663,0,-2107.014191764323926663,5672.1622275022451985,492905837441755356425561,1317285325248525449115255,490798823249991032498898,1322957487476027694313755,2.67248879032434588718860560995678111544066543840829787964349,2.69551886598997029356091926377480053342202473088847873922568
0x1ab1e484f68831156ad0b3cb90371eafb56d2e58e715fde7784cc4ebf6478280,15688391,293,1666109949,2022-10-18T16:19:09+00:00,False,sell_MOO,121432529492402201663,0,0,326261222394751224876,121.432529492402201663,-326.261222394751224876,490798823249991032498898,1322957487476027694313755,490920255779483434700561,1322631226253632943088879,2.69551886598997029356091926377480053342202473088847873922568,2.69418751962792490923382044303351188837600985271394645298576
0xd8148f20e984825c927536baaf3ab3f426fcd06baaf11cb27c6b3571216804c3,15688391,335,1666109949,2022-10-18T16:19:09+00:00,False,sell_MOO,1367569652536027229,0,0,3673425420354499041,1.367569652536027229,-3.673425420354499041,490920255779483434700561,1322631226253632943088879,490921623349135970727790,1322627552828212588589838,2.69418751962792490923382044303351188837600985271394645298576,2.69417253166618013572080660887706568681952153247059255854903
0xe361bd485fbdc054e7792e63ca0c7028f5fcb314b198431234f33cc54548279d,15688392,101,1666109954,2022-10-18T16:19:14+00:00,False,sell_MOO,219954167404513748,20655134463966091,0,590816428701369100,0.219954167404513748,-0.570161294237403009,490921623349135970727790,1322627552828212588589838,490921843303303375241538,1322626982666918351186829,2.69417253166618013572080660887706568681952153247059255854903,2.69417016315113818887061352321403198232740481916606612757353
0xb2fa69bfe0f2a1b4f9f0990bafa4234e59e943b77251a3675e68efbd3250c4e1,15688392,130,1666109954,2022-10-18T16:19:14+00:00,False,sell_MOO,30151967261640274,0,0,80990822005492776,0.030151967261640274,-0.080990822005492776,490921843303303375241538,1322626982666918351186829,490921873455270636881812,1322626901676096345694053,2.69417016315113818887061352321403198232740481916606612757353,2.69416983270069111402710807787508818435270421407047765036093
0x19528d8419db284dc93e33538cbb73ba6e63d44a23257b1293cb8bec33fce31f,15688393,152,1666109959,2022-10-18T16:19:19+00:00,False,sell_MOO,1218645490435119736,20655144090439375,0,3273380102000625556,1.218645490435119736,-3.252724957910186181,490921873455270636881812,1322626901676096345694053,490923092100761072001548,1322623648951138435507872,2.69416983270069111402710807787508818435270421407047765036093,2.69415651908195904645938878818744853141585895329119739948788
0x322284b47b9fe6bbe1a16ad4be3afd36be4eb5f850631738b3a9309d1780f461,15688393,209,1666109959,2022-10-18T16:19:19+00:00,False,sell_MOO,7825841767124910,0,0,21020790152272136,0.00782584176712491,-0.021020790152272136,490923092100761072001548,1322623648951138435507872,490923099926602839126458,1322623627930348283235736,2.69415651908195904645938878818744853141585895329119739948788,2.69415643331530277632131673452159027270795435702220647025350
0x91b2fd257e90368f06822160cb578560190bda81714b2e1555f85d380c61ca94,15688393,276,1666109959,2022-10-18T16:19:19+00:00,False,sell_MOO,54166054611195256948,0,0,145478025844471314473,54.166054611195256948,-145.478025844471314473,490923099926602839126458,1322623627930348283235736,490977265981214034383406,1322478149904503811921263,2.69415643331530277632131673452159027270795435702220647025350,2.69356290308379572101150667767603290178705989993189618636541
0xa50d1ba04610ca64226d505daf593e7a002ff739ba77bedbeb312e1d9d5c5cdb,15688394,138,1666109964,2022-10-18T16:19:24+00:00,False,buy_MOO,0,5671236381647764897320,2090216892389200836151,0,-2090.216892389200836151,5671.23638164776489732,490977265981214034383406,1322478149904503811921263,488887049088824833547255,1328149386286151576818583,2.69356290308379572101150667767603290178705989993189618636541,2.71667942270412440255834296821306226332390419892716936280914
0x5cdd5359e02b09af013fc5b2eb2612459f95054b9960981ccd5a5baaedbafdd3,15688394,175,1666109964,2022-10-18T16:19:24+00:00,False,buy_MOO,0,5671215724930748710200,2072468684940908023219,0,-2072.468684940908023219,5671.2157249307487102,488887049088824833547255,1328149386286151576818583,486814580403883925524036,1333820602011082325528783,2.71667942270412440255834296821306226332390419892716936280914,2.73989452186186159526572245522908556659246322214786170629057
0xf2072725a91ffd26c6b2d4c70b663e48695d916edd02caad06e096e4deb4d1b9,15688395,22,1666109969,2022-10-18T16:19:29+00:00,False,sell_MOO,208312247847076639751,20833884988902000,0,568798662175946529788,208.312247847076639751,-568.777828290957627788,486814580403883925524036,1333820602011082325528783,487022892651731002163787,1333251824182791367900995,2.73989452186186159526572245522908556659246322214786170629057,2.73755473161340038034264848615235234300026068433341134349635
0x278c0f062d9fb56e9ff967e98ea4da77a26cb173e7a2a55d9d9436e5b0f6d095,15688395,58,1666109969,2022-10-18T16:19:29+00:00,False,sell_MOO,121950925337472286246,0,0,332762716603571177122,121.950925337472286246,-332.762716603571177122,487022892651731002163787,1333251824182791367900995,487144843577068474450033,1332919061466187796723873,2.73755473161340038034264848615235234300026068433341134349635,2.73618632946756027912419595256499847640025343815596293995921
0x695c9ed159cf7a10cdece396794a452a58b4976b55ee066358159e36d4a79adb,15688395,216,1666109969,2022-10-18T16:19:29+00:00,False,sell_MOO,248690521559444549,0,0,678421869243396277,0.248690521559444549,-0.678421869243396277,487144843577068474450033,1332919061466187796723873,487145092267590033894582,1332918383044318553327596,2.73618632946756027912419595256499847640025343815596293995921,2.73618353997938484233505332566919350693498126880868619652272
0xf59e9a9b5541ab10181a83a893bd25c276a51c53876787abcbc04f6e1319069e,15688396,31,1666109974,2022-10-18T16:19:34+00:00,False,sell_MOO,6409027769402471058,20843599729804932,0,17483438133706717827,6.409027769402471058,-17.462594533976912895,487145092267590033894582,1332918383044318553327596,487151501295359436365640,1332900920449784576414701,2.73618353997938484233505332566919350693498126880868619652272,2.73611169606485143115991585812574997905469008242734676857315
0x700f44b4cca6ca42c4a67abf3844909679a2cb2d0a13dad89d09a4d87106f05f,15688396,217,1666109974,2022-10-18T16:19:34+00:00,False,sell_MOO,2284043876924839,0,0,6230650939356217,0.002284043876924839,-0.006230650939356217,487151501295359436365640,1332900920449784576414701,487151503579403313290479,1332900914219133637058484,2.73611169606485143115991585812574997905469008242734676857315,2.73611167044643495571658416026521603279834943185270227989350
0x1b40a3827992266bb378ba44f0801ef013001b2cf4abfe2d1e0849af424f75a7,15688399,122,1666109989,2022-10-18T16:19:49+00:00,False,sell_MOO,248176140531672982,127191355885243521,0,677000177673136457,0.248176140531672982,-0.549808821787892936,487151503579403313290479,1332900914219133637058484,487151751755543844963461,1332900364410311849165548,2.73611167044643495571658416026521603279834943185270227989350,2.73610914793378505847956384266214626136867105498748678585515
0x39a607a6b4766518c2c1f5b3160b2ebcf861b4661047289883820212b877d3f3,15688401,128,1666109999,2022-10-18T16:19:59+00:00,False,buy_MOO,0,5681144597369947774304,2061331700220681874047,0,-2061.331700220681874047,5681.144597369947774304,487151751755543844963461,1332900364410311849165548,485090420055323163089414,1338581509007681796939852,2.73610914793378505847956384266214626136867105498748678585515,2.75944742189511892892398356333118860357147181667528743349833
0xc8796b43bd176d2ba47ff763ec3f03958a0eb5132e231aa9a8825dbf8a2844ac,15688402,16,1666110004,2022-10-18T16:20:04+00:00,False,sell_MOO,63209493753694818044,53405536216059624,0,173877415705105134242,63.209493753694818044,-173.824010168889074618,485090420055323163089414,1338581509007681796939852,485153629549076857907458,1338407684997512907865234,2.75944742189511892892398356333118860357147181667528743349833,2.75872961363081614668612497198601471459509251187295485545988
0xce7983a8ca21090e4094b9cd22aa5e5d96371631d9b5249f20591c7ad133f813,15688402,56,1666110004,2022-10-18T16:20:04+00:00,False,sell_MOO,99690115230485400867,0,0,274136857779708778760,99.690115230485400867,-274.13685777970877876,485153629549076857907458,1338407684997512907865234,485253319664307343308325,1338133548139733199086474,2.75872961363081614668612497198601471459509251187295485545988,2.75759792651277187165870550528108382837888504765397535654082
0x09a2eca25d218e722f710f4d8a4074001e27cf132afa249163ab0cc3f3bb2bca,15688403,45,1666110009,2022-10-18T16:20:09+00:00,False,sell_MOO,2332971943394357654,53403459838676010,0,6414067653275537201,2.332971943394357654,-6.360664193436861191,485253319664307343308325,1338133548139733199086474,485255652636250737665979,1338127187475539762225283,2.75759792651277187165870550528108382837888504765397535654082,2.75757156089968184942673329167180663208846181014277030011526
0x26d6d7d39362fc07745bfe5988dc54c84d234d4dfd6d5224a1836ef8cc721604,15688403,263,1666110009,2022-10-18T16:20:09+00:00,False,buy_MOO,0,5611532322474958273800,2020402232034428240693,0,-2020.402232034428240693,5611.5323224749582738,485255652636250737665979,1338127187475539762225283,483235250404216309425286,1343738719798014720499083,2.75757156089968184942673329167180663208846181014277030011526,2.78071336615862569227075083930158236783389393876272541808416
0xf640f267ccad0aa0b66db076d6e7336aed139901fc9663e0654d981312b40e40,15688404,10,1666110014,2022-10-18T16:20:14+00:00,False,sell_MOO,111238649912962745631,53620673582875215,0,308324070310969782983,111.238649912962745631,-308.270449637386907768,483235250404216309425286,1343738719798014720499083,483346489054129272170917,1343430449348377333591315,2.78071336615862569227075083930158236783389393876272541808416,2.77943562179868964836409890754197388318943794227000402583385
0x9dbf3266f7b8664390634c391633bbd776123a9d3ab601eb49badfc0912483fa,15688404,44,1666110014,2022-10-18T16:20:14+00:00,False,sell_MOO,59107102637785803541,0,0,163771566323585774938,59.107102637785803541,-163.771566323585774938,483346489054129272170917,1343430449348377333591315,483405596156767057974458,1343266677782053747816377,2.77943562179868964836409890754197388318943794227000402583385,2.77875698680665705443907928967718307922331375361181128744083
0xd2b90aa5d95aa5f9d447c3ab9414fb7a64ed25194ea6ba76f2c340b7ea7941b2,15688405,61,1666110019,2022-10-18T16:20:19+00:00,False,sell_MOO,1736702970902162972,53618552743430525,0,4811380654150293154,1.736702970902162972,-4.757762101406862629,483405596156767057974458,1343266677782053747816377,483407332859737960137430,1343261920019952340953748,2.77875698680665705443907928967718307922331375361181128744083,2.77873716162618427529183649298524000027777477487624235800847
0x810843c44991a2addb27b1a59d9fc0fbefd4a2753c1ee60e8d13265f03fcf9fb,15688406,30,1666110024,2022-10-18T16:20:24+00:00,False,sell_MOO,182098367966165889,53618538404468521,0,504485302164374452,0.182098367966165889,-0.450866763759905931,483407332859737960137430,1343261920019952340953748,483407514958105926303319,1343261469153188581047817,2.77873716162618427529183649298524000027777477487624235800847,2.77873518219840069626223561030412388453239309993335742700073
0x056fd52985a9b51b5ba10957674de573d519b2705f83edd950fdf68103ddbad0,15688406,146,1666110024,2022-10-18T16:20:24+00:00,False,buy_MOO,0,5624780142341962312200,2009760068808052519972,0,-2009.760068808052519972,5624.7801423419623122,483407514958105926303319,1343261469153188581047817,481397754889297873783347,1348886249295530543360017,2.77873518219840069626223561030412388453239309993335742700073,2.80202023294794995637118498203376462473967268014125900832147
0x556314e295e260b260ae5a9f2269f7c99362f9f4f6cb879e9d8748bda6ee1a3a,15688407,22,1666110029,2022-10-18T16:20:29+00:00,False,sell_MOO,91661251440832249254,53843066142609037,0,256017569909396400942,91.661251440832249254,-255.963726843253791905,481397754889297873783347,1348886249295530543360017,481489416140738706032601,1348630285568687289568112,2.80202023294794995637118498203376462473967268014125900832147,2.80095520349814808509207609356572065130490589403014888715484
0x111c65b34f6b9ef80840d6ddc6e1c86d203ae820f5680b43ab198b379d4d078b,15688407,143,1666110029,2022-10-18T16:20:29+00:00,False,sell_MOO,55809973957840332513,0,0,155834264519194424612,55.809973957840332513,-155.834264519194424612,481489416140738706032601,1348630285568687289568112,481545226114696546365114,1348474451304168095143500,2.80095520349814808509207609356572065130490589403014888715484,2.80030696635539391130910481124680913618754584954493435657190
0xda45b30e7420c1144c8e34632d4fcd6ceaddf7b33ff40807dfcd8072014232fb,15688407,239,1666110029,2022-10-18T16:20:29+00:00,False,sell_MOO,1793235441566964338,0,0,5006526282270447744,1.793235441566964338,-5.006526282270447744,481545226114696546365114,1348474451304168095143500,481547019350138113329452,1348469444777885824695756,2.80030696635539391130910481124680913618754584954493435657190,2.80028614152297123517297079491676981577063121706043391682651
0x47e4b373c1364aa4700ff4c038c97d7994ec09c92ce26e35f6047c186e140438,15688411,83,1666110049,2022-10-18T16:20:49+00:00,True,buy_MOO,0,492863289330953859816982,128610639694356387866889,0,-128610.639694356387866889,492863.289330953859816982,481547019350138113329452,1348469444777885824695756,352936379655781725462563,1841332734108839684512738,2.80028614152297123517297079491676981577063121706043391682651,5.21718031987716452515189622683736649062114374429136781588180
0x82ca23145223a6ba147fc48fb12eeb6fc5d05d7e94f463783f7c6f838391ed50,15688411,93,1666110049,2022-10-18T16:20:49+00:00,False,sell_MOO,26644988139621576008,1,0,138584241570107889782,26.644988139621576008,-138.584241570107889781,352936379655781725462563,1841332734108839684512738,352963024643921347038571,1841194149867269576622957,5.21718031987716452515189622683736649062114374429136781588180,5.21639384670594340830543451077441664031103356967109603135577
0x2411f0a0d0422cd68b6ea91e7c18288c98f4b7699f7fdffe14c932cb454ba93f,15688411,158,1666110049,2022-10-18T16:20:49+00:00,False,sell_MOO,530671896034347351,0,0,2759884895278042033,0.530671896034347351,-2.759884895278042033,352963024643921347038571,1841194149867269576622957,352963555315817381385922,1841191389982374298580924,5.21639384670594340830543451077441664031103356967109603135577,5.21637818480990594038982415964032064025631857106973686859567
0x2411f0a0d0422cd68b6ea91e7c18288c98f4b7699f7fdffe14c932cb454ba93f,15688411,199,1666110049,2022-10-18T16:20:49+00:00,False,sell_MOO,122888529569410776,0,0,639109723828577030,0.122888529569410776,-0.63910972382857703,352963555315817381385922,1841191389982374298580924,352963678204346950796698,1841190750872650470003894,5.21637818480990594038982415964032064025631857106973686859567,5.21637455796995699616791708130482382850019493370440104143975
0xd1df951c11ea195d86013dd126082437d66859afe79bbcfc2c936065a17662b4,15688412,10,1666110054,2022-10-18T16:20:54+00:00,False,sell_MOO,5557097935696186931718,51589907449955124,0,28454297038829922157511,5557.097935696186931718,-28454.245448922472202387,352963678204346950796698,1841190750872650470003894,358520776140043137728416,1812736505423727997801507,5.21637455796995699616791708130482382850019493370440104143975,5.05615469468817681438108207156570349166953187441818410656635
0x12ee8a7b66e3d449e9f5c073e71a2eebf232d20096b0eb349b8a7268571faa29,15688412,28,1666110054,2022-10-18T16:20:54+00:00,False,sell_MOO,3939405442335025003280,0,0,19643296707702885440157,3939.40544233502500328,-19643.296707702885440157,358520776140043137728416,1812736505423727997801507,362460181582378162731696,1793093208716025112361350,5.05615469468817681438108207156570349166953187441818410656635,4.94700742268568259231101450292851018403467208412839903027903
0x72daa5b9931b91ddda87a3c386af867e9845e39151b1f0d11475403c90e4f11a,15688412,284,1666110054,2022-10-18T16:20:54+00:00,False,buy_MOO,0,110232896439455230698,22214533485009375206,0,-22.214533485009375206,110.232896439455230698,362460181582378162731696,1793093208716025112361350,362437967048893153356490,1793203441612464567592048,4.94700742268568259231101450292851018403467208412839903027903,4.94761477726355329528284484462798450279620227248909096510417
0x920f6b5f75d902d3eabd29c46e4ae65cfad23fab01a7978124b2ceb08633507e,15688412,320,1666110054,2022-10-18T16:20:54+00:00,False,buy_MOO,0,898459701618283115,181049640155135787,0,-0.181049640155135787,0.898459701618283115,362437967048893153356490,1793203441612464567592048,362437785999252998220703,1793204340072166185875163,4.94761477726355329528284484462798450279620227248909096510417,4.94761972769545079004272595454353211576757667654420955646794
0xea9ebe96cae099329fecc46d6e33d43150bada153f7f897354f84ec6eefeb5c7,15688413,10,1666110059,2022-10-18T16:20:59+00:00,False,sell_MOO,1057093200895877014277,52169113471285567,0,5199286041961777674166,1057.093200895877014277,-5199.233872848306388599,362437785999252998220703,1793204340072166185875163,363494879200148875234980,1788005106199317879486564,4.94761972769545079004272595454353211576757667654420955646794,4.91892790933871723422675253559759836230909025892293112395602
0x2ca673e9f39967eb4b5bd35229ecb6d5efa598b9749547ecbc0154a901ed9c83,15688413,89,1666110059,2022-10-18T16:20:59+00:00,False,sell_MOO,15326791305665069,0,0,75165204209664827,0.015326791305665069,-0.075165204209664827,363494879200148875234980,1788005106199317879486564,363494894526940180900049,1788005031034113669821737,4.91892790933871723422675253559759836230909025892293112395602,4.91892749514696931532349967328405922159158605733874638174737
0xf316100f42d926479fbc625a0f4bffb67971f14ccdfc7bd83563912c2fe47039,15688413,175,1666110059,2022-10-18T16:20:59+00:00,False,buy_MOO,0,24876967122996348118,5042154454385357652,0,-5.042154454385357652,24.876967122996348118,363494894526940180900049,1788005031034113669821737,363489852372485795542397,1788029908001236666169855,4.91892749514696931532349967328405922159158605733874638174737,4.91906416735110155556689721772533056504002153721942765105224
0x830c5e2805eb94fc11834110e722538ce6ee4bb9ca2fd86150ee9def4366cf5f,15688413,213,1666110059,2022-10-18T16:20:59+00:00,False,buy_MOO,0,868670747511899851,176062821364204306,0,-0.176062821364204306,0.868670747511899851,363489852372485795542397,1788029908001236666169855,363489676309664431338091,1788030776671984178069706,4.91906416735110155556689721772533056504002153721942765105224,4.91906893979768353067169406327606451062234782660448732505298
0x904afa5b2e5233604e5ae20718f5ec0ac2d74ab0ed78182d8900fbd236e2589f,15688414,82,1666110064,2022-10-18T16:21:04+00:00,False,buy_MOO,0,563313147012500457,103587048599515798,0,-0.103587048599515798,0.563313147012500457,363489676309664431338091,1788030776671984178069706,363489572722615831822293,1788031339985131190570163,4.91906893979768353067169406327606451062234782660448732505298,4.91907189136785460243057711985450473976817113961790353264000
0xbf64c22809e00f7042680be58dd1e9f27b19be63a3e9540b5e80f9a338aad573,15688414,202,1666110064,2022-10-18T16:21:04+00:00,False,sell_MOO,23210724753504874069,0,0,113825451492246215094,23.210724753504874069,-113.825451492246215094,363489572722615831822293,1788031339985131190570163,363512783447369336696362,1787917514533638944355069,4.91907189136785460243057711985450473976817113961790353264000,4.91844467635482742271667784455560172918985911464206467426188
0x9f13cdc1aa043ae24bb3d02a9967f929e8a6bb0e6073b84ff43715839bdc62f5,15688414,242,1666110064,2022-10-18T16:21:04+00:00,False,buy_MOO,0,248758230543044353,50424867568524373,0,-0.050424867568524373,0.248758230543044353,363512783447369336696362,1787917514533638944355069,363512733022501768171989,1787917763291869487399422,4.91844467635482742271667784455560172918985911464206467426188,4.91844604293736185239709011399762028899221217675659127986685
0xc71bcb52f980e498c0ec87a30db05ffdce8f7886545611906f70dd4519000b82,15688415,167,1666110069,2022-10-18T16:21:09+00:00,False,buy_MOO,0,225239429238947279,35070256673890639,0,-0.035070256673890639,0.225239429238947279,363512733022501768171989,1787917763291869487399422,363512697952245094281350,1787917988531298726346701,4.91844604293736185239709011399762028899221217675659127986685,4.91844713706858929494555234303942672485954376709397003446968
0x1f1504245b4fa207b8cb1226ffdd81402eaf6b422a93a01064a4096b57855e9a,15688416,216,1666110074,2022-10-18T16:21:14+00:00,False,buy_MOO,0,7474030089298679878,1504439233522691868,0,-1.504439233522691868,7.474030089298679878,363512697952245094281350,1787917988531298726346701,363511193513011571589482,1787925462561388025026579,4.91844713706858929494555234303942672485954376709397003446968,4.91848805337376981104735700494192389762554231866390475177238
0x800045b377d784963cbbc1ac82d1d1be52963ad367e96cdbac665435a317ca31,15688416,343,1666110074,2022-10-18T16:21:14+00:00,False,buy_MOO,0,19806661877439594,4014900810861581,0,-0.004014900810861581,0.019806661877439594,363511193513011571589482,1787925462561388025026579,363511189498110760727901,1787925482368049902466173,4.91848805337376981104735700494192389762554231866390475177238,4.91848816218446035885100565287034938508164660813636786904916
0xa8e3cb54599d00777dff05cfdd8b9de42f2e832f184f9f4d0f741f01244b6919,15688416,459,1666110074,2022-10-18T16:21:14+00:00,False,buy_MOO,0,4053474341014855,821657748396856,0,-0.000821657748396856,0.004053474341014855,363511189498110760727901,1787925482368049902466173,363511188676453012331045,1787925486421524243481028,4.91848816218446035885100565287034938508164660813636786904916,4.91848818445279349969631015674333216142391703401773900318582
0x262f8485df7496975aba0546d162ac421ed8f939ae5b3cbaf00172a48e512b0b,15688417,62,1666110079,2022-10-18T16:21:19+00:00,False,sell_MOO,1308386088303411438,52229456581789511,0,6415952647810423454,1.308386088303411438,-6.363723191228633943,363511188676453012331045,1787925486421524243481028,363512497062541315742483,1787919122698333014847085,4.91848818445279349969631015674333216142391703401773900318582,4.91845297519641118242152577491138063892413174571717127089388
0x981ad1548aa23a200129480d62175ad398f83aadcbb704e8707190efa986333d,15688417,199,1666110079,2022-10-18T16:21:19+00:00,False,buy_MOO,0,5554071335907102,1125843661141886,0,-0.001125843661141886,0.005554071335907102,363512497062541315742483,1787919122698333014847085,363512495936697654600597,1787919128252404350754187,4.91845297519641118242152577491138063892413174571717127089388,4.91845300570837587314266760378519650046895412288687108448937
0xb3e732f9686d0ef8bdfc01f1d4a8fe72d22ce1da1a72c325f3a172fbdfee8576,15688419,146,1666110089,2022-10-18T16:21:29+00:00,False,buy_MOO,0,119620255817507394744,24224956184364956126,0,-24.224956184364956126,119.620255817507394744,363512495936697654600597,1787919128252404350754187,363488270980513289644471,1788038748508221858148931,4.91845300570837587314266760378519650046895412288687108448937,4.91910988952950046570611526536605574399618200144734868866413
0x981b1a4f0df6c90a42d6eb5b9708f67f48469a1137c76981731ce9793d68c8b8,15688420,118,1666110094,2022-10-18T16:21:34+00:00,False,buy_MOO,0,408164131167152367,65178202027878353,0,-0.065178202027878353,0.408164131167152367,363488270980513289644471,1788038748508221858148931,363488205802311261766118,1788039156672353025301298,4.91910988952950046570611526536605574399618200144734868866413,4.91911189449928410870129399868862649006830298305817848536346
0x0a6f079a324c29c966863a1992e4adacd805fda9911f0e3dea31e3a68dde5d1a,15688434,26,1666110164,2022-10-18T16:22:44+00:00,False,sell_MOO,562459124650736942892,352476265805904857,0,2754249850763242926097,562.459124650736942892,-2753.89737449743702124,363488205802311261766118,1788039156672353025301298,364050664926961998709010,1785285259297855588280058,4.91911189449928410870129399868862649006830298305817848536346,4.90394725595688746864831029742224874291441910854395018744141
0xa9b2763988d2e059986d707a85970b54fb4e5bdeb6d5db5120797a774d845bf4,15688434,66,1666110164,2022-10-18T16:22:44+00:00,False,buy_MOO,0,84655219284200177869,17210067574381182660,0,-17.21006757438118266,84.655219284200177869,364050664926961998709010,1785285259297855588280058,364033454859387617526350,1785369914517139788457927,4.90394725595688746864831029742224874291441910854395018744141,4.90441164317373191493098912894449733622436959032714358038037
0xa9b2763988d2e059986d707a85970b54fb4e5bdeb6d5db5120797a774d845bf4,15688434,86,1666110164,2022-10-18T16:22:44+00:00,False,buy_MOO,0,47311489098945473096,9617526397572780482,0,-9.617526397572780482,47.311489098945473096,364033454859387617526350,1785369914517139788457927,364023837332990044745868,1785417226006238733931023,4.90441164317373191493098912894449733622436959032714358038037,4.90467118606035696563743230680857473315059541064119094079771
0x91d2826130c61a1ab1b3b7002bd703606a97d8db50d7e1fc8979f0a7c3300d91,15688441,20,1666110199,2022-10-18T16:23:19+00:00,False,sell_MOO,10000000000000000000000,234936500255826331,0,47595997490817493987476,10000,-47595.762554317238161145,364023837332990044745868,1785417226006238733931023,374023837332990044745868,1737821463451921495769878,4.90467118606035696563743230680857473315059541064119094079771,4.64628531658198763491956923411890122657479585670741123999830
0x8218be5d80a988fb6e554b63ac3057d8266da77f0bd179938ca3165d19c0024f,15688441,137,1666110199,2022-10-18T16:23:19+00:00,False,buy_MOO,0,2413206420470924361549,517109959215655044072,0,-517.109959215655044072,2413.206420470924361549,374023837332990044745868,1737821463451921495769878,373506727373774389701796,1740234669872392420131427,4.64628531658198763491956923411890122657479585670741123999830,4.65917891789646579399680050401174679591336700616196852581516
0x8218be5d80a988fb6e554b63ac3057d8266da77f0bd179938ca3165d19c0024f,15688441,167,1666110199,2022-10-18T16:23:19+00:00,False,buy_MOO,0,1358453117616009396672,290464162487075794142,0,-290.464162487075794142,1358.453117616009396672,373506727373774389701796,1740234669872392420131427,373216263211287313907654,1741593122990008429528099,4.65917891789646579399680050401174679591336700616196852581516,4.66644488641709545218538169036650037194438581689151795273421
0x83ea434d0f4ebd7362736db76225efc0c0446c39377800c75fd5ce97bb90fab6,15688441,193,1666110199,2022-10-18T16:23:19+00:00,False,buy_MOO,0,3665321644679925284,783105361996538497,0,-0.783105361996538497,3.665321644679925284,373216263211287313907654,1741593122990008429528099,373215480105925317369157,1741596788311653109453383,4.66644488641709545218538169036650037194438581689151795273421,4.66646449878594632898822279552448527094089814786439744208365
0xbf8e06a1389080ea0389421e6fd3692a6edfc71fe645968fae66cb54f5421f50,15688441,227,1666110199,2022-10-18T16:23:19+00:00,False,buy_MOO,0,84011741110740365712,17948422793078874904,0,-17.948422793078874904,84.011741110740365712,373215480105925317369157,1741596788311653109453383,373197531683132238494253,1741680800052763849819095,4.66646449878594632898822279552448527094089814786439744208365,4.66691403932317123308085541865672270868987616381074525204995
0xce252c35da68ef65acde1080223624c9156cea660c34799e0170f80a1a503e8f,15688441,251,1666110199,2022-10-18T16:23:19+00:00,False,buy_MOO,0,2879752871183192301,615205006013101614,0,-0.615205006013101614,2.879752871183192301,373197531683132238494253,1741680800052763849819095,373196916478126225392639,1741683679805635033011396,4.66691403932317123308085541865672270868987616381074525204995,4.66692944904789532442003741637345315968701247096337278029385
0xa4fe2a4c3325ddef200074d88c0842e6035c5a4a0cb88ae0bbb64bb4cae2d40c,15688443,124,1666110209,2022-10-18T16:23:29+00:00,False,buy_MOO,0,758338746792914397,96497151616841372,0,-0.096497151616841372,0.758338746792914397,373196916478126225392639,1741683679805635033011396,373196819980974608551267,1741684438144381825925793,4.66692944904789532442003741637345315968701247096337278029385,4.66693268777899031180296744771939115193804295187999518515974
0xb7eb0ffc5846672c8a01efc3bf5bd3a8f11a1502574a830914ac885a4b63a49d,15688452,137,1666110254,2022-10-18T16:24:14+00:00,False,buy_MOO,0,9905463610408239142696,2104066726511024788000,0,-2104.066726511024788,9905.463610408239142696,373196819980974608551267,1741684438144381825925793,371092753254463583763267,1751589901754790065068489,4.66693268777899031180296744771939115193804295187999518515974,4.72008651851441554261402864730317888039761318449390319923924
0x78f672d5dc9dd3fa8e76424a6f8de74b7b9a1b408c21bc4e848cf48475b54a6a,15688453,108,1666110259,2022-10-18T16:24:19+00:00,False,sell_MOO,2128851072909233578,269021195885588171,0,10018158866569720773,2.128851072909233578,-9.749137670684132602,371092753254463583763267,1751589901754790065068489,371094882105536492996845,1751580152617119380935887,4.72008651851441554261402864730317888039761318449390319923924,4.72003316962744755230718534522456765380971759707499233695195
0xd19a70b637151f1d1dd96cd04805c27db6ea83708dbf699c8b233af8fdbc1133,15688454,6,1666110264,2022-10-18T16:24:24+00:00,False,sell_MOO,10013555914765199816,269020660313180457,0,47121255418680957430,10.013555914765199816,-46.852234758367776973,371094882105536492996845,1751580152617119380935887,371104895661451258196661,1751533300382361013158914,4.72003316962744755230718534522456765380971759707499233695195,4.71977955790762847838488556594765345261811402766022153162752
0x25d121ca5b6cb1dfcef11cabacd25fc062249c78424bc47e47408c27e861e6cb,15688457,299,1666110279,2022-10-18T16:24:39+00:00,False,buy_MOO,0,9906164972272237765171,2080719544982520924425,0,-2080.719544982520924425,9906.164972272237765171,371104895661451258196661,1751533300382361013158914,369024176116468737272236,1761439465354633250924085,4.71977955790762847838488556594765345261811402766022153162752,4.77323595405494648852726844295031131548116033322998262697259
0xf33fc4e1b35cb16cf6ebff1de63d777bb52e8aa9c4574b14f8535ff88daefec4,15688458,6,1666110284,2022-10-18T16:24:44+00:00,False,sell_MOO,61437746354932887869,270504236202233418,0,292328566344165253964,61.437746354932887869,-292.058062107963020546,369024176116468737272236,1761439465354633250924085,369085613862823670160105,1761147407292525287903539,4.77323595405494648852726844295031131548116033322998262697259,4.77165010269699305124276821342780054843714118425579236079501
0x82caecf4203f33ec55bc0592b0fc1724a2bccc844dbcd0d2a50d3e6ffc66b58e,15688458,116,1666110284,2022-10-18T16:24:44+00:00,False,sell_MOO,164248286032557601,0,0,781383798178720398,0.164248286032557601,-0.781383798178720398,369085613862823670160105,1761147407292525287903539,369085778111109702717706,1761146625908727109183141,4.77165010269699305124276821342780054843714118425579236079501,4.77164586216744161831005209454162851558092162650062177630328
0xf2cef80244ef2f50334b8138f008b5c4c3664600993acd3f5e41b5b9eb9d581c,15688458,158,1666110284,2022-10-18T16:24:44+00:00,False,sell_MOO,124633249514562505,0,0,592921412529008134,0.124633249514562505,-0.592921412529008134,369085778111109702717706,1761146625908727109183141,369085902744359217280211,1761146032987314580175007,4.77164586216744161831005209454162851558092162650062177630328,4.77164264441479099420475018658661097858644054836365030729973
0x2f708cd2ba7a15c3812d13ed4aa40211486067658e397ff801be6f5a4addd07d,15688459,34,1666110289,2022-10-18T16:24:49+00:00,False,sell_MOO,24085747458983986460,270486359817227802,0,114576339385800540420,24.08574745898398646,-114.305853025983312618,369085902744359217280211,1761146032987314580175007,369109988491818201266671,1761031727134288596862389,4.77164264441479099420475018658661097858644054836365030729973,4.77102159800621091924105846279725183011384096123903092661643
0x9179fe0ac41e142ae2c89e3197c33d6f4fb72600b95089bd4929e1ad21c0e702,15688459,74,1666110289,2022-10-18T16:24:49+00:00,False,sell_MOO,4733785767442677975,0,0,22516951243863989526,4.733785767442677975,-22.516951243863989526,369109988491818201266671,1761031727134288596862389,369114722277585643944646,1761009210183044732872863,4.77102159800621091924105846279725183011384096123903092661643,4.77089940850073042702712094967978832817972407014186486272262
0x8402d2a17f2b66a881c3b6567e90051b73a5e9738c8aeb831c2b07f176be910c,15688460,10,1666110294,2022-10-18T16:24:54+00:00,False,sell_MOO,129428185130572666449,270478035574057446,0,615421238407689244255,129.428185130572666449,-615.150760372115186809,369114722277585643944646,1761009210183044732872863,369244150462716216611095,1760394059422672617686054,4.77089940850073042702712094967978832817972407014186486272262,4.76756113053285954267325399655421374740167183399607367356025
0x3acba3335aebaf170d6e0dc271d48d310357d8016ceac554cb4bf13fc4f1164e,15688472,36,1666110354,2022-10-18T16:25:54+00:00,False,sell_MOO,643467302768458757103,270440047559196268,0,3053261555547977528721,643.467302768458757103,-3052.991115500418332453,369244150462716216611095,1760394059422672617686054,369887617765484675368198,1757341068307172199353601,4.76756113053285954267325399655421374740167183399607367356025,4.75101350762532871382688800919611711209429530585385306371460
0xc9490ffa8b2b40f1831efcbcf604ee604ecabdbe2b6408eb7fd04528aa7f0a57,15688492,22,1666110454,2022-10-18T16:27:34+00:00,False,sell_MOO,346324676464486397103,810759035257418775,0,1638927117241095656593,346.324676464486397103,-1638.116358205838237818,369887617765484675368198,1757341068307172199353601,370233942441949161765301,1755702951948966361115783,4.75101350762532871382688800919611711209429530585385306371460,4.74214476492590043861259739184873019305994925684734312597080
0x68e4fa343e8ce8f82e6cd8af3d7e33eaab2e3bfb4ba9ffbac7e6784cc6f80b1d,15688499,30,1666110489,2022-10-18T16:28:09+00:00,False,sell_MOO,98650955245680726477,540306121838279428,0,466289786791748856286,98.650955245680726477,-465.749480669910576858,370233942441949161765301,1755702951948966361115783,370332593397194842491778,1755237202468296450538925,4.74214476492590043861259739184873019305994925684734312597080,4.73962387800347427385378690897127654692337007152484145688003
0xcffc9f8a7cf27cb2b9197ebcb567e0fcf43e218c3c1c8f72e50716f90d7ca8b1,15688513,33,1666110559,2022-10-18T16:29:19+00:00,False,buy_MOO,0,26410372729770019596,5384990354761002210,0,-5.38499035476100221,26.410372729770019596,370332593397194842491778,1755237202468296450538925,370327208406840081489568,1755263612841026220558521,4.73962387800347427385378690897127654692337007152484145688003,4.73976411399051241782183840228058597703427190110268852936845
0x85f4353c4c869be94fd484b5d8715fabf3ad3f1bb41d59320bdfccc54a8825a1,15688523,85,1666110609,2022-10-18T16:30:09+00:00,False,sell_MOO,394647838547106132791,540252422619746379,0,1862946713025651376094,394.647838547106132791,-1862.406460603031629715,370327208406840081489568,1755263612841026220558521,370721856245387187622359,1753401206380423188928806,4.73976411399051241782183840228058597703427190110268852936845,4.72969472083085574288828530705316134358310701548899892246480
0x6dbb80ab749ea8f87599fbf869aa59243ad31f101a00f33deb27093f07915dcf,15688523,115,1666110609,2022-10-18T16:30:09+00:00,False,buy_MOO,0,90138190271846388653,18999782271810944039,0,-18.999782271810944039,90.138190271846388653,370721856245387187622359,1753401206380423188928806,370702856463115376678320,1753491344570695035317459,4.72969472083085574288828530705316134358310701548899892246480,4.73018028860310644384317058276531866682678284019296786861481
0x1362b367419a82a45bf80c44acab6a767d973cc094d2a27de25d05f7e4ebd99a,15688535,30,1666110669,2022-10-18T16:31:09+00:00,False,sell_MOO,293598807551164845090,540030820855185599,0,1383516500543666313745,293.59880755116484509,-1382.976469722811128146,370702856463115376678320,1753491344570695035317459,370996455270666541523410,1752108368100972224189313,4.73018028860310644384317058276531866682678284019296786861481,4.72270918821230478225204948318947449281077920657482880896955
0x8b28640c3674909f155b92ef8c19484bbb658456ed5cff9fb51af13ea9ebe339,15688535,60,1666110669,2022-10-18T16:31:09+00:00,False,buy_MOO,0,67269480062172068530,14200557733559622709,0,-14.200557733559622709,67.26948006217206853,370996455270666541523410,1752108368100972224189313,370982254712932981900701,1752175637581034396257843,4.72270918821230478225204948318947449281077920657482880896955,4.72307129336111342768515244807275366418631854606554221176204
0xed9ae07fbd972769f947de7591173f5ccd6a6cd7db6e8388a9e519b75de30fbe,15688548,29,1666110734,2022-10-18T16:32:14+00:00,False,sell_MOO,207835103397466577016,269933932815893600,0,978128818150612074405,207.835103397466577016,-977.858884217796180805,370982254712932981900701,1752175637581034396257843,371190089816330448477717,1751197778696816600077038,4.72307129336111342768515244807275366418631854606554221176204,4.71779238385198110055786720711028024641022538848899214105755
0x02013bed0c5901b3ab4ecf9f5a49d983002bedc380617683116ac4cc6b06360e,15688548,59,1666110734,2022-10-18T16:32:14+00:00,False,buy_MOO,0,50750435891910803108,10724660721063108461,0,-10.724660721063108461,50.750435891910803108,371190089816330448477717,1751197778696816600077038,371179365155609385369256,1751248529132708510880146,4.71779238385198110055786720711028024641022538848899214105755,4.71806542478064008218262044392584415581897099981537023693331
0x405de5ad85571dca841596d827ffd1cb61f06e501f7f0e0fc9c513bbf361f22b,15688552,49,1666110754,2022-10-18T16:32:34+00:00,False,buy_MOO,0,893026772232988055,131681091269426059,0,-0.131681091269426059,0.893026772232988055,371179365155609385369256,1751248529132708510880146,371179233474518115943197,1751249422159480743868201,4.71806542478064008218262044392584415581897099981537023693331,4.71806950449911429097712550378841317320450677910935010188282
0xfa38e0ac0d39ffd21fa75bed58b5388067cf50926f454b51ff13618a178d8ccb,15688592,21,1666110954,2022-10-18T16:35:54+00:00,False,sell_MOO,289526837525819735415,538699947842938930,0,1360849553880712215911,289.526837525819735415,-1360.310853932869276981,370454061926980541176299,1747828281744819223099774,370743588764506360911714,1746467970890886353822793,4.71807023157794436089030965952089130230697532324098844494244,4.71071658099590265388256432971620937282651718869277469596561
0xd1b2cf9d0fd629144d0f06dc2e9ea3921cd636409d108675302f1c3c2df04f4d,15688592,47,1666110954,2022-10-18T16:35:54+00:00,False,buy_MOO,0,57354331157342017264,12138364726337800772,0,-12.138364726337800772,57.354331157342017264,370743588764506360911714,1746467970890886353822793,370731450399780023110942,1746525325222043695840057,4.71071658099590265388256432971620937282651718869277469596561,4.71102552356610102313295377911993661831786502280078394094805
0xd1b2cf9d0fd629144d0f06dc2e9ea3921cd636409d108675302f1c3c2df04f4d,15688592,77,1666110954,2022-10-18T16:35:54+00:00,False,buy_MOO,0,27801573951304138458,5883587171740163219,0,-5.883587171740163219,27.801573951304138458,370731450399780023110942,1746525325222043695840057,370725566812608282947723,1746553126795994999978515,4.71102552356610102313295377911993661831786502280078394094805,4.71117528206202790814900505750744993134587429282359817568057
0x8a63a9444611fd8889610b51b18c70c971c7ce90e9300a6a9771a468262c4d03,15688594,15,1666110964,2022-10-18T16:36:04+00:00,False,buy_MOO,0,3838291486440434224,698359454965602400,0,-0.6983594549656024,3.838291486440434224,370725566812608282947723,1746553126795994999978515,370724868453153317345323,1746556965087481440412739,4.71117528206202790814900505750744993134587429282359817568057,4.71119451029810069124383690139500279577537556927443136460160
0x3d5f01ec47ccadae4fc823cfd2923eb54f90daa8c28ed9008e03bbd6d0de9475,15688600,253,1666110994,2022-10-18T16:36:34+00:00,False,buy_MOO,0,1676955043123864024,240967886801999051,0,-0.240967886801999051,1.676955043123864024,370724868453153317345323,1746556965087481440412739,370724627485266515346272,1746558642042524564276763,4.71119451029810069124383690139500279577537556927443136460160,4.71120209598683051629365021191585923018959480119669561149751
0xe2189763c579eb152552b8a1e3529685018c8055fd260c5e6a324f0767e0ec47,15688601,66,1666110999,2022-10-18T16:36:39+00:00,False,sell_MOO,25283383580791054152,269146184391045224,0,118749709907779605846,25.283383580791054152,-118.480563723388560622,370724627485266515346272,1746558642042524564276763,370749910868847306400424,1746440161478801175716141,4.71120209598683051629365021191585923018959480119669561149751,4.71056124433325614817536126643699195558132559195423008652926
0xab54d7d91d4482c7f27ed1ecba9d606cf3878527074b6ca2fc61998e029d28a9,15688601,99,1666110999,2022-10-18T16:36:39+00:00,False,sell_MOO,1648213017905611059,0,0,7740682030567796139,1.648213017905611059,-7.740682030567796139,370749910868847306400424,1746440161478801175716141,370751559081865212011483,1746432420796770607920002,4.71056124433325614817536126643699195558132559195423008652926,4.71051942471034339340938767286961617923721859381460699114914
0x7e149d28ff3a2ca734ef87c860ac8a83912542e08b43ede4bd2dbed13d4ac7b8,15688602,74,1666111004,2022-10-18T16:36:44+00:00,False,complex,39226398254089720,269137668621366834,0,184222361371810343,0.03922639825408972,0.084915307249556491,370751559081865212011483,1746432420796770607920002,370751598308263466101203,1746432505712077857476493,4.71051942471034339340938767286961617923721859381460699114914,4.71051915536179805085709699023513571734101634833491818556518
0x49b37fced9370223dd1efa8b15b72913e2c79f1693119e1263df0d467c0a5ace,15688602,107,1666111004,2022-10-18T16:36:44+00:00,False,sell_MOO,6567448400752341802,0,0,30842738513654563045,6.567448400752341802,-30.842738513654563045,370751598308263466101203,1746432505712077857476493,370758165756664218443005,1746401662973564202913448,4.71051915536179805085709699023513571734101634833491818556518,4.71035252698860722187623271986816509869084425002212164970575
0x16fb745117ad6d750241894beeac219f03205d51117c5faa8f148fdef7c0f7fe,15688602,150,1666111004,2022-10-18T16:36:44+00:00,False,sell_MOO,9402300000000000,0,0,44155282005407938,0.0094023,-0.044155282005407938,370758165756664218443005,1746401662973564202913448,370758175158964218443005,1746401618818282197505510,4.71035252698860722187623271986816509869084425002212164970575,4.71035228844112399512767768244795349850902652300598036232675
0xd8bd646edfbeee8ef274b1e62a3fe7ed0d65a47635d4ac309ab1f4cae6085d50,15688604,118,1666111014,2022-10-18T16:36:54+00:00,False,sell_MOO,25221886729413445652,538271523960222019,0,118439526942600291117,25.221886729413445652,-117.901255418640069098,370758175158964218443005,1746401618818282197505510,370783397045693631888657,1746283717562863557436412,4.71035228844112399512767768244795349850902652300598036232675,4.70971389624454954858866306052689945857742287524004361513195
0xda2d4c60f0af5b1c34b7d50360829126da60ee17f619b6f554d0af7b44b1a2e8,15688605,97,1666111019,2022-10-18T16:36:59+00:00,False,buy_MOO,0,1302425858122764705191,275505655354459560693,0,-275.505655354459560693,1302.425858122764705191,370506843104542426828478,1744981496516028113694601,370231337449187967267785,1746283922374150878399792,4.70971462198786735348480852135093816270517015239860561054147,4.71673720113932247416343955418884785590871913825488221603127
0xda2d4c60f0af5b1c34b7d50360829126da60ee17f619b6f554d0af7b44b1a2e8,15688605,118,1666111019,2022-10-18T16:36:59+00:00,False,buy_MOO,0,45498637481137243,9617271104142135,0,-0.009617271104142135,0.045498637481137243,370231337449187967267785,1746283922374150878399792,370231327831916863125650,1746283967872788359537035,4.71673720113932247416343955418884785590871913825488221603127,4.71673744655555562647255116756570389465037413047153510388641
0x488c41003c6d3e808bcff81e93b141ac61a792d59fc819c026201ebffafcb1e9,15688605,301,1666111019,2022-10-18T16:36:59+00:00,False,sell_MOO,6794447590749802388,0,0,31950897903266217432,6.794447590749802388,-31.950897903266217432,370231327831916863125650,1746283967872788359537035,370238122279507612928038,1746252016974885093319603,4.71673744655555562647255116756570389465037413047153510388641,4.71656458882040619220053790265364003741459615531373287821968
0x665e5df96af45be1b4cb564dc46e98579a5faf8e0002704c7bac2fc17dcca4f6,15688605,319,1666111019,2022-10-18T16:36:59+00:00,False,sell_MOO,1459126094755816267,0,0,6861389321802328379,1.459126094755816267,-6.861389321802328379,370238122279507612928038,1746252016974885093319603,370239581405602368744305,1746245155585563290991224,4.71656458882040619220053790265364003741459615531373287821968,4.71652746839222621517540264548728305348521181902135747095889
0xb5e958cd24bf49ef6861ef7a7e8905b272879063c85e145b1c55f5a4d7781dfb,15688606,26,1666111024,2022-10-18T16:37:04+00:00,False,sell_MOO,26510257999963222920,269091794238435513,0,124652352267170988608,26.51025799996322292,-124.383260472932553095,370239581405602368744305,1746245155585563290991224,370266091663602331967225,1746120772325090358438129,4.71652746839222621517540264548728305348521181902135747095889,4.71585384575666894967543028464377702043630565006195964350110
0xf367a44de517dd499752dfd5b54cd164153e88ada65b30edd59b75cdfddf1d34,15688606,119,1666111024,2022-10-18T16:37:04+00:00,False,sell_MOO,1425788183108452011,0,0,6703611524248641625,1.425788183108452011,-6.703611524248641625,370266091663602331967225,1746120772325090358438129,370267517451785440419236,1746114068713566109796504,4.71585384575666894967543028464377702043630565006195964350110,4.71581758165145333754277377671652665941954595181753552788559
0x3fd7fd52f21ffb704232ca119fb6d083feb3e3ab5376577eccafa162f56f4301,15688607,53,1666111029,2022-10-18T16:37:09+00:00,False,sell_MOO,1447544194601643611,269083687707252382,0,6805848772692580857,1.447544194601643611,-6.536765084985328475,370267517451785440419236,1746114068713566109796504,370268964995980042062847,1746107531948481124468029,4.71581758165145333754277377671652665941954595181753552788559,4.71578149134761636775053794155215269294424405951088721996324
0x077bf0cbb52e3d452ee51f1c0e65b6c6bb6207c1ad738dc28ce8ae9f5fd7260f,15688608,128,1666111034,2022-10-18T16:37:14+00:00,False,sell_MOO,67612965443856069,269082638896847422,0,317891369227807884,0.067612965443856069,-0.048808730330960462,370268964995980042062847,1746107531948481124468029,370269032608945485918916,1746107483139750793507567,4.71578149134761636775053794155215269294424405951088721996324,4.71578049840284117095890699631103706941553605133692302143325
0x45eee7f0d371e03ea34bf0747cefcaee24662ae2b65b29307efb35b2f729a923,15688609,80,1666111039,2022-10-18T16:37:19+00:00,False,sell_MOO,1433270388573106617,269083324873649729,0,6738685575278301526,1.433270388573106617,-6.469602250404651797,370269032608945485918916,1746107483139750793507567,370270465879334059025533,1746101013537500388855770,4.71578049840284117095890699631103706941553605133692302143325,4.71574477157065551405000820221283707120592061493137302188420
0x6074b80cef64687554318d5ceeaba07ac0c2e72916c0044ea3dafe696d6cc736,15688610,110,1666111044,2022-10-18T16:37:24+00:00,False,sell_MOO,395486240790333893,269082328589016034,0,1859415155633457854,0.395486240790333893,-1.59033282704444182,370270465879334059025533,1746101013537500388855770,370270861365574849359426,1746099423204673344413950,4.71574477157065551405000820221283707120592061493137302188420,4.71573543963190522694576742551678451987982211080768988962459
0xfd44df46456812dc3f9e456a54e71ddbc7eb7b0f7e6b24ab637edb81746d89f5,15688610,140,1666111044,2022-10-18T16:37:24+00:00,False,sell_MOO,1333567727565914854,0,0,6269863822449693200,1.333567727565914854,-6.2698638224496932,370270861365574849359426,1746099423204673344413950,370272194933302415274280,1746093153340850894720750,4.71573543963190522694576742551678451987982211080768988962459,4.71570152237700915282255357159236379151333595469956760522040
0xf5b53ff59c09c3446cd2e522457d25ba2af95223e3f79e1a72c7d319fe5d6046,15688612,55,1666111054,2022-10-18T16:37:34+00:00,False,complex,14704776119537367,538164964840498503,0,69135302390353428,0.014704776119537367,0.469029662450145075,370272194933302415274280,1746093153340850894720750,370272209638078534811647,1746093622370513344865825,4.71570152237700915282255357159236379151333595469956760522040,4.71570260181618096564056375699821121271832339188600276235769
0x507c05134a045262e16ff2dbe026b0fcd8d8b8aaa227e28e97539f74ff01bb2d,15688612,72,1666111054,2022-10-18T16:37:34+00:00,False,sell_MOO,1319293337903382622,1,0,6202708806855963789,1.319293337903382622,-6.202708806855963788,370272209638078534811647,1746093622370513344865825,370273528931416438194269,1746087419661706488902037,4.71570260181618096564056375699821121271832339188600276235769,4.71566904796244256636650318889855188987481559138221250014348
0x52c45b1db9ff58e9390f96a9a84339b55e4354cc4b47f0e93d6adf0932359f9c,15688612,115,1666111054,2022-10-18T16:37:34+00:00,False,sell_MOO,298908654753191582,0,0,1405324497448459546,0.298908654753191582,-1.405324497448459546,370273528931416438194269,1746087419661706488902037,370273827840071191385851,1746086014337209040442491,4.71566904796244256636650318889855188987481559138221250014348,4.71566144580809842519643472929969225867799560022340059408089
0x1be9756db602cff9ffd683ad124427046bdc5b4db7c9abdcd4c1e2f6c4ed05f3,15688612,151,1666111054,2022-10-18T16:37:34+00:00,False,sell_MOO,978943232869249383,0,0,4602503634534158320,0.978943232869249383,-4.60250363453415832,370273827840071191385851,1746086014337209040442491,370274806783304060635234,1746081411833574506284171,4.71566144580809842519643472929969225867799560022340059408089,4.71563654843909971398892546871383093129758380635829664975208
0x6eec9de6a0105a16fdf3ddc70b22ed47aa7ee00b0b0d6f7111e516c0ab73fb76,15688612,241,1666111054,2022-10-18T16:37:34+00:00,False,sell_MOO,37644073510917750,0,0,176983203634512240,0.03764407351091775,-0.17698320363451224,370274806783304060635234,1746081411833574506284171,370274844427377571552984,1746081234850370871771931,4.71563654843909971398892546871383093129758380635829664975208,4.71563559104494277915980425483697401528418130479574378097605
0x574720cb9a648381c151bdf8d6a0cd5cc019b45f4dd002074985cbad5463dec8,15688613,59,1666111059,2022-10-18T16:37:39+00:00,False,sell_MOO,737516202113187478,269081215134821712,0,3467417192994076757,0.737516202113187478,-3.198335977859255045,370274844427377571552984,1746081234850370871771931,370275581943579684740462,1746078036514393012516886,4.71563559104494277915980425483697401528418130479574378097605,4.71561756070766136000679036760208651493664487510464041026115
0x0ce929d3afe97c3925759e466b979fd409a28a292c1615fbd29ae3afae811a39,15688613,111,1666111059,2022-10-18T16:37:39+00:00,False,sell_MOO,418704277026101727,0,0,1968523674452438205,0.418704277026101727,-1.968523674452438205,370275581943579684740462,1746078036514393012516886,370276000647856710842189,1746076067990718560078681,4.71561756070766136000679036760208651493664487510464041026115,4.71560691196750795748771024365659296552497085728199122955012
0x49520e31bff731a5b090959a5409bfdf647c398380e07560defb6927dd2ee711,15688614,48,1666111064,2022-10-18T16:37:44+00:00,False,sell_MOO,840994383444021935,269081488494576171,0,3953892577320906763,0.840994383444021935,-3.684811088826330592,370276000647856710842189,1746076067990718560078681,370276841642240154864124,1746072383179629733748089,4.71560691196750795748771024365659296552497085728199122955012,4.71558625010277348187420122877786937247757733736220833666119
0x7410459ffad38339a6ecff0a0dc7f20b3633a313cc00e0e94939f1dd9607a0bd,15688615,49,1666111069,2022-10-18T16:37:49+00:00,False,sell_MOO,453268499092654854,269081284665279664,0,2131011821002014474,0.453268499092654854,-1.86193053633673481,370276841642240154864124,1746072383179629733748089,370277294910739247518978,1746070521249093397013279,4.71558625010277348187420122877786937247757733736220833666119,4.71557544912390377590695083235274351730679332876165355862772
0x6a8ae8b8c15a7ec15eb9b37316907e1493e3319f965fb39e2895a8a17cf3a074,15688617,48,1666111079,2022-10-18T16:37:59+00:00,False,sell_MOO,1436548270209756957,538162459365310990,0,6753803175398084566,1.436548270209756957,-6.215640716032773576,370277294910739247518978,1746070521249093397013279,370278731459009457275935,1746064305608377364239703,4.71557544912390377590695083235274351730679332876165355862772,4.71554036800428523440978636559922692044504973426386956815119
0xaf79055ea8239ff7240fd8abf991f42c6f99cb55d4e404a89e29a2f8ead11d62,15688617,113,1666111079,2022-10-18T16:37:59+00:00,False,sell_MOO,7525627481955161419,0,0,35380221066891296855,7.525627481955161419,-35.380221066891296855,370278731459009457275935,1746064305608377364239703,370286257086491412437354,1746028925387310472942848,4.71554036800428523440978636559922692044504973426386956815119,4.71534898196201021675485641190683832140797077962472534322130
0x2de3da028dfc3373ffd980700c7592c275438bd13443f310fa5f9137091c928d,15688619,59,1666111089,2022-10-18T16:38:09+00:00,False,sell_MOO,338685588962816590,538156779036225322,0,1592228232903106700,0.33868558896281659,-1.054071453866881378,370286257086491412437354,1746028925387310472942848,370286595772080375253944,1746027871315856606061470,4.71534898196201021675485641190683832140797077962472534322130,4.71534182239363464501645381442116558796158342556299319754803
0xdbdeeb857e2a0c10751ae2f04f037d6de5ab1826601219cef7f0ab98a1d91807,15688621,47,1666111099,2022-10-18T16:38:19+00:00,False,sell_MOO,864760702269075110,538156913778419004,0,4065399913074984402,0.86476070226907511,-3.527242999296565398,370286595772080375253944,1746027871315856606061470,370287460532782644329054,1746024344072857309496072,4.71534182239363464501645381442116558796158342556299319754803,4.71532128460579239335495212548809016077945258240497837142129
0x41b79c1c32c2837328c958f1d2bdf49d15a5f733406e92b6558ba21274a5abee,15688622,48,1666111104,2022-10-18T16:38:24+00:00,False,complex,37494453433259783,269077830375042086,0,176267981350581646,0.037494453433259783,0.09280984902446044,370287460532782644329054,1746024344072857309496072,370287498027236077588837,1746024436882706333956512,4.71532128460579239335495212548809016077945258240497837142129,4.71532105778596792854825582654430641606477167750771883874850
0x52954a8bb6685a899cfd1f9978f0662bdf44bcaeb660a211ac12995e2f243a35,15688623,38,1666111109,2022-10-18T16:38:29+00:00,False,sell_MOO,146195725706474583273,269077803210587684,0,687021270831819845609,146.195725706474583273,-686.752193028609257925,370287498027236077588837,1746024436882706333956512,370433693752942552172110,1745337684689677724698587,4.71532105778596792854825582654430641606477167750771883874850,4.71160619059052205255380589064106683439037682210325910731072
0xd8dc8654f9d1ee3f88337054b47bbf4bee42a40d645dca6d72896f2418b8a76d,15688623,49,1666111109,2022-10-18T16:38:29+00:00,False,sell_MOO,61660602874125125,0,0,289648868713709296,0.061660602874125125,-0.289648868713709296,370433693752942552172110,1745337684689677724698587,370433755413545426297235,1745337395040809010989291,4.71160619059052205255380589064106683439037682210325910731072,4.71160462440132235802113214535457045176846539876456932244268
0xaf2d4acbcf09a6b696fef09f133fa1fc1cc0e0ef1758036d08cf585b69b8613b,15688624,37,1666111114,2022-10-18T16:38:34+00:00,False,sell_MOO,725171547537574766898,268971882537320962,0,3399835804576024258321,725.171547537574766898,-3399.566832693486937359,370433755413545426297235,1745337395040809010989291,371158926961083001064133,1741937828208115524051932,4.71160462440132235802113214535457045176846539876456932244268,4.69323974630081396443009300461578784295209597963773226059418
0x2d953eafa109e7ecb02a9db115d4a29369b7c4a0b5e850c0cbc32718a8418e39,15688630,89,1666111144,2022-10-18T16:39:04+00:00,False,complex,73263014239270,267884566594362015,0,342809420452759,0.00007326301423927,0.267541757173909256,370380232158721788759698,1738283494696002619907446,370380232231984802998968,1738283762237759793816702,4.69324046956988540764753557066666418636286514983498735311502,4.69324119098505008955065723901688952335490531395966570280002
0xed29398bccdb04349cc53c271556af316d679cc3e475bffe7b13e30bf41cebd0,15688631,142,1666111149,2022-10-18T16:39:09+00:00,False,complex,1126901778731723,267884566541532117,0,5272955364604508,0.001126901778731723,0.262611611176927609,370380232231984802998968,1738283762237759793816702,370380233358886581730691,1738284024849370970744311,4.69324119098505008955065723901688952335490531395966570280002,4.69324188573807996156336241183278823618732871781847292010062
0x84532135fb1896a248cd6ff9c177bd381c7ced880d5f97959a4de62dc53533ac,15688633,97,1666111159,2022-10-18T16:39:19+00:00,False,sell_MOO,196167876018378240,535769131457848403,0,917900817790879894,0.19616787601837824,-0.382131686333031491,370380233358886581730691,1738284024849370970744311,370380429526762600108931,1738283642717684637712820,4.69324188573807996156336241183278823618732871781847292010062,4.69323836828717046467612734118871393697940429918737700646644
0xbe9f277319711e88551f6ae5d85ce892a5188d74f0aab03075fbb9e8ae620de1,15688635,219,1666111169,2022-10-18T16:39:29+00:00,False,sell_MOO,326132579092819433,535768848545064701,0,1526024739861237769,0.326132579092819433,-0.990255891316173068,370380429526762600108931,1738283642717684637712820,370380755659341692928364,1738282652461793321539752,4.69323836828717046467612734118871393697940429918737700646644,4.69323156211869074587199897267140126202254779037319375983284
0x6b450663e029fa17cf0616cd1ab77c68b080a2af644389d4f09343716fe07564,15688645,57,1666111219,2022-10-18T16:40:19+00:00,False,sell_MOO,184201196613492291381,803651700350205431,0,861478220084578389817,184.201196613492291381,-860.674568384228184386,370380755659341692928364,1738282652461793321539752,370564956855955185219745,1737421977893409093355366,4.69323156211869074587199897267140126202254779037319375983284,4.68857603977046906944102843947948745005114628689517216740563
0x4a7bd62c2eba932d5c0bbd34604b0757d706b1a0d2ac342d34b569b1d9b46eed,15688663,39,1666111309,2022-10-18T16:41:49+00:00,False,complex,18498200000000000,2142005812405967138,0,86470022343445354,0.0184982,2.055535790062521784,370564956855955185219745,1737421977893409093355366,370564975354155185219745,1737424033429199155877150,4.68857603977046906944102843947948745005114628689517216740563,4.68858135275389628627139219486093416571483242151724373915413
0x62ce47ed82ca63b68825a4915c50e421e9a0366e3765677c05330d382a129d85,15688669,131,1666111339,2022-10-18T16:42:19+00:00,False,sell_MOO,3607986421732515142,1071002522800310131,0,16865425127652489707,3.607986421732515142,-15.794422604852179576,370564975354155185219745,1737424033429199155877150,370568583340576917734887,1737408239006594303697574,4.68858135275389628627139219486093416571483242151724373915413,4.68849308094151570687569191064244508162420224280675544710390
0x7091a04c548977a0def80ad5a3d0f6b0b21fdcc1f44946f58da4d945ad030531,15688670,120,1666111344,2022-10-18T16:42:24+00:00,False,sell_MOO,2463152148894045116,267748031607775116,0,11513750090206180142,2.463152148894045116,-11.246002058598405026,370568583340576917734887,1737408239006594303697574,370571046492725811780003,1737396993004535705292548,4.68849308094151570687569191064244508162420224280675544710390,4.68843156919071452330374425305807435709610365425975981204091
0x4f9917ccf604e35e39aa0c6db422129e8df7461732652c34f1d3877ffab861f5,15688671,37,1666111349,2022-10-18T16:42:29+00:00,False,sell_MOO,587443485094201973574,267746257250212637,0,2741592974426332810175,587.443485094201973574,-2741.325228169082597538,370571046492725811780003,1737396993004535705292548,371158489977820013753577,1734655667776366622695010,4.68843156919071452330374425305807435709610365425975981204091,4.67362518874356764707787885409275284040881145292897949200802
0x5dc7e7943a1bad5657a9a29d9a23721be8ae50ba324876cac14ce5e7c6d9dddb,15688672,90,1666111354,2022-10-18T16:42:34+00:00,False,sell_MOO,58536613360102874,267323756723482832,0,272757413203122552,0.058536613360102874,-0.00543365647963972,371158489977820013753577,1734655667776366622695010,371158548514433373856451,1734655662342710143055290,4.67362518874356764707787885409275284040881145292897949200802,4.67362443701132744970647007202222467821891044839010394491702
0xc9a9c90468536765ccbf6bb10c30cfd428389e0e79fc6b11345f73be9d15f349,15688674,42,1666111364,2022-10-18T16:42:44+00:00,False,complex,12562900000000000,534647429378955524,0,58538131634967655,0.0125629,0.476109297743987869,371158548514433373856451,1734655662342710143055290,371158561077333373856451,1734656138452007887043159,4.67362443701132744970647007202222467821891044839010394491702,4.67362556158466368831531935502683680838563933098903897947396
0x26939672ec5c99c5f035bf37de282a6c07309517a2bf719249954adb2b6918e5,15688681,56,1666111399,2022-10-18T16:43:19+00:00,False,sell_MOO,778694802361212304435,1871265939678144831,0,3620836184139662867512,778.694802361212304435,-3618.964918199984722681,371158561077333373856451,1734656138452007887043159,371937255879694586160886,1731037173533807902320478,4.67362556158466368831531935502683680838563933098903897947396,4.65411073015423499216422746758665631100115006500063904809336
0xea9423a1b5df18fe76a5416f4a22287a676bd7d129767cce772f185ae828f401,15688691,6,1666111449,2022-10-18T16:44:09+00:00,False,sell_MOO,148706629551729955252,2667657078722339154,0,689745884452252938053,148.706629551729955252,-687.078227373530598899,371937255879694586160886,1731037173533807902320478,372085962509246316116138,1730350095306434371721579,4.65411073015423499216422746758665631100115006500063904809336,4.65040412607190271281498751623105571640038828305035366288754
0xe2cb2baf49411fb5b7bd806e6d0bd7f59cfa2db23f21d3837271268439da4e20,15688696,43,1666111474,2022-10-18T16:44:34+00:00,False,sell_MOO,128948824541079979,266662384145215133,0,597864946688439723,0.128948824541079979,-0.33120256254322459,372085962509246316116138,1730350095306434371721579,372086091458070857196117,1730349764103871828496989,4.65040412607190271281498751623105571640038828305035366288754,4.65040162432101868096446828575656488363458015843887686923762
0xf75044245b896d39d595871a7f8bfe4941d829060ecfcd61be5b66018f11b4c9,15688700,33,1666111494,2022-10-18T16:44:54+00:00,False,complex,12823856539129960,1066649168035632731,0,59457172986761335,0.01282385653912996,1.007191995048871396,372086091458070857196117,1730349764103871828496989,372086104281927396326077,1730350771295866877368385,4.65040162432101868096446828575656488363458015843887686923762,4.65040417092488500348726653475000587341974459564979649435199
0xa1465fe87710c5cb21a6305fb33149088a391d4384cab779a87dc288d6f1a163,15688705,70,1666111519,2022-10-18T16:45:19+00:00,False,sell_MOO,465184207099877225,266662118466117035,0,2156802004857772541,0.465184207099877225,-1.890139886391655506,372086104281927396326077,1730350771295866877368385,372086569466134496203302,1730348881155980485712879,4.65040417092488500348726653475000587341974459564979649435199,4.65039327713081672219747111351084668894047722480001615232553
0x1ea0760517a91e17333a5984393dc548c568d131e9c2e3d427bd7e9b6fb4e098,15688707,44,1666111529,2022-10-18T16:45:29+00:00,False,sell_MOO,161535755753580903,533323572168403945,0,748950854024732991,0.161535755753580903,-0.215627281856329046,372086569466134496203302,1730348881155980485712879,372086731001890249784205,1730348665528698629383833,4.65039327713081672219747111351084668894047722480001615232553,4.65039067872567653966382060110740103759709426941283133115947
0x2354e459cd87931bbedc5594b7c53312d44bfd83a18fafae4124ed5344f22ff5,15688708,72,1666111534,2022-10-18T16:45:34+00:00,False,complex,53025575018829331,266661670664408286,0,245849835951608850,0.053025575018829331,0.020811834712799436,372086731001890249784205,1730348665528698629383833,372086784027465268613536,1730348686340533342183269,4.65039067872567653966382060110740103759709426941283133115947,4.65039007193765078659654952614327857015179888141440004013472
0x3c7de626211625f5ed9bab777f2742381bd728947c97e85d73dfa348d8cbf6bb,15688710,104,1666111544,2022-10-18T16:45:44+00:00,False,complex,7202689332023011,533323265553663057,0,33394828371505561,0.007202689332023011,0.499928437182157496,372086784027465268613536,1730348686340533342183269,372086791230154600636547,1730349186268970524340765,4.65039007193765078659654952614327857015179888141440004013472,4.65039132549766209254439277604918253161707969819574884059880
0xaaab5075dbbb80703d516ebf64fc9a53dd01bf59a5ce1aa59c144fe5396a3a05,15688716,19,1666111574,2022-10-18T16:46:14+00:00,False,sell_MOO,164313966325480885872,533322926502284430,0,761496601962036426517,164.313966325480885872,-760.963279035534142087,372086791230154600636547,1730349186268970524340765,372251105196480081522419,1729588222989934990198678,4.65039132549766209254439277604918253161707969819574884059880,4.64629439334244740258755068819954315939119206348979282383321
0x01a1a6f1eaae1381f06df1622ae4375eb8ed2cc1440d7161931e02d403c8f121,15688716,28,1666111574,2022-10-18T16:46:14+00:00,False,sell_MOO,147196839871499132,0,0,681867823439543730,0.147196839871499132,-0.68186782343954373,372251105196480081522419,1729588222989934990198678,372251252393319953021551,1729587541122111550654948,4.64629439334244740258755068819954315939119206348979282383321,4.64629072434827620466892569685210907998992086939879863826887
0x4112090dc93d331115d89fedf3379546baa2189bf433dfeaa70b93db7e28aadc,15688717,129,1666111579,2022-10-18T16:46:19+00:00,False,sell_MOO,5424507221834313552,266544005130560991,0,25127861007330366536,5.424507221834313552,-24.861317002199805545,372251252393319953021551,1729587541122111550654948,372256676900541787335103,1729562679805109350849403,4.64629072434827620466892569685210907998992086939879863826887,4.64615623339701102415669966270043987740723849380667390855161
0x3c374a03d64389b30f7dc5bad9ff6ab77173a7d263cd61b3c26f15f8310546c2,15688717,163,1666111579,2022-10-18T16:46:19+00:00,False,sell_MOO,16676370461627308,0,0,77248576052812080,0.016676370461627308,-0.07724857605281208,372256676900541787335103,1729562679805109350849403,372256693576912248962411,1729562602556533298037323,4.64615623339701102415669966270043987740723849380667390855161,4.64615581774404549441590821441961925109349961909152965450809
0xda2c2a1c7097c7a7ea0282696437b3bb7414e7b829de59017fbd26e3be69c685,15688738,35,1666111684,2022-10-18T16:48:04+00:00,False,sell_MOO,9961933312146107430367,533078680736913757,0,44946635254037394277142,9961.933312146107430367,-44946.102175356657363385,372256693576912248962411,1729562602556533298037323,382218626889058356392778,1684616500381176640673938,4.64615581774404549441590821441961925109349961909152965450809,4.40746834891997145772262076280425625146903868911266432164296
0x28ee97d63dec7bb0112724e94e1dd20224b9a3ad876e0264f7203bfbab890211,15688741,21,1666111699,2022-10-18T16:48:19+00:00,False,sell_MOO,21758587961947717515,778838126577855403,0,95607160588222955495,21.758587961947717515,-94.828322461645100092,382218626889058356392778,1684616500381176640673938,382240385477020304110293,1684521672058714995573846,4.40746834891997145772262076280425625146903868911266432164296,4.40696937336043423273735005167384433584856952468686414188022
0xf6fd9c59a7ef3443e8b8d381389210913b94c8663ba5379a21bf77b8d5565b49,15688778,40,1666111884,2022-10-18T16:51:24+00:00,False,sell_MOO,108353183434897569385,778569561935344230,0,475942378727548398386,108.353183434897569385,-475.163809165613054156,382132032293585406540908,1684045200992320298138067,382240385477020304110293,1683570037183154685083911,4.40697208994638168803583457420893922305352366143516018794131,4.40447974926073919594845041948861553293975112499245738175267
0x27747177c36fa5edc50e866dc1908b0e6d55a24ef2845f15cee60cd45e50afe6,15688782,103,1666111904,2022-10-18T16:51:44+00:00,False,buy_MOO,0,1659715339299283100,140777125376360764,0,-0.140777125376360764,1.6597153392992831,382240385477020304110293,1683570037183154685083911,382240244699894927749529,1683571696898493984367011,4.40447974926073919594845041948861553293975112499245738175267,4.40448571348185089102182103688448721659452742541192815904790
0x6ca2e2f8f13ce47602ba59e560193394cf859084a5c1fce7518a13b62376524b,15688782,159,1666111904,2022-10-18T16:51:44+00:00,False,buy_MOO,0,577907369035183501,130815147834156719,0,-0.130815147834156719,0.577907369035183501,382240244699894927749529,1683571696898493984367011,382240113884747093592810,1683572274805863019550512,4.40448571348185089102182103688448721659452742541192815904790,4.40448873273801175989678822425704412442849267082898360201614
0x3a248c4ae28e932c2667c72f0a8b98b8b0dae1faccd9fbdcab3bbdaed098fd75,15688783,77,1666111909,2022-10-18T16:51:49+00:00,False,sell_MOO,1275012322223076223,259450026185058562,0,5598911455231661718,1.275012322223076223,-5.339461429046603156,382240113884747093592810,1683572274805863019550512,382241388897069316669033,1683566935344433972947356,4.40448873273801175989678822425704412442849267082898360201614,4.40446007221313246610302052618802634173211245909152515320928
0x8d2f331d4ed38d6833f91fa20aa09d376d40466a83582f62356f6999ccae50ee,15688799,153,1666111989,2022-10-18T16:53:09+00:00,False,sell_MOO,12026485182327194750,4151186613673011582,0,52809606705873412806,12.02648518232719475,-48.658420092200401224,382241388897069316669033,1683566935344433972947356,382253415382251643863783,1683518276924341772546132,4.40446007221313246610302052618802634173211245909152515320928,4.40419420514747081522650135246070373940643770296488073266479
0xee91e681c56e6aa6f3e32634d49924dcfec09cfb710f952c7e0adbdbe1edd816,15688809,242,1666112039,2022-10-18T16:53:59+00:00,False,complex,69119590278804062,2594386010888962368,0,303502795956016904,0.069119590278804062,2.290883214932945464,382253415382251643863783,1683518276924341772546132,382253484501841922667845,1683520567807556705491596,4.40419420514747081522650135246070373940643770296488073266479,4.40419940187476436406317044502432529231735973580550499670597
0xba99bf9036b4b82da7216ca3ea2fe3b01045006abf88a1a844d5914445b2f9f6,15688811,73,1666112049,2022-10-18T16:54:09+00:00,False,complex,11700529622178926,518852758917909579,0,51376869599032931,0.011700529622178926,0.467475889318876648,382253484501841922667845,1683520567807556705491596,382253496202371544846771,1683521035283446024368244,4.40419940187476436406317044502432529231735973580550499670597,4.40420049001242140997848309268488490163233099670200107950941
0xeab8fa9f62d67ad28b2f2a7639e5e050017cba01168190e92ac864e5361f99c3,15688811,126,1666112049,2022-10-18T16:54:09+00:00,False,sell_MOO,44885458917439568688,1,0,197068435477536521045,44.885458917439568688,-197.068435477536521044,382253496202371544846771,1683521035283446024368244,382298381661288984415459,1683323966847968487847200,4.40420049001242140997848309268488490163233099670200107950941,4.40316791175791573982645380075916176694579519246033564963564
0x060fb313d4e284e3c74b1e37739f9f900e6ae69db3db33cad33c43c34945b73c,15688812,66,1666112054,2022-10-18T16:54:14+00:00,False,complex,10078533448978366,259405129852328814,0,44244341491965540,0.010078533448978366,0.215160788360363274,382298381661288984415459,1683323966847968487847200,382298391739822433393825,1683324182008756848210474,4.40316791175791573982645380075916176694579519246033564963564,4.40316835848569950845775287389386523001276224622300892639376
0x7a8c06f9efde17a286054f37edc965fd9830935d8f171706718eb4e27cc73e0c,15688815,212,1666112069,2022-10-18T16:54:29+00:00,False,sell_MOO,47903748034456297500,778181742148770478,0,210269214138188659737,47.9037480344562975,-209.491032396039889259,382298391739822433393825,1683324182008756848210474,382346295487856889691325,1683114690976360808321215,4.40316835848569950845775287389386523001276224622300892639376,4.40206878120469618913244613711596872054049259725168203146733
0xaac2b34b26840856e9341d553f9902dfff7257a138025aee4f8e3936e98471a8,15688816,15,1666112074,2022-10-18T16:54:34+00:00,False,sell_MOO,555762580904882425,259357795275470365,0,2439162057014102886,0.555762580904882425,-2.179804261738632521,382346295487856889691325,1683114690976360808321215,382346851250437794573750,1683112511172099069688694,4.40206878120469618913244613711596872054049259725168203146733,4.40205668143362766390827555020426774927285549569509163927191
0x6a75e3403df82f6a5eb8331b1fefeec97cddaf7b85c7d96b418ebcf9e353bd02,15688818,164,1666112084,2022-10-18T16:54:44+00:00,False,sell_MOO,22620415311425833000000,518714920082974552,0,93747941854585579500652,22620.415311425833,-93747.4231396654965261,382346851250437794573750,1683112511172099069688694,404967266561863627573750,1589365088032433573162594,4.40205668143362766390827555020426774927285549569509163927191,3.92467544729232804040338583825483286507473330313961317531195
0x3dde746e3f117644ce9e223e3982c7d62046f7b563b31ef31ed29f8658c2ff7b,15688818,196,1666112084,2022-10-18T16:54:44+00:00,False,sell_MOO,48943994719893052240,1,0,191489952605801618087,48.94399471989305224,-191.489952605801618086,404967266561863627573750,1589365088032433573162594,405016210556583520625990,1589173598079827771544508,3.92467544729232804040338583825483286507473330313961317531195,3.92372837594807678951721304488152183691621725235866979720713
0x77efb0ce2d376e974c50aa4f49b1b2546bce074eff2efcd353c1bc1fdb36e0a9,15688819,63,1666112089,2022-10-18T16:54:49+00:00,False,complex,16046749349446293,244898241623831080,0,62774194027202992,0.016046749349446293,0.182124047596628088,405016210556583520625990,1589173598079827771544508,405016226603332870072283,1589173780203875368172596,3.92372837594807678951721304488152183691621725235866979720713,3.92372867016088606835106494516962017071335902024311366768960
0x04b8b137f368ca1d7c780412214f5e53a122c4efee788c0f7393e4110b20463e,15688819,78,1666112089,2022-10-18T16:54:49+00:00,False,sell_MOO,74301446547718269,1,0,290664046742322460,0.074301446547718269,-0.290664046742322459,405016226603332870072283,1589173780203875368172596,405016300904779417790552,1589173489539828625850137,3.92372867016088606835106494516962017071335902024311366768960,3.92372723268105749002209552056015952182003464169416156256990
0x3a3fe2ec078909189b6e5d84e5b754d1160bfcbd5ea25124afc35b659330c733,15688820,99,1666112094,2022-10-18T16:54:54+00:00,False,sell_MOO,73906093834551635,244898187157540895,0,289117338381646716,0.073906093834551635,-0.044219151224105821,405016300904779417790552,1589173489539828625850137,405016374810873252342187,1589173445320677401744316,3.92372723268105749002209552056015952182003464169416156256990,3.92372640751317527815105608829518011917467003729983754036496
0x9754c8200dd210d71db536da59c4751cbdf7d8bcb66a7cf03e995616858984a4,15688820,140,1666112094,2022-10-18T16:54:54+00:00,False,sell_MOO,4054133886082520,0,0,15859590093575637,0.00405413388608252,-0.015859590093575637,405016374810873252342187,1589173445320677401744316,405016378865007138424707,1589173429461087308168679,3.92372640751317527815105608829518011917467003729983754036496,3.92372632907955150467988220606938617640967423306025856891095
0xd82b70c4df534fab72f8b0fef4b3adea80ad7bcdcbc5372fa31e558ffcbe5d29,15688821,107,1666112099,2022-10-18T16:54:59+00:00,False,sell_MOO,390121317791550879,244898269241899624,0,1526135632695691464,0.390121317791550879,-1.28123736345379184,405016378865007138424707,1589173429461087308168679,405016768986324929975586,1589172148223723854376839,3.92372632907955150467988220606938617640967423306025856891095,3.92371938623948923887597043469952353328453014121266531346953
0x99b2e7aa6ed2736aec3fc5c435dd1a959c09971c686acf6439e49008a4032230,15688821,121,1666112099,2022-10-18T16:54:59+00:00,False,sell_MOO,390083204328203450,0,0,1525983834666376751,0.39008320432820345,-1.525983834666376751,405016768986324929975586,1589172148223723854376839,405017159069529258179036,1589170622239889188000088,3.92371938623948923887597043469952353328453014121266531346953,3.92371183949536423095514962536699780864338267789339215657217
0x97967f459989e49904bf3d552bc4266c6f4d9fc65773a2dba7be4f075b9bcc02,15688822,178,1666112104,2022-10-18T16:55:04+00:00,False,sell_MOO,85714174952667126,244897798897602373,0,335308699156313208,0.085714174952667126,-0.090410900258710835,405017159069529258179036,1589170622239889188000088,405017244783704210846162,1589170531828988929289253,3.92371183949536423095514962536699780864338267789339215657217,3.92371078588930466438436723582976265985689046653325533981264
0x188adeeef5832a7ba907b334811903adc0bc7d8002f1d7ec5d2e152dc988af73,15688823,87,1666112109,2022-10-18T16:55:09+00:00,False,complex,3632107492529649,244898082565968086,0,14208585198878821,0.003632107492529649,0.230689497367089265,405017244783704210846162,1589170531828988929289253,405017248415811703375811,1589170762518486296378518,3.92371078588930466438436723582976265985689046653325533981264,3.92371132028175059037784724715557533877147167974399082725073
0x0e23c9739f8e12be8477c071a8337aecae094dc842b764d536882090b586a91d,15688824,67,1666112114,2022-10-18T16:55:14+00:00,False,sell_MOO,4670933432007771706,244898119927763519,0,18272202105063596517,4.670933432007771706,-18.027303985135832998,405017248415811703375811,1589170762518486296378518,405021919349243711147517,1589152735214501160545520,3.92371132028175059037784724715557533877147167974399082725073,3.92362156045238876475402810791912273760620131489235714003533
0x500cf27cb1d86d34e50632552172e30fd62170f28b09071e4f659cfe9fa8958a,15688825,138,1666112119,2022-10-18T16:55:19+00:00,False,complex,40277545703693423,244829866336839590,0,157559729559088465,0.040277545703693423,0.087270136777751125,404911039084992245271174,1588717683019055450785716,404911079362537948964597,1588717770289192228536841,3.92362156045238876475402813168712400898842095609191271745811,3.92362138568880842812303095349955421505173709338682487162026
0x70c7ee31a42d993abeb58b893eb1fadb3782cb69b2c1d727826911e5c19adcc5,15688827,36,1666112129,2022-10-18T16:55:29+00:00,False,sell_MOO,3480345329080494781,489659785969962535,0,13614474020806905712,3.480345329080494781,-13.124814234836943177,404911079362537948964597,1588717770289192228536841,404914559707867029459378,1588704645474957391593664,3.92362138568880842812303095349955421505173709338682487162026,3.92355524736170821095118132792690028917873162239001338410280
0x8d2c8ab33fb44952d88aed51c5d69a5ed22a033af6ac7d177cdfd197f5d43a33,15688827,177,1666112129,2022-10-18T16:55:29+00:00,False,sell_MOO,184782361543297090,1,0,722828463967859075,0.18478236154329709,-0.722828463967859074,404914559707867029459378,1588704645474957391593664,404914744490228572756468,1588703922646493423734590,3.92355524736170821095118132792690028917873162239001338410280,3.92355167171451847051963001014109608170539098679833743249583
0xfa16681271f471c9b6ae03c7b318699022ced3b45567756a678e8dcc2d87d2f9,15688828,88,1666112134,2022-10-18T16:55:34+00:00,False,complex,2527880829984889,244828959966291296,0,9888516181664391,0.002527880829984889,0.234940443784626905,404914744490228572756468,1588703922646493423734590,404914747018109402741357,1588704157586937208361495,3.92355167171451847051963001014109608170539098679833743249583,3.92355222744180275779879919654973777262540504538457325862733
0xb184f8c5b402e3975a36fb5bcc367d0fa8cf2485d6f4af2bd67d8a6f570f1e41,15688828,123,1666112134,2022-10-18T16:55:34+00:00,False,sell_MOO,10000000000000000000,0,0,39116852554183253600,10,-39.1168525541832536,404914747018109402741357,1588704157586937208361495,404924747018109402741357,1588665040734383025107895,3.92355222744180275779879919654973777262540504538457325862733,3.92335872883396119474175370254627170654363301338650701354157
0xcf27b1e672f4e95341978c3bbf0d9f8b672a026c3b06c9076895a309b5ddaf65,15688828,174,1666112134,2022-10-18T16:55:34+00:00,False,sell_MOO,2921700171079324201,0,0,11428407022312485748,2.921700171079324201,-11.428407022312485748,404924747018109402741357,1588665040734383025107895,404927668718280482065558,1588653612327360712622147,3.92335872883396119474175370254627170654363301338650701354157,3.92330219704653355334242079363679499077775524763530705401211
0xdfaf89de3cdb0778bd3fe51d1a88fbc8698c5068f53066c3d0c25c8d945acf77,15688828,219,1666112134,2022-10-18T16:55:34+00:00,False,sell_MOO,1862045864663803659,0,0,7283419133868343568,1.862045864663803659,-7.283419133868343568,404927668718280482065558,1588653612327360712622147,404929530764145145869217,1588646328908226844278579,3.92330219704653355334242079363679499077775524763530705401211,3.92326616907954834813732493475908161425896716396248706643428
0xf6a134ca5bf3de671475d8bc8123e782d662d2bafde0e30f66ae04314cf0531a,15688828,253,1666112134,2022-10-18T16:55:34+00:00,False,sell_MOO,146964956542899535,0,0,574852686107982823,0.146964956542899535,-0.574852686107982823,404929530764145145869217,1588646328908226844278579,404929677729101688768752,1588645754055540736295756,3.92326616907954834813732493475908161425896716396248706643428,3.92326332553561595378752240958034691572155691792406774127031
0xb2c78c25bb0810bd7221fd8d0b5ac8ffda4e406102dc6c05bb33ee99c31042d1,15688831,84,1666112149,2022-10-18T16:55:49+00:00,False,sell_MOO,5328871823755851182,244824202770219000,0,20843574212051607203,5.328871823755851182,-20.598750009281388203,404929677729101688768752,1588645754055540736295756,404935006600925444619934,1588625155305531454907553,3.92326332553561595378752240958034691572155691792406774127031,3.92316082682168577624583926949034738137134339144529067979914
0x58b5abd02feffe6cb8cbd8efcbcce2beeda50c666e74deeab71bd2aaaa7ec222,15688832,128,1666112154,2022-10-18T16:55:54+00:00,False,sell_MOO,3152872928265951876,244806962654588255,0,12332024150851804775,3.152872928265951876,-12.08721718819721652,404935006600925444619934,1588625155305531454907553,404938159473853710571810,1588613068088343257691033,3.92316082682168577624583926949034738137134339144529067979914,3.92310043131639653986249850591127789378256339760022119400489
0xba82c6c48262ac71faaa386a9ff6f21096910c48a0b3731b13d150fb3ff85830,15688836,64,1666112174,2022-10-18T16:56:14+00:00,False,sell_MOO,23325450585013636917729,979224531698324977,0,86278607067792821059575,23325.450585013636917729,-86277.627843261122734598,404938159473853710571810,1588613068088343257691033,428263610058867347489539,1502335440245082134956435,3.92310043131639653986249850591127789378256339760022119400489,3.50796893539139902326569686417995463833371404744652234093610
0xa90ab5e8de03c04b3839ca1b73ffab3ff5aeea30248c404d92f74754b246528a,15688837,220,1666112179,2022-10-18T16:56:19+00:00,False,sell_MOO,19631780421001875,0,0,68661069697700377,0.019631780421001875,-0.068661069697700377,428263610058867347489539,1502335440245082134956435,428263629690647768491414,1502335371584012437256058,3.50796893539139902326569686417995463833371404744652234093610,3.50796861426035723869332927547221085008555960699180603477352
0x310743f75629a0bef69a4d00af7cec9d0567e50db2a1f7fabdd603332c75fff0,15688840,161,1666112194,2022-10-18T16:56:34+00:00,False,sell_MOO,66492934746916564150,694516746643885277,0,232519369731596149789,66.49293474691656415,-231.824852984952264512,428263629690647768491414,1502335371584012437256058,428330122625394685055564,1502103546731027484991546,3.50796861426035723869332927547221085008555960699180603477352,3.50688281628216100705612903187076675545541041994852812352629
0x1bd9d4f6e5108ae3fd454456dc8be48b8428454816eb063029035d3b47f3299b,15688841,176,1666112199,2022-10-18T16:56:39+00:00,False,sell_MOO,8880925599924667666,231478337968361524,0,31050290422730736764,8.880925599924667666,-30.81881208476237524,428330122625394685055564,1502103546731027484991546,428339003550994609723230,1502072727918942722616306,3.50688281628216100705612903187076675545541041994852812352629,3.50673815708243804347910207028187785394960916456004701574758
0x568dcfcff412f06f3a3e617ac1ec6ffc8b981509479cd27edfaa61d4c6ad0447,15688842,66,1666112204,2022-10-18T16:56:44+00:00,False,sell_MOO,10000000000000000000,231473553032909823,0,34961365666886599290,10,-34.729892113853689467,428339003550994609723230,1502072727918942722616306,428349003550994609723230,1502037998026828868926839,3.50673815708243804347910207028187785394960916456004701574758,3.50657521221013517430776686800975018677283312294935868922415
0x938fd33e78f5a63c1226c6cbd6af52d0bb82d1c6e36089482e1ed4d73e49e11b,15688847,131,1666112229,2022-10-18T16:57:09+00:00,False,complex,273899945386476554,1157355027500714114,0,957568796377599992,0.273899945386476554,0.199786231123114122,428349003550994609723230,1502037998026828868926839,428349277450939996199784,1502038197813059992040961,3.50657521221013517430776686800975018677283312294935868922415,3.50657343640574367061180175023011351483833930148382236278125
0x6dd08d61fee61819d7227bada1bf6f8ae2fda0229e67dace0a9aba59024338fb,15688847,183,1666112229,2022-10-18T16:57:09+00:00,False,sell_MOO,553879851020554739,0,0,1936391215079592201,0.553879851020554739,-1.936391215079592201,428349277450939996199784,1502038197813059992040961,428349831330791016754523,1502036261421844912448760,3.50657343640574367061180175023011351483833930148382236278125,3.50656438163017488230109570769317214979937025269699893488954
0x073ca419cc5842ea4579f73d4531093765401da1fb3cac0e6698fb93216531ae,15688848,154,1666112234,2022-10-18T16:57:14+00:00,False,complex,41840754129000565,231470967075802973,0,146277131989581680,0.041840754129000565,0.085193835086221293,428349831330791016754523,1502036261421844912448760,428349873171545145755088,1502036346615679998670053,3.50656438163017488230109570769317214979937025269699893488954,3.50656423800117696162492386359026722673268278917114644503117
0xc1097f231c4595e713254bc831f599e9a5ae091e60c5ebb22a878c1cfc3ae8f8,15688849,170,1666112239,2022-10-18T16:57:19+00:00,False,complex,2154870162482228,231470991790284835,0,7533522039563403,0.002154870162482228,0.223937469750721432,428349873171545145755088,1502036346615679998670053,428349875326415308237316,1502036570553149749391485,3.50656423800117696162492386359026722673268278917114644503117,3.50656474315196972545265711277222303788589014498750260405892
0x9aaf398213c4b608b0902ad6872b01d4048e767c3a32d30d940c44eb12d18d29,15688849,204,1666112239,2022-10-18T16:57:19+00:00,False,sell_MOO,724418944035622075,0,0,2532596992400283257,0.724418944035622075,-2.532596992400283257,428349875326415308237316,1502036570553149749391485,428350599745359343859391,1502034037956157349108228,3.50656474315196972545265711277222303788589014498750260405892,3.50655290047234270356166409636001751171555286319155796394493
0xcd72a25903a4dc0197a850f0270408edbf9883d29e136937f0999be5ee5ad346,15688854,24,1666112264,2022-10-18T16:57:44+00:00,False,sell_MOO,1291075961676357637,694412297522396514,0,4513630916114260848,1.291075961676357637,-3.819218618591864334,428350599745359343859391,1502034037956157349108228,428351890821321020217028,1502030218737538757243894,3.50655290047234270356166409636001751171555286319155796394493,3.50653341545323671862108959498623582999860247966765927684337
0xd0cf6fe4cfc0cd82781251c0bb92409bb00219c4eb2c4d12ac0a981c806c9255,15688854,107,1666112264,2022-10-18T16:57:44+00:00,False,sell_MOO,665709946585464528,1,0,2327327564089533641,0.665709946585464528,-2.32732756408953364,428351890821321020217028,1502030218737538757243894,428352556531267605681556,1502027891409974667710254,3.50653341545323671862108959498623582999860247966765927684337,3.50652253268467210337468503431408095555516787839390587441337
0x960df117d233d7b6cb0891a9af4a3f4fddf7dba808a9f0f0c0eb332095cb38ea,15688854,265,1666112264,2022-10-18T16:57:44+00:00,False,sell_MOO,5480882914346993927,0,0,19160938486141520820,5.480882914346993927,-19.16093848614152082,428352556531267605681556,1502027891409974667710254,428358037414181952675483,1502008730471488526189434,3.50652253268467210337468503431408095555516787839390587441337,3.50643293525781865075342384567464885746558825451075650001411
0x757f0f6fb1167979cc7a407d556c70ec47152374278e5abe9505d612066e68cc,15688855,90,1666112269,2022-10-18T16:57:49+00:00,False,sell_MOO,1148540914350430400,231467478943238231,0,4015189111016758255,1.1485409143504304,-3.783721632073520024,428358037414181952675483,1502008730471488526189434,428359185955096303105883,1502004946749856452669410,3.50643293525781865075342384567464885746558825451075650001411,3.50641470055297806912938935299307478002397721466762846227152
0x348a19d55676c0ff68479e8ab37ed936ebeb75ef3c6ae7220820cf2655ba19e4,15688855,201,1666112269,2022-10-18T16:57:49+00:00,False,sell_MOO,1373824260867745243,0,0,4802730634526589714,1.373824260867745243,-4.802730634526589714,428359185955096303105883,1502004946749856452669410,428360559779357170851126,1502000144019221926079696,3.50641470055297806912938935299307478002397721466762846227152,3.50639224300407635726730188415212889937432215382263672393708
0x108970e62c9c41d691b4fd9289b9adf8ede4404ce7f596b86634b94bfacde860,15688855,245,1666112269,2022-10-18T16:57:49+00:00,False,sell_MOO,657371399954033826,0,0,2298083455530222933,0.657371399954033826,-2.298083455530222933,428360559779357170851126,1502000144019221926079696,428361217150757124884952,1501997845935766395856763,3.50639224300407635726730188415212889937432215382263672393708,3.50638149720065437807596614502228664008112283953097506329227
0x69cbc21f5f21e060e95d72cebc4c7c7db68f893536925ccfead4c4f5f699ed34,15688856,170,1666112274,2022-10-18T16:57:54+00:00,False,sell_MOO,230587102695810422,231468497762293186,0,806100338712011937,0.230587102695810422,-0.574631840949718751,428361217150757124884952,1501997845935766395856763,428361447737859820695374,1501997271303925446138012,3.50638149720065437807596614502228664008112283953097506329227,3.50637826824949960036268209702025756317143666187895880553372
0x71ec4c774fc624487442782c7821f092fb1442d66bdef651d6e9f8eeb94c6763,15688857,132,1666112279,2022-10-18T16:57:59+00:00,False,sell_MOO,325607186136616923,231468791176757365,0,1138275992937400874,0.325607186136616923,-0.906807201760643509,428361447737859820695374,1501997271303925446138012,428361773345045957312297,1501996364496723685494503,3.50637826824949960036268209702025756317143666187895880553372,3.50637348605535744036636088075274778718224199575257174378236
0xe0654b30f22e5e451102409ff6a8be39194c1b6975592ca6e97c24225d8858b8,15688858,68,1666112284,2022-10-18T16:58:04+00:00,False,sell_MOO,409638144445283507,231468741576780530,0,1432033930242555221,0.409638144445283507,-1.200565188665774691,428361773345045957312297,1501996364496723685494503,428362182983190402595804,1501995163931535019719812,3.50637348605535744036636088075274778718224199575257174378236,3.50636733026098067786885995826090395290492843527520999784236
0x4689f977fc61c9e176954b0d76c62e963fdde084f3409bc281c677e9649c40ad,15688858,119,1666112284,2022-10-18T16:58:04+00:00,False,sell_MOO,70989433119553717,0,0,248168242993112402,0.070989433119553717,-0.248168242993112402,428362182983190402595804,1501995163931535019719812,428362253972623522149521,1501994915763292026607410,3.50636733026098067786885995826090395290492843527520999784236,3.50636616983363800861765350250302309044339090442189377833024
0x02a457c94cd439578ad0e5f133aab576eb3c23620c3d5a0388f9a8ed04c709aa,15688859,94,1666112289,2022-10-18T16:58:09+00:00,False,sell_MOO,584975727831868640,231468651379324991,0,2044982900665828921,0.58497572783186864,-1.81351424928650393,428362253972623522149521,1501994915763292026607410,428362838948351354018161,1501993102249042740103480,3.50636616983363800861765350250302309044339090442189377833024,3.50635714791810252971591861726750135108215553352042490322260
0x9a0c0c02ec45e5b12b6030e88c95236736417f851dbc3f4cb99340e3c37ef7ad,15688859,149,1666112289,2022-10-18T16:58:09+00:00,False,sell_MOO,406918784665471082,0,0,1422520834211404159,0.406918784665471082,-1.422520834211404159,428362838948351354018161,1501993102249042740103480,428363245867136019489243,1501991679728208528699321,3.50635714791810252971591861726750135108215553352042490322260,3.50635049626567684730600585594613905186390415257416101418370
0x81e52d36fa0622b916ad658fb44719c55a399ae844c7d2846655d6dd883bbe34,15688860,95,1666112294,2022-10-18T16:58:14+00:00,False,sell_MOO,163872200806216014,231468427288935262,0,572869374006980809,0.163872200806216014,-0.341400946718045547,428363245867136019489243,1501991679728208528699321,428363409739336825705257,1501991338327261810653774,3.50635049626567684730600585594613905186390415257416101418370,3.50634835790768801613833355034494411005893984318102344089036
0x07f72474b0cdf82dbd09460af2235574653d0f44e7fd222b8fb7cf5cf9fcafa7,15688860,157,1666112294,2022-10-18T16:58:14+00:00,False,sell_MOO,365253602490908973,0,0,1276863164726344269,0.365253602490908973,-1.276863164726344269,428363409739336825705257,1501991338327261810653774,428363774992939316614230,1501990061464097084309505,3.50634835790768801613833355034494411005893984318102344089036,3.50634238735255859986924974755766204783981827374699711665325
0x279b3f2e0d8c81cb8a843e957ce55d4f1040b9959378e89e7c0cb9185bc2367a,15688861,53,1666112299,2022-10-18T16:58:19+00:00,False,sell_MOO,388408654739155229,231468324390611150,0,1357806821071773659,0.388408654739155229,-1.126338496681162509,428363774992939316614230,1501990061464097084309505,428364163401594055769459,1501988935125600403146996,3.50634238735255859986924974755766204783981827374699711665325,3.50633657866817508640851179260248955251805259462150849727289
0xdd08798fa4ee1c9f85d6da45c2b1e9559db516c094585e31a008ebad0e08a9f8,15688861,184,1666112299,2022-10-18T16:58:19+00:00,False,sell_MOO,529847201655933482,0,0,1852246872211953640,0.529847201655933482,-1.85224687221195364,428364163401594055769459,1501988935125600403146996,428364693248795711702941,1501987082878728191193356,3.50633657866817508640851179260248955251805259462150849727289,3.50632791766143257155623881754480197932845890862207010871450
0x6798c64693bd93a23fb9db1812bb84a52abe5310c626ef7a6171adb5aaded935,15688862,65,1666112304,2022-10-18T16:58:24+00:00,False,sell_MOO,5976705132577867738,231468047362707599,0,20893128563549463980,5.976705132577867738,-20.661660516186756381,428364693248795711702941,1501987082878728191193356,428370669953928289570679,1501966421218212004436975,3.50632791766143257155623881754480197932845890862207010871450,3.50623076360421700411030834172602195746086880937933252277246
0xa84613c2324320d2921e0d2c455d5edd68324864756733b365d2fc5a24cca290,15688862,109,1666112304,2022-10-18T16:58:24+00:00,False,sell_MOO,695504753500495642,1,0,2431280426870841818,0.695504753500495642,-2.431280426870841817,428370669953928289570679,1501966421218212004436975,428371365458681790066321,1501963989937785133595158,3.50623076360421700411030834172602195746086880937933252277246,3.50621939524259784502642878494282809014300192662208693281158
0x9f288bc7fa49ac6a85c98214b59b15134cd2df34e5c00987213998881052fb77,15688864,349,1666112314,2022-10-18T16:58:34+00:00,False,complex,82834267734323041,462930627792584725,0,289563754947409465,0.082834267734323041,0.17336687284517526,428371365458681790066321,1501963989937785133595158,428371448292949524389362,1501964163304657978770418,3.50621939524259784502642878494282809014300192662208693281158,3.50621912195584229177797013642609501937791707031634659554697
0xe5206aed54d125839689ac1470f73acbbc7cc9f5ae9eeb0a043e2bf5ca9b9330,15688867,67,1666112329,2022-10-18T16:58:49+00:00,False,sell_MOO,4276131322185592725,694398249756812121,0,14947925482613710920,4.276131322185592725,-14.253527232856898799,428371448292949524389362,1501964163304657978770418,428375724424271709982087,1501949909777425121871619,3.50621912195584229177797013642609501937791707031634659554697,3.50615084875786403296274167707318737044574587249951619997958
0x3c58ef5203f2a920fa3129ee0fae4406c5b32f02e45240b9b8726cd2c22c96f1,15688876,198,1666112374,2022-10-18T16:59:34+00:00,False,complex,496135920465594344,2083174191046194859,0,1734306793891378634,0.496135920465594344,0.348867397154816225,428375724424271709982087,1501949909777425121871619,428376220560192175576431,1501950258644822276687844,3.50615084875786403296274167707318737044574587249951619997958,3.50614760240590811367631688880180318178803601923404502594864
0x960a595673ec531a58fdd6fb327cf2cdd1df9b3e080e13d7bafd16bb00f67ca9,15688877,98,1666112379,2022-10-18T16:59:39+00:00,False,sell_MOO,8147268485651505687,231463531733448288,0,28479289268112721557,8.147268485651505687,-28.247825736379273269,428376220560192175576431,1501950258644822276687844,428384367828677827082118,1501922010819085897414575,3.50614760240590811367631688880180318178803601923404502594864,3.50601498003247401893148239563932454380678833204320521870294
0xce1279ef3e5e437a7a1676e995049016031cae96f5965ac13703501f9edbb5b1,15688881,284,1666112399,2022-10-18T16:59:59+00:00,False,sell_MOO,4292935336151049845,243681109621230676,0,15005806493933162745,4.292935336151049845,-14.762125384311932069,451004783140103659258271,1581230220132929293601164,451009076075439810308116,1581215458007544981669095,3.50601651965567635626927692653515722270760897865073085906467,3.50595041626846717230174212518806224676927076560895664187996
0xbcd06ef3fc37b13f0e9bc8693357e2ff2865b3e85f5137fcb2e02d7583ceb90c,15688887,104,1666112429,2022-10-18T17:00:29+00:00,False,sell_MOO,8059720973434847911,1462021875999759041,0,28171709225600831474,8.059720973434847911,-26.709687349601072433,451009076075439810308116,1581215458007544981669095,451017135796413245156027,1581188748320195380596662,3.50595041626846717230174212518806224676927076560895664187996,3.50582854358317693016465155690543580431337630770572507324885
0xd02db4a5bea0b227ee213693f447b351a0d7378ca4e663fa60825de3e134f114,15688887,156,1666112429,2022-10-18T17:00:29+00:00,False,sell_MOO,8251762305346571595,0,0,28841949927244000775,8.251762305346571595,-28.841949927244000775,451017135796413245156027,1581188748320195380596662,451025387558718591727622,1581159906370268136595887,3.50582854358317693016465155690543580431337630770572507324885,3.50570045497587060520139825302805976050401164554095990276998
0x50157b49746f54078731d4dfb9d74bbf87c5140dc0850c54cc0502e8b6bad5fc,15688889,106,1666112439,2022-10-18T17:00:39+00:00,False,sell_MOO,990457257848233798,487298772503994050,0,3461822140697211461,0.990457257848233798,-2.974523368193217411,451025387558718591727622,1581159906370268136595887,451026378015976439961420,1581156931846899943378476,3.50570045497587060520139825302805976050401164554095990276998,3.50568616142200791390728004824497479849074352607308407408952
0x075a725962581c4745ea8aed171fb068b89bf01663b63f201e3c41150c8528a1,15688892,89,1666112454,2022-10-18T17:00:54+00:00,False,sell_MOO,4541683133609830347,730947649448228775,0,15873791199747256817,4.541683133609830347,-15.142843550299028042,451026378015976439961420,1581156931846899943378476,451030919699110049791767,1581141789003349644350434,3.50568616142200791390728004824497479849074352607308407408952,3.50561728685508890441786687748490163757893550399018663187616
0x846fda2382e8c3e8af9b27e902c4e94068b0a3467e68c1c337755d1281a06517,15688893,110,1666112459,2022-10-18T17:00:59+00:00,False,sell_MOO,24011556093895411234,243648206306096960,0,83918345986096374896,24.011556093895411234,-83.674697779790277936,451030919699110049791767,1581141789003349644350434,451054931255203945203001,1581058114305569854072498,3.50561728685508890441786687748490163757893550399018663187616,3.50524515917777974706723110770978795629516622298890538134169
0xfd1e70a96673ed6a1239c7b4c6e413902e8c1b69608c95fd91f1a7fdc10fab64,15688894,94,1666112464,2022-10-18T17:01:04+00:00,False,sell_MOO,36535766151996365798,243642307608748317,0,127672306466980284130,36.535766151996365798,-127.428664159371535813,451054931255203945203001,1581058114305569854072498,451091467021355941568799,1580930685641410482536685,3.50524515917777974706723110770978795629516622298890538134169,3.50467876521939344866669580445967899793334741036086891093052
0x07c1e465148c55a4c91996fca80c9b33311e326d3669a804a1c54f08f106b317,15688895,98,1666112469,2022-10-18T17:01:09+00:00,False,sell_MOO,32060951735783510790,243633312767160804,0,112018309007357969909,32.06095173578351079,-111.774675694590809105,451091467021355941568799,1580930685641410482536685,451123527973091725079589,1580818910965715891727580,3.50467876521939344866669580445967899793334741036086891093052,3.50418192123202091608758925712006194260640999727187558042692
0x147013620f7112a38dd13bfda52a2b84b514d8d8157e7953371d3f28d21f5f5e,15688896,171,1666112474,2022-10-18T17:01:14+00:00,False,sell_MOO,841783559549903926,243616049905634932,0,2940907971585271604,0.841783559549903926,-2.697291921679636672,451123527973091725079589,1580818910965715891727580,451124369756651274983515,1580816213673794212090908,3.50418192123202091608758925712006194260640999727187558042692,3.50416940349848395171832734662569664963582649776773243667204
0x671c394e03395b99be60d7b8046d814ef3fd4620acc170d5408064e5d7d79993,15688896,296,1666112474,2022-10-18T17:01:14+00:00,False,sell_MOO,83473619725347082549,0,0,291574397628569346589,83.473619725347082549,-291.574397628569346589,451124369756651274983515,1580816213673794212090908,451207843376376622066064,1580524639276165642744319,3.50416940349848395171832734662569664963582649776773243667204,3.50287492222905667000079165608917152468123119658186781080168
0xb33e36c6003a115d707632f0f9f18266b5d3276cc107c6136ef7703e60cb23b5,15688897,114,1666112479,2022-10-18T17:01:19+00:00,False,sell_MOO,5876234118681644716,243570983047466842,0,20521695532803319914,5.876234118681644716,-20.278124549755853072,451207843376376622066064,1580524639276165642744319,451213719610495303710780,1580504361151615886891247,3.50287492222905667000079165608917152468123119658186781080168,3.50278436239919044601341643293482751461476986920050283220507
0x54b7c12d09c96b2f4e9a1731ecec36d4c2856eec64d37a93427cb5a1e0f6560b,15688898,64,1666112484,2022-10-18T17:01:24+00:00,False,sell_MOO,3421645084954286261176,243569568181880802,0,11859664604945923708396,3421.645084954286261176,-11859.421035377741827594,451213719610495303710780,1580504361151615886891247,454635364695449589971956,1568644940116238145063653,3.50278436239919044601341643293482751461476986920050283220507,3.45033638367978589929538441842627872008851423075628708667181
0x7915f5c688bc562bc5021cf444b6001c811092ee5f0cb0dd5427e954bfa9f4f9,15688898,80,1666112484,2022-10-18T17:01:24+00:00,False,sell_MOO,1960692493327187078,0,0,6744724500483241842,1.960692493327187078,-6.744724500483241842,454635364695449589971956,1568644940116238145063653,454637325387942917159034,1568638195391737661821811,3.45033638367978589929538441842627872008851423075628708667181,3.45030666818483420355537076337331250203052631903330377966883
0xe838e662c8a148d4366146daa6efe205074570bb30afc6e087821a7ccfb0fd57,15688898,141,1666112484,2022-10-18T17:01:24+00:00,False,buy_MOO,0,772111843814168620,223109191310655965,0,-0.223109191310655965,0.77211184381416862,454637325387942917159034,1568638195391737661821811,454637102278751606503069,1568638967503581475990431,3.45030666818483420355537076337331250203052631903330377966883,3.45031005969636416500906163444065953226962461216859763482640
0x326486cc11f5f3cddca1e60ef718d6fbde1737672ac675a8db0e85bd6cdc4c2d,15688898,213,1666112484,2022-10-18T17:01:24+00:00,False,sell_MOO,132269361650427751,0,0,455001066186685743,0.132269361650427751,-0.455001066186685743,454637102278751606503069,1568638967503581475990431,454637234548113256930820,1568638512502515289304688,3.45031005969636416500906163444065953226962461216859763482640,3.45030805508410185299054902240658351203246963786400263115968
0xbf35da2f382d271ec7ea93069418dc75983bd08d7177fc8e202210c376eb01aa,15688900,122,1666112494,2022-10-18T17:01:34+00:00,False,buy_MOO,0,1222256353328895699,213475977407621960,0,-0.21347597740762196,1.222256353328895699,454637234548113256930820,1568638512502515289304688,454637021072135849308860,1568639734758868618200387,3.45030805508410185299054902240658351203246963786400263115968,3.45031236360748854517657204693874722626508142507706556533086
0x2a5fc7b091477a4d6625910b511a34ebee05dd89f41a48e442da1bcf3866f703,15688900,148,1666112494,2022-10-18T17:01:34+00:00,False,buy_MOO,0,22868492156585902,6608064414459426,0,-0.006608064414459426,0.022868492156585902,454637021072135849308860,1568639734758868618200387,454637014464071434849434,1568639757627360774786289,3.45031236360748854517657204693874722626508142507706556533086,3.45031246405768739038953796318887416425217231328763900450949
0xd171381561e9a2336b4cb91caafe6a3f7382920296c0088d6b81f7d3fe94ff03,15688904,32,1666112514,2022-10-18T17:01:54+00:00,False,sell_MOO,369029702183733054,966964068299231283,0,1269446950387683492,0.369029702183733054,-0.302482882088452209,454637014464071434849434,1568639757627360774786289,454637383493773618582488,1568639455144478686334080,3.45031246405768739038953796318887416425217231328763900450949,3.45030899810719508543135253606120224546701436076322532824010
0xaa067f4c13f92715c024a35c56fbfde89d1a1ff48686593d6944e41366bc7323,15688904,126,1666112514,2022-10-18T17:01:54+00:00,False,sell_MOO,29287936910350330,0,0,100749268490163729,0.02928793691035033,-0.100749268490163729,454637383493773618582488,1568639455144478686334080,454637412781710528932818,1568639354395210196170351,3.45030899810719508543135253606120224546701436076322532824010,3.45030855423325274264769138366613501134869394213129503158855
0xa676a8f97fdbc20421ea9060a23b034c010fbd94d52b4488e543e79d3a6daa7d,15688905,101,1666112519,2022-10-18T17:01:59+00:00,False,buy_MOO,0,1383377064245891767,329886590075616269,0,-0.329886590075616269,1.383377064245891767,454637412781710528932818,1568639354395210196170351,454637082895120453316549,1568640737772274442062118,3.45030855423325274264769138366613501134869394213129503158855,3.45031410060789480485337566166670779082686126982377563981623
0x7bf2d7eaabb21dbb82b5304696ab627da496971b3b82e345e8a44bbf67d3c2c9,15688906,50,1666112524,2022-10-18T17:02:04+00:00,False,buy_MOO,0,6526226690171941810,1815952705098431736,0,-1.815952705098431736,6.52622669017194181,454637082895120453316549,1568640737772274442062118,454635266942415354884813,1568647263998964614003928,3.45031410060789480485337566166670779082686126982377563981623,3.45034223708309753112993448898759647200856267102323100946846
0xfd3476a0b42276548a772c0d2a1d2d08fd593547166fc2b56287148f02e19b31,15688911,69,1666112549,2022-10-18T17:02:29+00:00,False,complex,281997472387345950,1148086330910921371,0,970068194781542208,0.28199747238734595,0.178018136129379163,431832815762750420393328,1489971003584741387623376,431833097760222807739278,1489971181602877517002539,3.45034223708309753112992946541652384606042054655815906767734,3.45034039616433117764069476004244521291633031147303631143035
0xa9eb0d15cab64b007c4b53dc9375dde1c95aa40448083aadbcc3a99beb290170,15688913,58,1666112559,2022-10-18T17:02:39+00:00,False,sell_MOO,293751601546386305,459234233372999285,0,1010501702876782735,0.293751601546386305,-0.55126746950378345,431833097760222807739278,1489971181602877517002539,431833391511824354125583,1489970630335408013219089,3.45034039616433117764069476004244521291633031147303631143035,3.45033677252031124917834827670132765366623816981989492885561
0xca207163f2f76ace145819e811230d3bcd2eb9ff9d0e63b076b9229c56a72991,15688913,134,1666112559,2022-10-18T17:02:39+00:00,False,sell_MOO,2840662995570612,0,0,9771840195891372,0.002840662995570612,-0.009771840195891372,431833391511824354125583,1489970630335408013219089,431833394352487349696195,1489970620563567817327717,3.45033677252031124917834827670132765366623816981989492885561,3.45033672719476569428854929166206381109793178535095581475915
0x514afefd803b670ec0bde57597ce355ee86b0f8ae2acdc75b2d7bbf08c747a79,15688913,208,1666112559,2022-10-18T17:02:39+00:00,False,sell_MOO,2391043160131417,0,0,8225154274208432,0.002391043160131417,-0.008225154274208432,431833394352487349696195,1489970620563567817327717,431833396743530509827612,1489970612338413543119285,3.45033672719476569428854929166206381109793178535095581475915,3.45033668904334333984204675909999217714793515468848750276303
0xf37cfeac04c7d013da83d16801875b593011dc4bca88ed8c510da93b5bdab081,15688919,41,1666112589,2022-10-18T17:03:09+00:00,False,sell_MOO,13980460351746847006,1377701749117385766,0,48091031135408102234,13.980460351746847006,-46.713329386290716468,431833396743530509827612,1489970612338413543119285,431847377203882256674618,1489923899009027252402817,3.45033668904334333984204675909999217714793515468848750276303,3.45011681825176316795504037910192400241928770584433675500893
0x75881ad48606bb4214bdc6e13d76743501c5c99ebf8991f9cd3a0eb1a34794b1,15688921,67,1666112599,2022-10-18T17:03:19+00:00,False,sell_MOO,271930370614700427,459219093924309653,0,935376383185041659,0.271930370614700427,-0.476157289260732006,431847377203882256674618,1489923899009027252402817,431847649134252871375045,1489923422851737991670811,3.45011681825176316795504037910192400241928770584433675500893,3.45011354314111443022857858794300134498231071431439100635313
0xf4f2a548163cb0616aa58a0e1f89c1a76be68412c188389071c73974644c9494,15688925,25,1666112619,2022-10-18T17:03:39+00:00,False,complex,265621568615773379,918437611251971574,0,913674737219351780,0.265621568615773379,0.004762874032619794,431847649134252871375045,1489923422851737991670811,431847914755821487148424,1489923427614612024290605,3.45011354314111443022857858794300134498231071431439100635313,3.45011143206991077621772698887749846687284620606223724439386
0xeb8c96f5795e65ed8b2e167788a720d82de42d68153c5d94098079623207539c,15688928,46,1666112634,2022-10-18T17:03:54+00:00,False,sell_MOO,305442776021914601,688827786024957449,0,1050649437669106599,0.305442776021914601,-0.36182165164414915,431847914755821487148424,1489923427614612024290605,431848220198597509063025,1489923065792960380141455,3.45011143206991077621772698887749846687284620606223724439386,3.45010815398932869229180299208699524990767623980763459710517
0x547bfd8d63abbc506f1e63d4cf78c262cb84207b04655d67655034f8f2e8d120,15688933,24,1666112659,2022-10-18T17:04:19+00:00,False,complex,72861903144728655,1148045500474050159,0,250627259657098080,0.072861903144728655,0.897418240816952079,431848220198597509063025,1489923065792960380141455,431848293060500653791680,1489923963211201197093534,3.45010815398932869229180299208699524990767623980763459710517,3.45010964997022069418565794761455748480121419837590071529578
0xea56abf24df9a399982e8168048742b432bc30e817d083978d033824c86a9641,15688934,28,1666112664,2022-10-18T17:04:24+00:00,False,sell_MOO,13784947009592315512,229609061471167959,0,47415390968976139412,13.784947009592315512,-47.185781907504971453,431848293060500653791680,1489923963211201197093534,431862078007510246107192,1489876777429293692122081,3.45010964997022069418565794761455748480121419837590071529578,3.44989026196318206761356903110412961854639305321620891123122
0xc760e3271baa381365120c3f710434981be7f2fa61fbaaeaffb581ca27a22b51,15688948,290,1666112734,2022-10-18T17:05:34+00:00,False,buy_MOO,0,23526170438498489450,5869907113264345973,0,-5.869907113264345973,23.52617043849848945,431862078007510246107192,1489876777429293692122081,431856208100396981761219,1489900303599732190611531,3.44989026196318206761356903110412961854639305321620891123122,3.44999163067111320486258947379709167986789225942236960239175
0x592ef92bead722c24dd8b36271ddb32ad04cde42d07be8e4ae915706c6d06a81,15688988,27,1666112934,2022-10-18T17:08:54+00:00,False,sell_MOO,10000000000000000000000,119205897338277141,0,32932133552148686844593,10000,-32932.014346251348567452,224211038468585683421620,773528709551487755533549,234211038468585683421620,740596695205236406966097,3.45000279573597905419404725506237058508702710750792341590468,3.16209133458315349726970404230516205905599600226722598229189
0x1146eb82087f55c534f9b885584b3df81644cf8afb57b82b634b33dcb9f85761,15688998,56,1666112984,2022-10-18T17:09:44+00:00,False,sell_MOO,16433813958667080892,114130679930924083,0,51805700921122731332,16.433813958667080892,-51.691570241191807249,234211038468585683421620,740596695205236406966097,234227472282544350502512,740545003634995215158848,3.16209133458315349726970404230516205905599600226722598229189,3.16164878704616344963085659249291729848825245523753024965867
0xd709ab98ffb45a767ae39899af881db41c43f8cf4d85dd230378197f40bbefdb,15689003,127,1666113009,2022-10-18T17:10:09+00:00,False,sell_MOO,736295929673855858,114122625994737974,0,2320918131624284820,0.736295929673855858,-2.206795505629546846,234227472282544350502512,740545003634995215158848,234228208578474024358370,740542796839489585612002,3.16164878704616344963085659249291729848825245523753024965867,3.16162942684755154483208993177374898293837392729390248012309
0x4b92404d706065e92319c09fb2a88aed6f60a88835cf26efe2357bce9188e09e,15689004,49,1666113014,2022-10-18T17:10:14+00:00,False,sell_MOO,121194297701153499321,114122268326764007,0,381824972519241633264,121.194297701153499321,-381.710850250914869257,234228208578474024358370,740542796839489585612002,234349402876175177857691,740161085989238670742745,3.16162942684755154483208993177374898293837392729390248012309,3.15836557253923418794801712211515061317034870709738591885350
0x5ea11637b98226c495997b7bd92a10b377cf23f2b4327a0e9dffdb738a231299,15689022,28,1666113104,2022-10-18T17:11:44+00:00,False,sell_MOO,1000000000000000000,114053529751917931,0,3148878048845091290,1,-3.034824519093173359,234329610692333490826672,740098803144352680861424,234330610692333490826672,740095768319833587688065,3.15836654598498988143008166348385001653718491017303274432002,3.15834011669755372324993740838756217236412925886463592292332
0x0da2df44acd8c3da606e54717346239cf3acc382e0e76e9168efbe3e55960787,15689032,72,1666113154,2022-10-18T17:12:34+00:00,False,buy_MOO,0,1335436462126567799,313547485078362906,0,-0.313547485078362906,1.335436462126567799,234330610692333490826672,740095768319833587688065,234330297144848412463766,740097103756295714255864,3.15834011669755372324993740838756217236412925886463592292332,3.15835004168843657767576165162830735450638372776344701428350
0xc89ffba0b890ee7149be71674f37e2542b3e79aef70db284ed90e19695d8a331,15689033,59,1666113159,2022-10-18T17:12:39+00:00,False,buy_MOO,0,68079722243573608826,21488830165120381781,0,-21.488830165120381781,68.079722243573608826,234308725626689501865423,740029087396051230856109,234287236796524381483642,740097167118294804464935,3.15835052841820598650480464031726589096560792121229614704570,3.15893079468541515884589202917147231536255845527432882553500
0x7c3b431bb8c12217e121cdef4463b48059e79c68cd447fb7593e2e251fa8c5c5,15689035,110,1666113169,2022-10-18T17:12:49+00:00,False,buy_MOO,0,38409362410562529964,12049884037512216314,0,-12.049884037512216314,38.409362410562529964,234287236796524381483642,740097167118294804464935,234275186912486869267328,740135576480705366994899,3.15893079468541515884589202917147231536255845527432882553500,3.15925722324653125723899654910659529374456091001170914770922
0xc1937e18cfbcd811759b5522a871e85caa06e03334963c162ec6fdef23379df0,15689037,6,1666113179,2022-10-18T17:12:59+00:00,False,sell_MOO,19651707562273370000,228122815498874182,0,61893368441481999222,19.65170756227337,-61.66524562598312504,234275186912486869267328,740135576480705366994899,234294838620049142637328,740073911235079383869859,3.15925722324653125723899654910659529374456091001170914770922,3.15872904240644068010630852177534917143634650599704080808068
0x769c1b79bbc470bdec0d341ac29e674c2d82fb87fd769e054ade671e84680557,15689044,16,1666113214,2022-10-18T17:13:34+00:00,False,buy_MOO,0,22411819155699021028,6821727347531869619,0,-6.821727347531869619,22.411819155699021028,234294838620049142637328,740073911235079383869859,234288016892701610767709,740096323054235082890887,3.15872904240644068010630852177534917143634650599704080808068,3.15891667388683286229688156663411652094627516152832366646321
0x4741c091e0f140978f18e5c6c440de8542b6f30168c1ee8351050f2195d489bb,15689068,101,1666113334,2022-10-18T17:15:34+00:00,False,sell_MOO,738066831671893222,1824884336230040556,0,2324489845382217767,0.738066831671893222,-0.499605509152177211,234288016892701610767709,740096323054235082890887,234288754959533282660931,740095823448725930713676,3.15891667388683286229688156663411652094627516152832366646321,3.15890459009249688429150897873045193912563953746672174323547
0x2de0009b234c985addb94777599ee7bd71ccd925ee90650b97bfef488cc1fc2b,15689093,39,1666113459,2022-10-18T17:17:39+00:00,False,complex,48896666522162893,342153636892054308,0,153996492561085051,0.048896666522162893,0.188157144330969257,234288754959533282660931,740095823448725930713676,234288803856199804823824,740096011605870261682933,3.15890459009249688429150897873045193912563953746672174323547,3.15890473392028318589059013246500639557238235565328459359015
0x3b12d48789eca06d409d7d3773ca6d819279f9ee73a832906f2cf6c20aa4e648,15689094,66,1666113464,2022-10-18T17:17:44+00:00,False,complex,24208226403633836,114051635815442741,0,76242058689107645,0.024208226403633836,0.037809577126335096,234288803856199804823824,740096011605870261682933,234288828064426208457660,740096049415447388018029,3.15890473392028318589059013246500639557238235565328459359015,3.15890456890215500913293298274384427124244511299863621130304
0x8e3eadf9df293e548cc25d9520d67d2670e248afd01fda09891cfc4f3c98df5c,15689097,54,1666113479,2022-10-18T17:17:59+00:00,False,sell_MOO,2184494626208091192,342155137356943632,0,6879844270501337160,2.184494626208091192,-6.537689133144393528,234288828064426208457660,740096049415447388018029,234291012559052416548852,740089511726314243624501,3.15890456890215500913293298274384427124244511299863621130304,3.15884721160516851780907708165849947087188734944693055158633
0x89685571079d2a5a89c9f34e18824e554f569b0fbac01c08c209ddf5dd54058c,15689099,10,1666113489,2022-10-18T17:18:09+00:00,False,sell_MOO,4192487363034933733,228102115978370713,0,13203461176698741457,4.192487363034933733,-12.975359060720370744,234291012559052416548852,740089511726314243624501,234295205046415451482585,740076536367253523253757,3.15884721160516851780907708165849947087188734944693055158633,3.15873530668559519978210183866891634399179186103407812638204
0xde37177c664a6f4f12a5244f028d647ae6e4e707831da9329baafc74f010da7b,15689110,28,1666113544,2022-10-18T17:19:04+00:00,False,sell_MOO,10000000000000000000,684299939596495339,0,31491250955595995675,10,-30.806951015999500336,234295205046415451482585,740076536367253523253757,234305205046415451482585,740045729416237523753421,3.15873530668559519978210183866891634399179186103407812638204,3.15846901168770774248135890097372538784647832192439140919752
0xa170066371abfdf5656203f421ad8b9f4af1b8e3264c6d064c98e89184ad7d86,15689116,77,1666113574,2022-10-18T17:19:34+00:00,False,complex,12161351980874530,228093840482095187,0,38296017629954452,0.01216135198087453,0.189797822852140735,234305205046415451482585,740045729416237523753421,234305217207767432357115,740045919214060375894156,3.15846901168770774248135890097372538784647832192439140919752,3.15846965779610978493920004584982153637209835304698106988577
0x2a4caeeb5aa228f3cbe8e17f9c15eb8b2e4f1aab72629597c6b573ee5876c7a2,15689116,93,1666113574,2022-10-18T17:19:34+00:00,False,sell_MOO,1141530701923868502,0,0,3594656154653556332,1.141530701923868502,-3.594656154653556332,234305217207767432357115,740045919214060375894156,234306358738469356225617,740042324557905722337824,3.15846965779610978493920004584982153637209835304698106988577,3.15843892817238600231426215173428245813744954428128267093166
0xa89947d0598411770d6b537da51afe623f51a7a65ad896ee7e71730fbe83c164,15689122,6,1666113604,2022-10-18T17:20:04+00:00,False,sell_MOO,4482035695532560900,456185895926025771,0,14113498143637906615,4.4820356955325609,-13.657312247711880844,234306358738469356225617,740042324557905722337824,234310840774164888786517,740028667245658010456980,3.15843892817238600231426215173428245813744954428128267093166,3.15832022453846943263465067151672861237926278383744335262174
0x4d85eb750d901782f62a20347301ebd9db6df6725fd7434c33386e066194449d,15689131,11,1666113649,2022-10-18T17:20:49+00:00,False,sell_MOO,1141475460250268945,114044158378386533,0,3594312139202635207,1.141475460250268945,-3.480267980824248674,234310840774164888786517,740028667245658010456980,234311982249625139055462,740025186977677186208306,3.15832022453846943263465067151672861237926278383744335262174,3.15828998531235423311487560621661671298333585876895397280893
0x5eeb5515d5301c44726843d9b96e37858c73076011d4a3853c6a12ff1a11076d,15689136,6,1666113674,2022-10-18T17:21:14+00:00,False,sell_MOO,10046303121709165000,570220451031727033,0,31632598920346607719,10.046303121709165,-31.062378469314880686,234311982249625139055462,740025186977677186208306,234322028552746848220462,739994124599207871327620,3.15828998531235423311487560621661671298333585876895397280893,3.15802201427524840441437964480135240092190525510895980753394
0x9000438aa0adcfbd3f28d2cdd69ab4cfedd9efdb9601b659697aedd80ef167ed,15689136,111,1666113674,2022-10-18T17:21:14+00:00,False,sell_MOO,228861442389516877,0,0,720580523188109075,0.228861442389516877,-0.720580523188109075,234322028552746848220462,739994124599207871327620,234322257414189237737339,739993404018684683218545,3.15802201427524840441437964480135240092190525510895980753394,3.15801585468113899058992467336072380640590668314482421498492
0xaf2f0e842899c5ae8ac70f22b44812262efa4c5d32c1e48bbbf4610f3461fb64,15689136,125,1666113674,2022-10-18T17:21:14+00:00,False,sell_MOO,226657088708877560,1,0,713638631456204655,0.22665708870887756,-0.713638631456204654,234322257414189237737339,739993404018684683218545,234322484071277946614899,739992690380053227013891,3.15801585468113899058992467336072380640590668314482421498492,3.15800975443294112710110021593253328671111702225683002670165
0x5ef3ffa0617844018d143532ba16abccd10bba88abd3ffbf213f204398be38f7,15689137,60,1666113679,2022-10-18T17:21:19+00:00,False,sell_MOO,46150649357769204,114039251509847240,0,145306939709849641,0.046150649357769204,-0.031267688200002401,234322484071277946614899,739992690380053227013891,234322530221927304384103,739992659112365027011490,3.15800975443294112710110021593253328671111702225683002670165,3.15800899901309789818236339553176405741184865604067197620650
0x5ef3ffa0617844018d143532ba16abccd10bba88abd3ffbf213f204398be38f7,15689137,115,1666113679,2022-10-18T17:21:19+00:00,False,sell_MOO,1512025279814047641,0,0,4760633845032787315,1.512025279814047641,-4.760633845032787315,234322530221927304384103,739992659112365027011490,234324042247207118431744,739987898478519994224175,3.15800899901309789818236339553176405741184865604067197620650,3.15796830483936321602909486601323658322267290258392292545314
0xbf11a80ea2f0d8b581e569ab2e910959fdd6486cf629c2fcbed97143426144b1,15689139,49,1666113689,2022-10-18T17:21:29+00:00,False,complex,3660925239643279,228076990924410032,0,11526402436019672,0.003660925239643279,0.21655058848839036,234324042247207118431744,739987898478519994224175,234324045908132358075023,739988115029108482614535,3.15796830483936321602909486601323658322267290258392292545314,3.15796917965142879284726000064370303717901616100287895179544
0x9cd73f151968ea727173ee74c358e742d28e986467cf99e59612efab7aa9723e,15693391,2,1666134949,2022-10-18T23:15:49+00:00,False,buy_MOO,0,483408206269103033446,150000000000000000000,0,-150,483.408206269103033446,234324045908132358075023,739988115029108482614535,234174045908132358075023,740471523235377585647981,3.15796917965142879284726000064370303717901616100287895179544,3.16205632594257795736373839056012704392669623802367745322636
0xe061b5ef91d46dd8c950336758a9c966ec138b1208ec7ef296768329082f5988,15694950,15,1666142744,2022-10-19T01:25:44+00:00,False,buy_MOO,0,177785655478540134263,55898849668645277830,0,-55.89884966864527783,177.785655478540134263,234174045908132358075023,740471523235377585647981,234118147058463712797193,740649308890856125782244,3.16205632594257795736373839056012704392669623802367745322636,3.16357069367161033157250445433676073561977630838557745500688
0xe2d44a629a1ad8b4c88bceb8a9d88ff2b7f717c1444845893f1d0c573d827e40,15694955,39,1666142769,2022-10-19T01:26:09+00:00,False,buy_MOO,0,570191326101796454,107817503454653826,0,-0.107817503454653826,0.570191326101796454,234118147058463712797193,740649308890856125782244,234118039240960258143367,740649879082182227578698,3.16357069367161033157250445433676073561977630838557745500688,3.16357458606547818668754940990235492964874400427895210652281
0xe3a900688aec8daf61cbd39fef13040f37dfdf9c9b07b936adc5625c181fb6f0,15694957,39,1666142779,2022-10-19T01:26:19+00:00,False,buy_MOO,0,228076530440718582,35939134633384313,0,-0.035939134633384313,0.228076530440718582,234118039240960258143367,740649879082182227578698,234118003301825624759054,740650107158712668297280,3.16357458606547818668754940990235492964874400427895210652281,3.16357604589624127185071404751124190735977644434540588250225
0x5f5d1fe44b40cba099c7f5a1d15e8ebd42526591d58a9147cc03e418d15913a2,15694960,47,1666142794,2022-10-19T01:26:34+00:00,False,buy_MOO,0,342114795661077872,35939118049288277,0,-0.035939118049288277,0.342114795661077872,234118003301825624759054,740650107158712668297280,234117967362707575470777,740650449273508329375152,3.16357604589624127185071404751124190735977644434540588250225,3.16357799282467981530441543306013460330713090692066611189278
0x1305b1974ab4156e4e2e2dcb2576fbdd365664825d623a7449e6d49ad69b3e7d,15694962,43,1666142804,2022-10-19T01:26:44+00:00,False,buy_MOO,0,228076530440718581,35939095931647086,0,-0.035939095931647086,0.228076530440718581,234117967362707575470777,740650449273508329375152,234117931423611643823691,740650677350038770093733,3.16357799282467981530441543306013460330713090692066611189278,3.16357945265589109356736258397601853859540070900999337525637
0xd015bdb42acd47c25b3e4d7021ee507188916f146d8180351f46c46ec8d3ec3c,15694972,65,1666142854,2022-10-19T01:27:34+00:00,False,buy_MOO,0,1140382652203592908,287512325831665183,0,-0.287512325831665183,1.140382652203592908,234117931423611643823691,740650677350038770093733,234117643911285812158508,740651817732690973686641,3.16357945265589109356736258397601853859540070900999337525637,3.16358820872700278962647311779093261236875397359716988617099
0x6a7561014ef92308dc15fa2ca2ad735fdfeac35f41b53d8b623bc9d46a8715c2,15694974,39,1666142864,2022-10-19T01:27:44+00:00,False,buy_MOO,0,228076530440718581,35938979876637034,0,-0.035938979876637034,0.228076530440718581,234117643911285812158508,740651817732690973686641,234117607972305935521474,740652045809221414405222,3.16358820872700278962647311779093261236875397359716988617099,3.16358966856023093602565652872434740765471698963441865426971
0xc5aabc9ff3ec5cea1c0e28149acb72d1069314cba3c4bf78fb823201357103cf,15694978,45,1666142884,2022-10-19T01:28:04+00:00,False,buy_MOO,0,456153060881437163,107816856776432791,0,-0.107816856776432791,0.456153060881437163,234117607972305935521474,740652045809221414405222,234117500155449159088683,740652501962282295842385,3.16358966856023093602565652872434740765471698963441865426971,3.16359307386463811039903126135202936330518027563262996479770
0x7a0c2a6e012444a163fd923e726856164e9cd2084cd726693130ce82724f133e,15694980,39,1666142894,2022-10-19T01:28:14+00:00,False,buy_MOO,0,228076530440718582,35938924607813463,0,-0.035938924607813463,0.228076530440718582,234117500155449159088683,740652501962282295842385,234117464216524551275220,740652730038812736560967,3.16359307386463811039903126135202936330518027563262996479770,3.16359453369876264222263898293634343225286634689460311406330
0x1e622bf427ba59ae41c8c34f82d6acf9be6f34394f70f10fd4ff98b265b6f9eb,15694983,13,1666142909,2022-10-19T01:28:29+00:00,False,buy_MOO,0,342114795661077872,35938908023873072,0,-0.035938908023873072,0.342114795661077872,234117464216524551275220,740652730038812736560967,234117428277616527402148,740653072153608397638839,3.16359453369876264222263898293634343225286634689460311406330,3.16359648063168423575973190178162845242761906556987016468780
0xe2cdb4131a0cb8a7b60788af230fcbc2efeafdb91c0f3a5f995a25289bcd0e85,15694985,14,1666142919,2022-10-19T01:28:39+00:00,False,buy_MOO,0,228076530440718581,35938885906439460,0,-0.03593888590643946,0.228076530440718581,234117428277616527402148,740653072153608397638839,234117392338730620962688,740653300230138838357420,3.16359648063168423575973190178162845242761906556987016468780,3.16359794046625696012795118059816690950749137736574241917192
0xf2a935b71e7bf615e307101f249036f5914c64f15a03745e6f05fb494f5b34b6,15694990,11,1666142944,2022-10-19T01:29:04+00:00,False,buy_MOO,0,570191326101796454,143755411087344842,0,-0.143755411087344842,0.570191326101796454,234117392338730620962688,740653300230138838357420,234117248583319533617846,740653870421464940153874,3.16359794046625696012795118059816690950749137736574241917192,3.16360231851039830763794116297774982793865185530817629856757
0xd670048c16c2dd3277fbe6e97f927a1d11d6fdb919865c59f310d79e3919fdb4,15694996,12,1666142974,2022-10-19T01:29:34+00:00,False,buy_MOO,0,684229591322155745,143755212147257893,0,-0.143755212147257893,0.684229591322155745,234117248583319533617846,740653870421464940153874,234117104828107386359953,740654554651056262309619,3.16360231851039830763794116297774982793865185530817629856757,3.16360718365647383876013019035236476940358722993087187751065
