block,front_tx,back_tx,intervening_swaps,reason,inventory_mismatch_bps
17070009,0xe8fc976de9630747a2b88d75de0a57bd8d3fa988785f03ede2249aa450a44089,0x2063fa01bc99a13dd0c03e97f2c991021d949a2b16c7c985e28fc9e24c8cfda5,1,buy_not_maximum_output,0
17070013,0x45b71eb3b90248668a199e37e8271ad6bbcad5f31d4a4193b5cb5238cd39087b,0xb704702b4b981662e9c402779cb762dcd949f9869d9b0569fc6efc31f7e37f16,1,buy_not_maximum_output,0
17070027,0xc63b11fc1db7ca7c5f2430c167b7ca923bb0ff08ad2a43dc9ebdde54a553d42d,0x76e4d729ab0020c7d5b5117bfd62f7c1823325248c39fec77a44e653b0792975,3,different_outer_origin_or_target,68858.33403014289185876789900093713895916293266503806749606043369988358
17070027,0xf5c34fe0091be39808dfda9ca1274b0b39f3a4f388b2ebe98a6eced524244007,0x76e4d729ab0020c7d5b5117bfd62f7c1823325248c39fec77a44e653b0792975,1,different_outer_origin_or_target,1452.257034801695510798120137743094969321220444956582804184063789276831
17070033,0x131435c5c4a453299ec6c9776e416ba53a24a5fd21dfbe4ee5e68be1b84159e8,0x25e3f1b0cf73ce86f8bb484af8f1375cc25236717e804418d9f81de1041b71ac,2,inventory_mismatch,76371.04511191220735137440347388935460489088777589677344756519761728731
17070039,0xf19231200e48946ee7db792f362c259dfb64de90a0d155ccb3931255821b968d,0xa193d335d19f1ef2b21962c523a9dfded3f686f94c64d73a09595d236bb9fd4c,2,different_outer_origin_or_target,0
17070040,0x5c6c4f44cf6e7a22cbef231169e13b351bb10264d6540b2dbdd29c4c9de7a0a8,0x2663dcbdbdbee86098e75b936f8d95682423137681e881e3465fb46d859a16f0,1,accepted,0
17070044,0x397b839f04605653d1b207189e403300bb4ef989b14f78c2164d3a6ad4c6cd3f,0x2134927e92858d69079d754467666d2669269a2e571b7412816f972ed8d40cd3,2,different_outer_origin_or_target,27929.60722218140772000312114403614199079048913989415932460728281235443
17070045,0xa934bfec80be2f7e3fb8e624c9b6e7f0e54f715b2dbd0e160c98c23a93ab27cc,0xebc31167facbe86693cbcf39280d7a7e8a5cd60c73a0308cd5cc8694605b2869,1,outer_transaction_has_other_v2_v3_swaps,0
17070052,0xe9bbe904e7fd2d509da5332ea199b8f8bad0415c4b65070763fa7c94389ec818,0xcb3a6590bf38f11822c440cf716b9e404891b6a566f521ea7836188ada4869ff,2,different_outer_origin_or_target,54252.74227877776473076722921291758792086582401157690167052170188886998
17070063,0xd20591ba02496284bacb76e870f1b6178addc23e916c4547761d89779e5881f2,0x68ebf6e7e89f7a3837fc69a54ab36417a63c87324d9c55ce56494d2fd8bd8f83,4,outer_transaction_has_other_v2_v3_swaps,1.706283289949158561538633394263491500412961792996038164348850622470604E-25
17070079,0x78a25fa6c807736c70fc9f69e729c47ab4daa0c2a7fe1568aeff0fb890889c2d,0x84fa59a7b48a85f56fe3f987de38d3184ec61182cb30856ebac79b9ec23b20a3,3,outer_transaction_has_other_v2_v3_swaps,0
17070089,0x640cfc394e1d553057a69b5b026f739ec3bc0303c185df4a654ceaadab388bd1,0x7e48817ad61cfff96f18d2b73574b95f190694cd0431f7f7d25781a14df2f401,1,inventory_mismatch,4018.107908896516743529447557202351471322804823432865233865484384996781
17070097,0x895a7a94b94421dba1c246256e805ae8d062c6abbfa46dfcd41771927bd5f659,0xca6b7463acdf5ece13d1c84c05ae0eac3a9343afee6fab3d247267affa21764e,2,inventory_mismatch,4362.572530316662422542584396655277442456840613802304527110143860963786
17070103,0x5159701d4933ebdbf01eb36bcc3c679052324727de9b29be9481ad0f5b77d9cf,0x0ccfda5ca439f2a83f3edb3ea4ac9a38d9ffd7462894fadea1ed73da2bb30720,1,outer_transaction_has_other_v2_v3_swaps,0.0009999999994736441522038461482667822974240636961909461984913357360915277
17070107,0x8b1a3d6075567b12a3d78a868be1822ce68ae7170930d475d34f6418c6be82ca,0x6d5070df8777e64dd3a6ab33fd0034619ea13cbcc17694eeab9864e0863d2f18,3,accepted,0
17070108,0x3d1e26f2c1a2f0d2d5df00c226733b79ea1e2af537b49627b44ec60fc3f1cb9a,0xc65762afccb98fa52cd88037c9bb2b6c3d704f4283ad063e7b4ed6edd6400c3b,1,outer_transaction_has_other_v2_v3_swaps,0
17070118,0x2019633dce469851378879d3b5fa9b272c744a2caa6b4ad64af1fa4e34cd031a,0xe6789ac2976e69cc0eb6a421fb3d355d9d0c7f848d58dfd30c7f69679f9e7e52,3,outer_transaction_has_other_v2_v3_swaps,0
17070126,0x3e11574c7afff8ec085bfd1808c92fd1983f049ad542b2e1c02d95f12f83b185,0x89af4bfc1ed49224b3314001f6d53d3698be14bad610c37c3b1cd2fcdf184de0,1,buy_not_maximum_output,3.578492640226871690799945369609488122343601819401279116315047929068887E-12
17070143,0x1411a3be378d89da2a929ddf2bd259c59b4a07302965038e0ab29117916ec59d,0xf512cd02dbad6efdfb412957881226e7f20498f746d231e276465645af89159a,1,inventory_mismatch,8264.600037682543350743604237894765804797525606079674315819681459853748
17070153,0xa522dbb18741ac3fef16de0aa21fc33ccdb755b86bde7521639be0054ecf4ce0,0xf500898733f8cb6539a8d49d32b15104a235c2efe2c125f7ed648b893f2f1667,2,buy_not_maximum_output,0
17070165,0xff745968b4f4f19b8005c8e47ef74b44faaa8b3315d4d9fcf6d508b642bf400a,0x812cf08ef21724b763266335d2a6790aec818f326dd524830cde089fe6da4ce7,4,inventory_mismatch,4790.185932162841418743797004402649717380596001075285089125048820561546
17070169,0x858d81b9997037c915a4251490f53c5ea3042a836ca47180dfb0b33ad4b9edf1,0x1419f8a736bec0ab67b1923e50bfb3a76f95cba7bb3bbfa0fb637b587b878349,3,outer_transaction_has_other_v2_v3_swaps,0
17070170,0x9af606c7edae85dc90dfabdd565bc9861e22952180505bda0305d88e26522d0e,0x4a12d499a446cd177a419bea53160941cc33fe8a51310c9187da7b755b3a0b61,1,outer_transaction_has_other_v2_v3_swaps,3.490333309518789075920917836690069850984289581954668486301767391787145E-26
17070179,0xe1664ac622e1d0cf84377ec97435319eaa402846c6420671a781a0c42fc5063c,0x1b4eb6c55a32dd23c2d97349947364af81eadf45bc952875367f3e9f71d8bf74,3,outer_transaction_has_other_v2_v3_swaps,0
17070180,0x8ac360c3b029f4bf4371b709ce64dad020701fa7d20c8b68bb6cbf3adb5e238f,0xb6dfd806597fa5306b095d8073783a9ed92bbce03005833179dcc5fcd44c0de6,1,buy_not_maximum_output,0
17070201,0x7894c1781281090b53e6d2535de848482362b2d3579f8e5d3494e2605a94ca28,0xfb1184eed1c417fe62ae03e5ce5d5789a1d50baaa636a3db690895254ebd4357,2,buy_not_maximum_output,0
17070212,0x05d6b35e4dc8d0d1c70fd436f702c84fec9bca959dc183d36675e54fe0e39f0c,0x264752a6d8c867c732dde62754c85d22f17af50a719cb85a06f5b6f4799c3daf,1,accepted,0
17070218,0x82ccd9db6600ea17551b3ea1b4cc9fa06eb3b5ca1322b916bdfd18cbd22ab91b,0x6589d0351bb98092b8637dd0e666c272052e64f738d52399a1c066c9ac47f6f5,1,outer_transaction_has_other_v2_v3_swaps,0
17070219,0x6d872529147a66c99fd1a3aa040a33c85f04ddb18393e18cae152976e8d50c5f,0xb7b0ddb8962c4ba5d891839beeb5b60f2bedb8bd7e91d606c83d3f0f8618e8ca,2,buy_not_maximum_output,3.844147436270458711281064664697109671878139562270534289068108785151421E-25
17070219,0x40ef2da344e95073b12f7e04264d5afe930a7ebeb0fdec966eeb76793d065939,0xd347be26c900b8b74988fd40ac82eef327e308e8d924efb26dafa96d342bc2d6,2,different_outer_origin_or_target,44817.17674099791804326322430608555539606683178234375275911360053531682
17070223,0xd2579791590abd74e005f938703592d1e903208afab7bef31145a5398a307715,0x6c84299ca64cfe742fc51be44ef5b721d5773180fa2b174168d9e99b3fbec9a0,2,different_outer_origin_or_target,23463.61014892309358559642334235017817310376005005922636619272208507799
17070223,0xc3b1e0ef4963b084ff6e8316bb2278aa41ee2030b250326c7266df0b8243adaf,0x6c84299ca64cfe742fc51be44ef5b721d5773180fa2b174168d9e99b3fbec9a0,1,different_outer_origin_or_target,8755.604104570246312606819768143367862924882446679105237212238051749498
17070226,0x570c508615056e1eebcd4edf53639bdf534ecd040281afea9d470744cfb89d8b,0xcf5f88e234622a6e53276990d119b22ec325bc4ee04390fbfd0228fee62c56f4,1,outer_transaction_has_other_v2_v3_swaps,0
17070229,0x8e0585893825c6cbd8182717e042b7ea97b50fc6e8ef1781d3c06dab3e53948e,0xa864a78607987a92e700f02c6013707b84eeab9486ee8c6abdbeda8b76c8426b,1,buy_not_maximum_output,0
17070232,0x0d5dda1587029a45bf0ab0ccb6e6f91f372f4438ffb4f5d0204d109d4e9ca30a,0xb30c0320f376832302e0ed6366dbf614bca9d6006ba4cc72c92cb47050158eb0,1,different_outer_origin_or_target,227.9995865592276681955201347396176682266076665765058581363264177028126
17070234,0x2fac303a6e1ead5de456384491a36a2f8ac53a210da6dab524ee26a0774348bb,0xb9e7de90a1554f22ddfe6a45a076b51660f13a24f4be40f136147e561f24858d,4,outer_transaction_has_other_v2_v3_swaps,0
17070235,0xab39fb23ff685db12ea05b0f51a4a75dcefa2b2a8be2eacf48c06590b68c3328,0x6264f13f90a5efab5af31a4a4efcbe285204a5981114502ebe3290de26a906eb,2,different_outer_origin_or_target,5267.426450504949084872052718914426340712213530333127338801565584048665
17070235,0x845ca74492cdf449ade451177f2e9e30cf922bc72e016df337b3dd323d547326,0x6264f13f90a5efab5af31a4a4efcbe285204a5981114502ebe3290de26a906eb,1,different_outer_origin_or_target,5229.543616237195143949174191143143454203197712502953636619781671137722
17070236,0x4a2a1a8eab880ae77855fd6637d72737a960a58fe4712f33b44feed51f51b181,0x7742a7b89ec04d065ba50c3db29500409d295a45ab475d999c0f89370d57f382,1,different_outer_origin_or_target,502.8785014935965358369913137722741642916223130985907691067299778073291
17070282,0x49d66910f81ecd9c9ad729c8207f417ccc12a0301c95e8cb262a13ab880be162,0xf6fe2665d0ab4d949e2573642408e40a003523b222c4996589fdd40a908d4a53,1,buy_not_maximum_output,0.0009999999994736441522041179623726747321850686221413919740417956534579739
17070332,0xe569216319ae5084ac6028f9067f58b3bd3ea88604d1a8a4d370c43b408196ca,0xf16847cb85de493f078944602152757fb68850592ae9c87095fa0a43620f3cf4,1,outer_transaction_has_other_v2_v3_swaps,0
17070337,0x5e9ff6672c9adf3e7593dcc5cfa80ff30f67e2f4a3cf1d1d1a6e2f1c7f63bba1,0x514665c9cca9270f45c21b556259d1d47a6f508fc0abf0344d8cebdef26a66ff,1,inventory_mismatch,1895.657268385437470548289457389124785627443670554924505484828348816174
17070345,0x0936111aa9b6796cff1e9770387832240f624d0902a596ef1c5c5706188c9f03,0x23b87fe6682ece524bee5af6cdbe0d9656e0041e9305efafa40e603ca3016873,2,buy_not_maximum_output,1.288448081433881034177502016157928082367913060805949448072087334307777E-12
17070359,0xa9010069005e4c42cd76eb55dfefdd04ac2bfa2247d2ebd5f266016e943287f9,0x98f52d6a9300f8ca2cc53a280befad81cbf694191575f61b07b2b73bddf08cc1,3,buy_not_maximum_output,0
17070372,0x97e76e26dbfe04038fe0dc1c3b24df3d3b5e25791abafd628c6435a4f016210b,0x9c01d6de53c1a3d262a562a69dafd47b668c8a749006028c804c8272908da2ca,1,different_outer_origin_or_target,4101.603471687371806310785098850815873562391739421399617686820338661359
17070392,0x09d14a002640d1361dfccadb1510d9ca744a2238bb6a2b210c47681e20d2af6e,0xc2c85e7fd5cb4c380b80208cca6bc788145098c33096f317032676b42767124d,1,buy_not_maximum_output,6.269520677072834944237847046580778573962372019508563034788382589377389E-13
17070406,0x5819772729163af95ea4925d2c14c5a3e65e52ab90a115c7e5ec555480d31ee7,0xe4221cc983e0f59b982220ba9c50be503042fd7bb416e3400af8816eba45c402,1,outer_transaction_has_other_v2_v3_swaps,0
17070426,0x6ed576060ee47c1b08fcae34e72cb4001f2845582ce68e03aee1ae96a66213b4,0x1893bbfaea142e91d4fd13a8678ca1d560dcc6cd36b5f24abcdd362de98bf22d,1,inventory_mismatch,39389.24456175163676803598114741967208365144241878481387116948168296372
17070440,0x303d3c50a099975fddbaaec21035d7922957d143de44144ce0dcc9399723610b,0x2afa6edd180a32399a2e697205a9942fb13aa8adf2b72e03f078df7387fb1514,3,different_outer_origin_or_target,3908.661083246832014856745847930852450496486659717027741622309118695163
17070440,0xd8db1c6c16b662683054076e4fdbfcf93c25d87b75cd3908352d7ae140dd89f8,0x2afa6edd180a32399a2e697205a9942fb13aa8adf2b72e03f078df7387fb1514,2,different_outer_origin_or_target,5634.139143845924454311653490949622982224614797678628611104636702576686
17070440,0x3758662d4bcba0988a49db7594cbd411388bd276d4bd464a9397325dc91b9508,0x2afa6edd180a32399a2e697205a9942fb13aa8adf2b72e03f078df7387fb1514,1,different_outer_origin_or_target,4602.905961660075355737611756032634498328894664749924216254604363566808
17070447,0x12064e8404adfcfe102566ca7f33de5ee1c9ea9c215bd372a00329c87de936a1,0xc8aab206c452bf683d78e366a141d53e56d58a77f34807d02f3ae8271549f004,4,outer_transaction_has_other_v2_v3_swaps,0
17070450,0x0d3ee7d8b2920072eaaf881c29c279fcbd53415703ebfeec22d9d3184f73e8d6,0xb63ff55b56bdbde572ddc37ea44a097f5d0642e3f6fe12a2c25327ce10bdd264,1,outer_transaction_has_other_v2_v3_swaps,0.0009999999994736441522038664935364386373045217895438325096560957224279238
17070452,0x0bc205bffcfee7ff147a01460a108870c849486edc0f4de29f86eba4b7f7c932,0x0aa785ff2b6aa070e12fd49050db0f037e39e8d9ad456bcde312244b17e7c48b,1,outer_transaction_has_other_v2_v3_swaps,0.0009999999994736441522037055690281002769785892007095875773105315276873100
17070453,0x0463d8e3f2625e9adfdc963cc01ddffa79360472d9c227d275f0a7ee2a1cba4d,0xf30c1e40a6fee3d1718e8db26de41dae68a55bd9b6ffa044c72e5e36fbd2da31,2,buy_not_maximum_output,0
17070458,0x0e31984e569447c20b0b9e004c83ef20bcbe2ec9b04e2c3255c0ad37b713fed0,0x8e4d4356b5a788a6a2bf4e7e1f880fca03878a4718f566beb27cdc5213d60b9d,2,different_outer_origin_or_target,326662.7476911511843055380556702265505542453053518558981795889151606807
17070482,0xb277694520b174fb11796a7ae37615b137821e6786697c0155030d0a08900ad1,0x93985c4c16ec5e408c1c0a48b2800adc9279c4990fc2a00104c836c0381a118a,1,different_outer_origin_or_target,0
17070507,0xbcad0d245559f4f6c9b85c2c53eff95617b6a91f68c06bb77caabe54a82887f4,0x693c0ea46fde5c476b7a2281b341922a5a44add5125a17ee202399812597c763,1,outer_transaction_has_other_v2_v3_swaps,0
17070519,0x1923d8bbd3629836a582a18ce90185659614fae59cf441dabbce79458d170438,0xdd629a0dc8544859d2696e08397f581b7693b060f4e782b490f9d8315cd0cc59,1,outer_transaction_has_other_v2_v3_swaps,1.186253407614345947447355475065413369181151163336946263761627070396735E-25
17070526,0xef8226f06bbce31ec3c80584fd44f5406cda653b872928b91c51ba7c2c946a36,0x85c1c87be8c035dea2be9c521606cda930d0b5bf645832db13f3aae702ccec47,1,accepted,0
17070529,0x87d0a69a728a3ce93c825e75e18461f1dc0dbd2be56785c84b960aad1d8e6893,0x85e1fd53c713907c012e9fa9bd24f9de0844871a7eaf3d67744234449d271154,1,buy_not_maximum_output,0
17070530,0x6128a613dba74a27a1fef59b05d039a19b99e7e87d4bf37219a1322c24189f35,0x7446c60aff7751c2a1ec6d707409f51ff7cb6d4e3c8c47843216f1458899a0ae,2,accepted,0
17070534,0x95586d345444368c86492931a0c39bb6eb15800ccbc1ee7acd812960af0e5943,0x5e52700aa46d5a3c5894b5109851b8ff55b8f3be346d2168272855bcdb24f9ea,1,buy_not_maximum_output,0
17070537,0x5c845a6aef00b21a14d153d9c044ebf173ae492e3945d07674ec8a711bacb62b,0x39e3fbca1daa2cef528cce77070fd587ba46b2e0c26bc9327bc17fac2bd79ccd,1,different_outer_origin_or_target,88248.05410574819681455748304591073248061034671626619694333136898697957
17070549,0x49cf99fd593611cc4f9b841ad3b215c06722f370a6de4118f4d3e0ea4fa5d8fa,0x780e63e8e6104c711c521732a19e2d55cce91916d329bdbbdb17548561090d73,1,different_outer_origin_or_target,50071.55690683707761805223849188695385179769949774700393435864329956130
17070558,0xb20e764b77670c5a969b796c0e1f74438449a0b87ae7b1d0d6dcc79e2c7588f5,0x198d01b94f0f86d2e23b48276cfeb1edb736606f3582077f282db6f9531fdde9,2,buy_not_maximum_output,0
17070562,0x3f553998921de972b243a00e7c5d80b871089ae78370c5d54379c50e557b83c2,0x70c5e5c10b9d1dd5c2cb1e38499fabe585e73524b19b98853d1db457a6fbbf7d,1,outer_transaction_has_other_v2_v3_swaps,0
17070563,0xa4c09f4603f5cd22c79ab7d0d10279f6a8effabae0294bedbea8a9d5167f8175,0x70df5c133d50035f47496a022d56e668a24576fdc7966eb70814971ebaaca45f,3,outer_transaction_has_other_v2_v3_swaps,0
17070568,0x7cac20ff1d729f135deffe1051df7225cfb037e09cc7955d8cdcbf8a7e183712,0x7a54d163967197a8598bbe396a0085999269135d0a522458def7db535364c6f6,1,outer_transaction_has_other_v2_v3_swaps,0
17070570,0xf99f2b626e7f0d74319813f6159d0780d8e17f3206001b2aa352dbbcfc5a1501,0x29c863cfa23a3c26a12b99655a4d3b6b497e0f3570cbe8b66b4ec0bf038749e8,1,buy_not_maximum_output,1.062322389121416635155804379168349627283293286349693072576339591861289E-25
17070572,0xa952d2f737f86994e3d1f6ee7910f2aa2ec035cfd82cb3a9b11e97efc644ab71,0xd333eed8db9a0dd27b5502892d26c7dffd5e4c52ddecf402e417aa78cce848a3,1,buy_not_maximum_output,1.830454429381368199183631542241599467996249656904102976674623827724133E-12
17070579,0x97fee6138e98c3393c8081a45841d8c55c03535517f7eff363a1907171dee33a,0xbce0b4625b0b3d17c8801874a9043b539b25bfb9a9be0895ccd713e71af53996,1,outer_transaction_has_other_v2_v3_swaps,0
17070587,0x99a7520b72fc40404285e8abf9b6a566f41cf17695362995aeb6fae2dd406d8d,0x81460088fe08799afeae8920fb645f0e6f53a94c52bfaab84b55113bf63efbd2,2,outer_transaction_has_other_v2_v3_swaps,0
17070590,0x9c8375e7363f58cc4e38796882738467a57b7ab6ad9e786c0715d0966b647ed5,0x52738abea4e72ac3c5f782a679368e379a8eed9a8f0f4031457b51c1d5b1b787,2,accepted,0
17070591,0xc4a143e18a7c4fb68d37de10ca574da7ccad81f0080ed01dff0a881914604d81,0xf2b573b7f88e9f1aa7ea207f10e501590c81a25df4b6841cb7e278d03f4cc867,2,accepted,0
17070596,0x44fafa2244cd420559f9b6c326f9f79ca2251757e37274c53546dbc1499f1ff9,0xc8ed7ef2160f26958cd72b48c68a118c424ef30fb3029d224cd80531aea93f4c,1,buy_not_maximum_output,0
17070627,0xd9b850b7dabeb7be185bf43e553577b67549b060f49be8ad359ff2f7cdd3ce81,0x128e3588300b27f6e8f5cd064a084f5210307cf9ae10c9bc20d279c24750c310,4,outer_transaction_has_other_v2_v3_swaps,0
17070641,0x1a31ba32c2774fe45381f54f97da6c78d4e79c62c1b431fdab2ef62c2e223ffe,0xad26c9951232f6895155697234711c5ed806c84326f6ee887cd4562b398526e4,1,outer_transaction_has_other_v2_v3_swaps,0
17070652,0xea25314f68053ef8401a93d38701df0ffc33c0bd06a51da3fb1abce4380ebec2,0xdf7a486c4fd94ef555cb29eb9eb6c7f2adf36bf748c790c4a2dfa7e52e339301,1,buy_not_maximum_output,0
17070736,0x967f2a2feabfbfcc651b0bda6d0eb31c6306550ec98e02c2e3a2fd97ab830ae1,0xaa9920ddd2fa085b55f870208198de65c4032bab328b3cbb018ca71301f10aa4,1,outer_transaction_has_other_v2_v3_swaps,0
17070740,0x2796c1456ec2d3a11536fa33db595efdc75be50de97c1f22fa29c779fb47dfb2,0xd45eb32b27f879f374a8c558179f549fe09ee6c514e9363226eb86ddc4ce1681,2,buy_not_maximum_output,4.317821188961522962501513653558751129649882506830928191488156382495176E-25
17070743,0x2faf01e3586c3eee8088dd495007086a4d27362b548de18e8748210f5369bb15,0x38f1e44c4b76b6d6311f130726abb88660571427104740d72f523cf513dd740e,1,outer_transaction_has_other_v2_v3_swaps,0
17070767,0x219b3d41bf3a7266cb965fc43c3ede7bc715281f71f8772a9553663d176ae4ad,0x1bc5b874966862e2d1cafcc23b1ec63353d1a1c492a57ac90b48df2a78d606d2,2,buy_not_maximum_output,0
17070777,0xffb62adf31ba9aba50c832e57f8f59e774df972b2b78e76292a61c068b659284,0x52a860cfb8e780baadcd01d724b2bf5f1ca42902f1f12a3c1b348ee9cff1db01,1,outer_transaction_has_other_v2_v3_swaps,2.291177789894765688119884729432963841443729796686162580110261072697155E-25
17070792,0x37b894fc50278c34a2acb4814cbe6d7de85075fec5bbeae87de6dc128b734d4c,0x41d8944a17a8547d9aa3bfb45fd21995e25a16df71099eb508e5f6353617436a,1,outer_transaction_has_other_v2_v3_swaps,0
17070795,0x03690bd8989763d4b17a494de8dfa2909083018bc2f106d1690dc0c247e34ea8,0x150b9204f1c6d3b09013442b7f53b2247ba1d47a377fd391aeacfcf9334345fb,1,outer_transaction_has_other_v2_v3_swaps,0.0009999999994736441522037046542577251178964016220829156056248296187923166
17070828,0xca8f26a1a45028c902c78ed880d2cf932c7bf9c68afa12a7d1cf660c4cf69562,0xbea5d0c800813ae03849b710729eb331ba6f4c3ea30fb1b394d78d4dbc1f41e3,2,outer_transaction_has_other_v2_v3_swaps,0
17070836,0xb603b6979a19c341ce90c66d49d0edb5ec411fe306c3e1a8cd6bc39d71f8b646,0x537172d9cc4ced8d81df5a285e9d20ded9c57fe01227ff24f4d626b7556e3787,1,buy_not_maximum_output,0
17070848,0x6892af0494577775f044ea3b1ca81d5fb2b29ef7ccbc2ebb6dd2c68eebf2a600,0xd250e78272ee2c6bad818aceda0b00d456d8a0fe417a1358a74b33ca44dc971a,1,buy_not_maximum_output,0
17070854,0x96fbf5a93af6d49de1559e0e3f1046fff4f12b233bb290ca7ed7735f72a4f5dd,0xf5c20dc66122a3d404d540114c95045abacb7c4508351ed88619f42b7a963669,2,outer_transaction_has_other_v2_v3_swaps,0
17070870,0xf66786f3b09e05abc7d9b9794f49b3bab983f99d7665625cf230c2c7a238c8c2,0xb8c64ca77bc443e1c1a9947dfe54684ebc893ed27fe4cdb59839cf1f236e053b,2,buy_not_maximum_output,0
17070875,0x9c334fbeb83d754e88a7010da4c40353f36206a273abb2746a3cb26c9c3b88f7,0x84f371e78411bbf9a1bcb77a95304775376bb3bb26371533a56fb6e9016b7963,2,buy_not_maximum_output,0
17070879,0x67a70beb6fa5e36e55c9acd72f1c6ebe41b7eda1a5c3dab9161d59abeccdd2a8,0xe0dfa8cdb579145f075c4cb656b910628ff79b12a15a54edec6d5ebce6561ad3,1,outer_transaction_has_other_v2_v3_swaps,0
17070896,0x1760047d9dbffe8636e6f78cf1247a9bc7c1277bfe540761a1125217036918bc,0x882b53d42ed9da4187d70bbe2f51575507d64cdd5f517ca2418cb6876ca371af,1,outer_transaction_has_other_v2_v3_swaps,0
17070909,0x926b73554c18bb4417d24e3d80746ca07673b0fdac069fc3889a1306ea3d258b,0xec34dbb503f15c8a418f4ef68043b0643295d72ed5fdb7bcbd87bf06770a752a,1,outer_transaction_has_other_v2_v3_swaps,1.241696143849383402163083678337823325315458646027161949566526811320325E-25
17070927,0x2a22b1036502b54c29f7d60e550a6d06f8ed890a9877829c6b1402e7d3a9f891,0x416037786f8a8b5acd7433f4ed404d58c18e37ee3c9f035af76d35b4d216f67f,2,outer_transaction_has_other_v2_v3_swaps,0
17070942,0xa6065ce0e9cb45efe7522cde40923d2aebdf4ca515374e08d4daea548d09b3d8,0xef360fa8f1a81745a9a1ec2eba0fccc748b53639aabf8ebda7d4fab27c19f78d,2,buy_not_maximum_output,0
17070946,0xc172b1ea15455c422cf8ef78d2149fb7c24aac81afffbb5b54c5a32306027b80,0x75f910ec118f12e99004c0f5a2b67f6eb1308a60a9a5348596ef59d0bcb3313c,1,outer_transaction_has_other_v2_v3_swaps,0
17070951,0x203daf0c03d085c84f0d382438321e39d457f7f0a7d6f5108dd1ebf57e9b5665,0x1e7131c0abec28bc9c55a9a16ff6741bb66f48b35c673a1c914f0dd5dcac6489,3,different_outer_origin_or_target,6820.112297823139610539193635264130912425758578403462987040307986618923
17070951,0x4486b460de5f93e6a5a1630d31e53325dad5cd4e6ba7d25166e94c568eca7254,0x1e7131c0abec28bc9c55a9a16ff6741bb66f48b35c673a1c914f0dd5dcac6489,2,different_outer_origin_or_target,43626.45020914923509088492748657612789507293917045955047016875755423910
17070951,0x0847f2f63aa6b241af9fee9fe69c8992edf807bd3d523f67c0de61d7b5e6eded,0x1e7131c0abec28bc9c55a9a16ff6741bb66f48b35c673a1c914f0dd5dcac6489,1,different_outer_origin_or_target,70528.55594769616195781165870590030327213334677418243646798520763039402
17070963,0x3939ce4e2a1a86d0e0c129c5657b7eaa7d7180979735bea168f2c291bd5bc847,0x00cea0164111938b8dcb297a611d8ec3633a9e3e96f813847ac022d7037bd8a3,3,buy_not_maximum_output,1.291843941878714239655747554136064387140516185367983834040994680703845E-12
17070965,0x1c71afe54786d16a707d279d971df451dc9c87a949367a242ec11b5e519beddd,0x5bb47747a28f80412671a8a6cee236532b101a62fae8a12b087a87bdeeabab9b,1,buy_not_maximum_output,0
17070969,0xfe9df5454f82f7798030d03785453d518b2afeb774b0c191395483cb0e4f531b,0xb1a19ec38fa52e1c84895dad2c35c61d992660843d8fa100ad73edf201b717ed,2,outer_transaction_has_other_v2_v3_swaps,0
17070986,0xeeacf3b180f38db4164906d1b7c6fdb7a5b227d25e366e7d9fd74f3e56805a23,0x62143f263ecb1ef3ce908fe347fdf0985487f250217cdba7d077c732e82aa93c,1,different_outer_origin_or_target,2071.054191929107495373788602630977751092605817386165772302155093389082
17070992,0x9b8eed3ee5597ecec402184a23f9caa037823d03f41725deca985b2ba380ad2f,0x57347c656247663292df7d330e909a8c1806521cc50566e50d6fafc64a6a7702,1,outer_transaction_has_other_v2_v3_swaps,0
17070999,0x71ed517a01e0a139b7eb383081c668a9c83b20c7bc63d5e385e91fbf4d643baf,0x710ce6b9a69c27e26fcaad68e1ee1c2bba092eb4b80ca5bf082feef5d7b6be98,2,buy_not_maximum_output,0
17071008,0x053260d94a0ba1f05cb878b98040bc9faec99aa64a73ebbefc4ee5daac21f974,0xc4ecfc2bf044fb972a2e6c0c287080acdc6090011e668ab2fc0e0be26629640b,4,accepted,0
17071024,0x79406c1afa5257c572b365e057396e69c433fa014fbb64ccda6a7da1c4341ce0,0xecad3d742d1210713c4067900efc747483845300833ac87982171af29537ba08,2,outer_transaction_has_other_v2_v3_swaps,0
17071035,0x906a654ad8f9a78b88e4e3f073d14526c8e8761ac7c13f70ade0c38a6d42d544,0xc09f2b1e340f831309b36bdf4640942ec8d227e204e7be4ee3a10c1bdb9d2e8a,1,outer_transaction_has_other_v2_v3_swaps,0
17071046,0x8535ac26ccd200de3a86cdb2a5a1617ea4bfe83d03eb8d209bd2b3eadecdde85,0x2253b2fb95d0c36f3bd158589c4eaac305733954d4ce7a783037c15636b14ec0,2,different_outer_origin_or_target,9212.925130730280942235298839118628010773793975342111065506346464307757
17071046,0xbb36601cc0004c632c7051cd0638f5be17c43e86d5c675c1cb4a3fd27af1fae5,0x2253b2fb95d0c36f3bd158589c4eaac305733954d4ce7a783037c15636b14ec0,1,different_outer_origin_or_target,14219.52936657258730183590545997405950096897917575221996822131245455586
17071047,0x1bb3686e8db002ef35cb1c9399ac7c9cede1ad2ea643818ae1880e2ff01a33c8,0x930b730cfd29414d074490d1ccc1a20f22a726386da7a8e14ddda4a490d30d1d,1,inventory_mismatch,16972.91473101789672805334903679674989593860629625237028730102980712123
17071051,0xc7a82d7b9d5b5524cab2313011983d6da5dc534c923985f6036102dbaadb6b80,0xd9f3792ba64d818ee9c97f9f797485b9dde8242667079c1e62b75bf107e0ef9a,2,buy_not_maximum_output,0
17071066,0xa59e425c8a4251ed4b078b4fb48661c4e4b009119462a658f05ad5ed89076995,0xf222a67a10ac35d25ce9d75efe1cb098f952ebf8b9d1b04eec7a3cc174d0f70e,2,outer_transaction_has_other_v2_v3_swaps,0
17071069,0xfc36d2bbdc1a298869286183be3c8e3b6b32c70266bbb178fd672a4a9200acc9,0x1c2f99891a69814c7fbb0442780e62efa0c0a9f0661f76b1e2cbd0e73a7656ad,2,accepted,0
17071071,0x46e91c4cd1b0176f36ddc6c185ae8aac228228b00bc5a1852f59988d418502e6,0x8fe84eb257f77fb8118fba3522b79069f9b05fa72bcf60568e254c0ff79d977b,2,buy_not_maximum_output,1.599778688372068894014590980579267383295038268756941866886275916954326E-12
17071076,0xb89a6754aed4385dc583d7512185d59a0c24b3f612912ab1988117479bd6991b,0x6e17f66ca6eb4ff90f1db484e2e70c6252d25437c946e09dc7d8e2ac01ab2dd0,1,outer_transaction_has_other_v2_v3_swaps,1.587036041047751808774214979934270091925236317113715878080750031367583E-25
17071082,0x10c207f3a0fa28493759eaed4ce9701ca2a07b4815b21e44bdea0ac760d9ce93,0xdac15b2cee072e78b13a5fe6c40276ced1484dc207ba02f2d8cc50b284b03c05,1,different_outer_origin_or_target,118122.0892167815455801200310401196705360265528243715949543974397855742
17071084,0xa0334a05e93b44069eab1f58e3908409c26ee8be0a178292d9ca9ac81ec02ffa,0x9abf3724d4f85cb46be054b3e7641ba8351c539c7add090b1c051c2179e6ea69,1,different_outer_origin_or_target,24598.52720361372569577576080587240190012448331631474354425487605045013
17071101,0x50e8ccd56b30ff150f1f453bc8c641763141f8649c325cfe8733bb64c4223957,0x1d47f3d3446adbfc71492efb132c074ab2c07b0be5c14e2d7964c0bd4a115a50,1,different_outer_origin_or_target,9372.746960145506419109753382375786630945274415473736693839006741606501
17071113,0xd2a7d75ed85a387a88c121a9bc33880aa492313060cd2e434f1c7b1504cd6eb1,0x0d2d5dbe1a8de8ed54e5234b5a41caf88edaf32fd4fe07de20887bd5a6f306f6,4,outer_transaction_has_other_v2_v3_swaps,0
17071115,0x6aba86599aec51b0b56063cd620d889a8831dc6d661dff74fd0cfe8f86da327a,0xe0f5a3ac6967dee5def6b25376314dd486ca743ce6fa8b81bf0ed245b1fa6aaf,1,outer_transaction_has_other_v2_v3_swaps,0
17071119,0xc8e9710319bb6bf97c23bb1859e03838d6f4100d4e0a314f447ee1bb4881b7e0,0xa6e11d0ec725cb97422c2c66735ad6275201a1927bfa13e8ebebb42e81d27d2e,1,inventory_mismatch,22949.47865125887959978828021156288734764678675809774106726599483854048
17071122,0x83ed4b311123c3f09bf8aec9df0b1f7dc8bbd0fbd8a35e3e7a6de60e41834cc1,0x51061cbf6111a2a3855ab103987c604eef57dd4e6096ebb20585dcfd3b9aca85,4,outer_transaction_has_other_v2_v3_swaps,0
17071123,0x05d53c49a44a60c1bd3605a9e97b76413468c843053c676901ab41853ebb4002,0x71fb084c41fe12422c39e72b9582295920dd033558a4d5893ce61d887c8ec992,1,different_outer_origin_or_target,89585.81190800796304559563248207249633699997208159789098068177073048818
17071125,0xd76cb7f05f7925806777836f7e5f4891bebbc416865f85e1d3ad22e26c1293cd,0x354d6d7f668f321c5848676ff8426b8cba2e6b4b9cc1675e7c5a444bd4317f71,3,outer_transaction_has_other_v2_v3_swaps,0
17071127,0x63f2efab582bdeef57d6135ecbdd2e4fca9afc02879f0fbd314962df010c9d31,0x0e165c4d3f53b3ea4205f0430aa2e8f17e3849557cfa29ed2b1f3fbb3a408c81,1,different_outer_origin_or_target,140897.1548826314429976399323658007183511931663291930042293886243228951
17071132,0x13f3f92c35479da40fa77c8534e5a8a836e5905e3fe6f92a4c42ccbc9d3bb662,0x3b78abc76894d91ffbf09f0342e200c1614ad8351509eb1f1cfffd8953e1c502,4,buy_not_maximum_output,0
17071139,0x147ee36b8eff8f6d62195ecbd1d9f50a35b7902a339ceb88780609fdae2c155b,0x334e965487a7ef50c108f8c0e57a936c84d58bddd6d94aa0ba5c9fc84bda2d8a,3,buy_not_maximum_output,0
17071144,0xc90be0c24b654c72ebcfd60a75c4bbede0bf2051b553f9ae9b59317421074013,0xadffc6ea4e4593e7ade20831acbd7ceeb7fb290fd181cf75cb0ad0397276922a,3,different_outer_origin_or_target,7086.219565524927134838270989426303747894619256298033224947696295746970
17071154,0xbd40f59a90ade5e2ae8fd9e8709c7b3c18f9c9c916acef2bc180b5ce12147f84,0xf359b9a00672de0ae9c7c9ca9f86430d8cd1671a9d7b4cf936cb9f1cc3ec47a9,3,inventory_mismatch,13314.66025426744882690960095761215486935117338453905343636069081552762
17071160,0x516e49bc332a2fc481bc1b50db8533b6d1e84e73fb4c74cfafa9ed1d5cc940ed,0x4e494e274351fb306e73cce404483ee5e796f028171e8166c4644385762245e6,3,outer_transaction_has_other_v2_v3_swaps,0
17071165,0x144abe4181fa2739ac71438879aba4ce87f252b336a55fbf1f7ab9fab690bdfd,0x98feba81875b8116db72276028db7adf4ade3ecdef3ef6b01027f498bbd0b481,2,buy_not_maximum_output,0
17071167,0x5251e44e28c3218f26208cf9e4bae17b0e9060bd4d96d11ed7a3d775c3e94e8a,0xcd388b6076c9e23113fdb37ab7d9d138ddb5a490725d4ba9fad94b8f9496d7a1,2,inventory_mismatch,10937.08165890884995372979072380696286544381435401357391986949089730335
17071173,0xb6dd57a84da77b600725978846b066ec64a62bd27f39edec63c0f60bf056c1f4,0xf5913147685471c65a270fea5cfb7c33f6dee036088f7f3467f058d6184f211c,1,buy_not_maximum_output,0.0009999999994736441522038331371271655305898405505571701102902477917279630
17071175,0x0e29f4d392890c890848f7d8940d1012af36f47a9b4401628b44b3d1101908f6,0x18a701d180663d3b1516a3a66d08f9e952d05137b34b6d94f122fa460084184d,1,different_outer_origin_or_target,90731.52546606144271556706106800866233419372336749970618978905873419469
17071191,0x53ce945a637a5dc29da9c9e3d0ab5e95fab7b906c40741277ce19b067871e1ca,0x4740e37e997916dff52b5a0ec9f084f6075c221a1f1e756ca38469d61eb26bbe,1,back_not_maximum_output,0.0004371587588015965142657563529759329016066550243929004846581759554825754
17071192,0x4f3e3abd0931cdda655847db35a2cb589c32dc2d0a218d423cf1e66bac8eee24,0x62284d378e47af5ed7541394a985e420cd520e9dd84581a7f97678ab33f5de1f,1,buy_not_maximum_output,5.123069325954437589834919229932984728405365637957782073563034346165905E-25
17071199,0x6f498b511facc23616157ee70e934943afb6fe11553ccc634827c33daf335389,0x6adcedc648f2612c58f463e746e603633f7f1b33634922974d9fb4291811c4c4,1,outer_transaction_has_other_v2_v3_swaps,0
17071201,0x3fdce2a57e5e4fd21ff883cc90b00934b90c2d79b6ebfb17a477a46af3edfa6b,0x87af85e0447804958552388a739ddebd1e2cf2689b2c8f7b1ea601a05daa2b49,1,buy_not_maximum_output,0
17071218,0xf1d3c6889f6c70a4cd48472b8c5a3012cb72ef8225113c035cf008d5d4a3a20e,0x6c0cf13ad87d83ec1743cf4106d86aee0413ae7973c16a2d113ccdc72316e22b,1,buy_not_maximum_output,3.657341048588943893117589937936914247765345065156286283349328036043342E-12
17071221,0xd6d1d5c6be5879a01c1b601b4b69a5ebe275c3f73557064cd58de8e2fda27d6b,0xc4256634b994219bfa58645902d69dfb102f4c838ad245b17cb0c5fd89c1fc65,1,outer_transaction_has_other_v2_v3_swaps,0
17071226,0x13ee6817de615c89e28afc6fd21316938cbba378d3d8d171e566ee9fa7be6bea,0xd559d7e37a74419290dc90f2bd51d4d61c32b0f4064e55980829b4a8ccd5ddaf,1,outer_transaction_has_other_v2_v3_swaps,0
17071232,0x5d0795061f74fdf38955e7050c5ed258382e2b1fe30ef3d907052cd63683c092,0x6f8bd80ee07b7e8409c51c128469a4c403a2696e7d429bfd54028ffc51258a96,1,buy_not_maximum_output,1.449964080984679028766944325560884116294062674962857752521430136015327E-25
17071265,0xfc20912b654ee6c46fac61caa10e2319bd1f090a01786766ee58cc9b87f10d0c,0x7f427af2e5eb9de89bbe5d4d663788204748aa29ac92ea97cf8cf33b1855a3ab,1,back_not_maximum_output,0.00006069632703494558135942409955248768745393832572700827505902429832920219
17071274,0x150ed2794d7fce5d446b437f5d503122371cb859df638083ba8fb51ae850f3ab,0x1964f14a4827728997bae579e3b18f364934151bb55cf626b241898856a02ccd,2,outer_transaction_has_other_v2_v3_swaps,0
17071294,0x75b55b9998a2e36c65d72fb225fd0403cedcb23ba0ffeebe5b55ee9bd2f30a9f,0xe5ca8f57ffd18f6f5798b54ac36036b963c11354bdaf0bdfdea3925f1a60b038,1,buy_not_maximum_output,5.252546990824036714203613779515934546579298596634457652834433715171890E-13
17071307,0x7fcc8e9bf858764e6be7ae6cffd79ed88dff9d8cedabc28ada51eb9396e58aef,0x4994bc6fc9550c4833710add6c285b5112764616b875e1b76088a5734c5e05fa,3,buy_not_maximum_output,0
17071314,0xf8fd3112bafb038bfea04bc2de92e2f0d70e5f4f3c31a52501fb1bae91cbe010,0xac51d2d2a1e3589d571c0f580261fff87cfe37223e75b0e9120fdc7fcc55d482,3,outer_transaction_has_other_v2_v3_swaps,0
17071315,0x476c052c0ae3eca828a306b201dcfd5d91dcaef608ce7563cb812598ef73003d,0xc7d2bd3c76437e2a4fc1225a3f89ff27f22a51232d345611965d8977f2ef5a7e,2,outer_transaction_has_other_v2_v3_swaps,0
17071321,0xfb3b0cc1c4bf90ddd6552d4621364576cafa988bcf38a33abf6cf5b8c00cc47e,0x0bd17aadac26c1c8e3bf11005b4314fce4cd8f18a257cac9d25c86a0df83b8df,4,outer_transaction_has_other_v2_v3_swaps,0
17071325,0x19c6d2233d43cd7f57d6a903f1d01febb1c074de12fc16933b42c59faa81ecff,0xd5060903961dff56a4809176c242b55f689ee801dbc7b49059ecb0753731e580,1,accepted,0
17071340,0x828150ce07b6d5c45189969069dc9304035065060dffd15ca6544c4e71a5d877,0xc055a775ac26d843d7b9b73ad78491ed26ed29eebfbe3b570e6bd48578daefec,1,outer_transaction_has_other_v2_v3_swaps,0
17071348,0xc7f1d5bc1e82f4072a768bae762481d12da3f9c970c3daae13194e94c0425827,0x6dff3015d9c2793fd916a269097db8f776de038e9d10ecbc1e33aa0bbdb7a470,1,inventory_mismatch,2340.461307598144610134235254497214584309561720005240487751163637445053
17071351,0xf8f89ec84b6d81c5a2f165621930652bf8bbb16f9ef55f7cd1852f231e133d5a,0x2d1deb2d5ef25e89c7342b2191c8a07a9de46bf98ccce80b26f0e04905c7c0af,1,different_outer_origin_or_target,42279.64851114736647709286348193158915049724176077441387961513607016643
17071356,0x746110e3b2d9fb70529537afa2fbf494d66734dc3551d1922e5b7e4e324920bc,0xe032bfda349e212a0a20ac39f98b79f1b823ffc52d0e13ad526f69990135319c,2,outer_transaction_has_other_v2_v3_swaps,5.572090481053776421520742004425150634980530479829835917504804496717561E-25
17071365,0xe1e767a9dc5d3d1c87b62c3f909b04030f9277ec00282f8e81b01c2e39036a63,0x34ba01f9ce32200844b3d6cf49dd6dd1f54dd1825901449e04c56d4b35e25509,3,outer_transaction_has_other_v2_v3_swaps,0
17071389,0xce7675c8abd9582a754a5c9c735c5014e4b87e9191758b7f15496416f346ccd9,0x5185d62900dc5de51711ca3f13f3a3be262bb1610ad1cdc0431c2beeea6976bb,1,buy_not_maximum_output,0
17071390,0x6471317729da8f2220a0c4cd7687970cf28e33b4cad5d1ecc47ae6ffb451e32f,0xed47d39c27f63b794b98a57dd2971ff15adb1f17c6cc87cd09a4685c5d7823dd,2,outer_transaction_has_other_v2_v3_swaps,0
17071428,0xfd102188882349355ae9fdfbed666ae85444a62bca63f032bb49ce98b4f4ea76,0x8b8ddb82b65043c4d215cadf709109f08582233bb69cc476f49d81d48d53d1c2,2,outer_transaction_has_other_v2_v3_swaps,0
17071433,0xef524b4b40dd80c52d28990b161a16f7ee8cde9380a76dcc280d20115aa32f5a,0x37e7f5528b5babe3e7256445ec8338b90204d9f31fb90e407f2886e61ffc079c,1,inventory_mismatch,1889.066113777318167538357608560610602616629558641114547291365049655806
17071437,0x82a38353af420a9bd4d7ab3965304d479e9f3f504c93790dff255f50c96b0790,0x363a9d7b2be58cb1edaa2a728de3eff5dc7904c1b60f255c55c3cfcea0cef623,1,buy_not_maximum_output,0
17071442,0xd0234d811cd8c2a806fd347903b0e89bf77d82ce5100daf1f107be34f1e22f36,0xa3fb974eb7ee836ada1eedc3a594121a3a482aec6bb87642f82d2eef1983708e,3,buy_not_maximum_output,0
17071448,0x184a10822fc1e8a497385c2a61398069b9258acafecf27f6a6996bd10fe8fd1b,0x0cdadac1dcd8013ce95470ae257aef856efd21ed762a1e425e171942846763a5,2,different_outer_origin_or_target,7241.299766041714902635070140338519777944836146465495092096291134426018
17071448,0x9f50723a1bb37c926265b47e5deca0f0b6bf4312b05fd432f017774341a456a9,0x0cdadac1dcd8013ce95470ae257aef856efd21ed762a1e425e171942846763a5,1,different_outer_origin_or_target,8673.841121933553115090386300603755219838239408014463482872736360026302
17071452,0x90f4119e4e1799e3cd8307191b13b33a93ba18a16ec72d81d14e957f8ffacfce,0xb93a72e3bf21743337091832c794b3dcbac0440178a474e78df28263fef4e30c,1,outer_transaction_has_other_v2_v3_swaps,0
17071458,0x442db5b655f6cfaf12740e1768bc44c74b19fa539dda3128a07f73a4d923181a,0x58b6a1a70860dc20fd9abc39cd0d42d6ae7b0022b2670a7d5ea0b0685e77ed54,2,buy_not_maximum_output,1.135392187622157420293156881283147381167482100059767011953190208309290E-12
17071459,0x39711c15ba4d1eb521bdc4bdce00aa75e9ddf226a9efe2314bf658232e3b4e5f,0xaa5963fa148c6ffc2890085b0f5f02dcea6fd9e0cf881f81895f8ee6abe8f12d,1,inventory_mismatch,1708.942276650714636721653306674143440084470228458911904834770623493452
17071469,0x6fac4439d547edfe4693212611573a588287166bff0aa97d24959b5657d0de93,0xe3f70aea3e05f0446220621567fb686f8fca314e8f43997526b0c5f1ed242eb5,1,different_outer_origin_or_target,7161.320191005194895456597784953356878482141381133018242596617360834867
17071470,0x8026ad2c29f1fba8f12de5c90e167261b48a9b218e05c272da8afdf3b6b9557a,0xfeeb204ba0b1604aba880720c3e42dcc4f4b402b0818a42d377f0517117524be,1,back_not_maximum_output,0.0006099898363854561695069932562240473988701870556433022100611091982666142
17071476,0x219dc4b312b76ad5a83d08a9c497f4f4dae7fe17c2053f96dff9cb460330b8a9,0x82958b9a1f4a3425be44a2a067ad95168023260cdc926ffa868a72fc06ed7ede,1,different_outer_origin_or_target,8301.798388527344069938702981165159179753115615512251312180359334063653
17071486,0x657e728e41e4e65e65636c122ef84ffd805ac69737e318aaec2cfe0b02a55531,0xc4435fc68c4684ad880e35e02a65b11819aeef993e05980bd95d5083932ef790,1,buy_not_maximum_output,3.000713060278702389136136692091021113969972989540642612432604381489719E-25
17071490,0xaed2df342b3bb84972ed141a5ea194ec650a0b1395d4c86776750a8889013211,0x497f8a0b03edde04f70f1d35c76de59ae3d87cd084af24d37e2b860e6bdf0e2c,2,outer_transaction_has_other_v2_v3_swaps,0
17071508,0x953dace0c29a99dc2cc92f0b42e8d5c5d71717ce5cd0328f83d90754e4004051,0x0966e9895a2856420ffa68e8367d9a79612c672ad01d2d0f0b22e5e40c6bb29e,1,outer_transaction_has_other_v2_v3_swaps,0
17071515,0xbdf4f1bf1ca90cff43a7243d8c685a5849c5e958a4730343d5e2adb5dd604d0c,0x43f164f09cee21ea0a53fea19be33c6a22ca7ee80c777ac792227a04e250841f,1,outer_transaction_has_other_v2_v3_swaps,0
17071523,0x74f6f3f502e053acf8a28ef5f4130c72efe6aac63f03c0cadd964125fac4fbe0,0xc38e71c05ecaf89439db35f7c80e5bb7811ef876aaf37f301fa8cba53881c154,1,back_not_maximum_output,0.0003359345732875626796757468659972638644877414218875582435418764793728850
17071533,0xa5275970fa746a0bb3e7c6ab97490da18f6e93b3e879974f38dcb160aae64092,0x87476dc9875613f40d76a486bece33a8945aba0778fe9b486e5fb763c5cf0e60,1,buy_not_maximum_output,0
17071574,0x3b6799e59dd0db1a248c1d9212fc63bcd988deffe44fbb2fb51ce5b9e1c538fe,0x9c6249a897cc49d1b4db8e2fef10c002a8143bce5b1894dc7ffda77f8e34a3c4,1,inventory_mismatch,14536.05667034034250695743313539376118044652357132548717296339248467384
17071576,0x42f75ce54a63715600faaffc127b18aea29f6f2641fa3e495ce6ad576ce2cbf8,0xbeea1317a2aa379f91993a96be7c7bc9011df2b17611045f3c3d0f99938009a7,1,outer_transaction_has_other_v2_v3_swaps,0
17071600,0xdb87d34c3f0a6438847adedc40b7235cef9442808630aca42adac23a166bc2e3,0x040f1fef226280a8ef8080bdf2a8f037dbec7d62f27b0abf99cd080819407b8d,1,buy_not_maximum_output,0
17071675,0x83727e0bc76dc175353d75c7d1fe6587f2cf094c8de4f784b74d093e7b0a2635,0x8ddb3ea53182b9f7871555b56e43589f20c2754f611d9deace995b10c55d1e9d,1,accepted,0
17071676,0x48176ca18524c83cf0b9a0d25f485c30633843aedfff7cbe3d742b031589abbe,0x8e6d80f9da7ad3398ff0b62773efd99be5bab5d8a4a980c1fb10fdb7387ee1da,1,outer_transaction_has_other_v2_v3_swaps,1.002002422909732478882977199853197442055589164088782903928049990421016E-25
17071678,0xf81604261bfebce37cc07409b0f716929285dc5aa24efcf894fea46d4abc3264,0xfdfc7c4e2aaad11815c26900208148c1066c92a458975b53e2f106d1e58aef3a,1,buy_not_maximum_output,6.824957486030062325379732785523508986671070670126852721602095966473351E-26
17071688,0xe18a11a502e88697e02f32fb71343dfbde147c0fc4478c3a69cdb12dc8776d55,0xa3b840970b8b94f84575f0d0b7edd1eb49b17d8263e0f42f795d7ac9810e64a3,1,different_outer_origin_or_target,7336.810815012503678998845194063264534044187813846466021962642279916946
17071718,0x493b1a5ee1edf230504014849a2332f5e51c4b7b6b56116b28b19e3f6be53dae,0xed8b6df2085684a02560dc16f1dacbc397bcabb0e0923c445dff49b84fb6023f,3,outer_transaction_has_other_v2_v3_swaps,0
17071754,0x0a34b5f78a34ff64ddb9a3436ef0dc1376b0e5b97c4eb4af01a470b5832c3265,0x391a6d748d07875b0f5fc4ac0b4a688c9e2632595ae685757ee145bb22b35c38,1,outer_transaction_has_other_v2_v3_swaps,1.940740259026853439773905644675172559225124602331995730664809736309909E-25
17071772,0xc7a041b323aca8ded59c2ec668026ab50a1e03e576008f23f7ddf6afd9cd96ce,0x12af89ca0d97ad6c6ba00b9d8a2efa95651dfc93feb2d3b33f057ae97a04970e,1,outer_transaction_has_other_v2_v3_swaps,0
17071773,0xa8e4dafb9ea7d88e3612adbe7f1a73ab00ab3c5174aec65c147408c2d88ed1d2,0xd0f16bbd7004c98c50cdd31d825dc6447377e6d3173c736c2c4302652bae31f1,1,different_outer_origin_or_target,114661.5577357954775375745610900319512187858905850956786116346497876144
17071779,0x33aeeb677b2a45687c1d2e9101fdbb7650d46cd66b36d805f0ca7155a1c52151,0xbb9d4f8ae54d8e4f3aa4f97853183fdede2da953be8655ba7bdbd418c61bce6a,1,outer_transaction_has_other_v2_v3_swaps,0
17071793,0x474e53775bd23483445f481756dd987641be2662be36ab0d7fded2131cfc097a,0x0327a7e3cd5207afde2ce3477574fa3c5bd017d7d2aeb308960bfc7f6dd1448a,1,buy_not_maximum_output,0
17071836,0x38687483d9c40ccaef8372b66a440060be1af01ca8bb5fdc39dca00ee8988b6b,0xc4027d5a5196e63b3848824fba6f526eca498b3b1d7eace4b43a0be8b5f0420b,1,outer_transaction_has_other_v2_v3_swaps,0
17071859,0x4b5f085366540909a9804ade6bee1dfe4767e60865d04a8c254a0b722c3fe0c2,0x69f34dace64cb94eef171c6d9aca4d53a7293012df3aabcb339e9ad76aaed57f,1,accepted,0
17071868,0x5ad52a657b84f172d96eaab4c842885fe8b87f5dc5ff068db6d9f4eb6a13395d,0x83b044a2a18a9bffcb0eef6bf695bbaadf63e2618523da7ee4bba9232c7322fb,2,outer_transaction_has_other_v2_v3_swaps,0
17071871,0x31775edd422c31011d161215d2c34f1e0cf596ca1d090772a577745c958de09b,0x9485c0957b47b3eb75cb954bab10e0722fe37b9cf6af340e00cbbd44df6ddaba,2,outer_transaction_has_other_v2_v3_swaps,0
17071872,0x75128a0dc7e1b23545e04a87d09e5d42e740192de75b021c175920fdf9d47f51,0xb85057ae5e5372a8b8a161317dc5c8bd1c0d64a94241f8acd65c000b04b9fa98,2,outer_transaction_has_other_v2_v3_swaps,0
17071875,0xf9e537587cdb6ed648aba536de9657a011a65cf7aa0267d9fc9910fc5624cc98,0xe595216f7423ec1907959d3e7eca79d35eb3d7f3f498fd6a201186c447c6f4a9,1,buy_not_maximum_output,2.829714558494040903823462083516686635442019572158586607493795445313280E-12
17071887,0x5f770e6c4ee41e9237cda607c25268c82afe66cb42f45f187d08ed5f55268c06,0x1572c53b13641bc4070fd2139bd24f2c902d0a8fa722962d47a6323a51cf4125,1,buy_not_maximum_output,0
17071921,0x04cc0adc3277f56a00a3eac2770a067da8561dfbd6a515a90f0195180deee640,0xc0b40a08b5eb1697584e8f4f9b886311d621f4139cf36651cd64261471a4e1d2,1,different_outer_origin_or_target,4812.306107377362016317129838091875835458762289284961556727992736902626
17071934,0x424db40ebd2ff557479cfaf753600aeb1ce4b7e7fc25e2aae000ac411fd59c3f,0xa89d959dbe4754b1028cc37f203e28973f5d7d5e51991b10adf4114948cb57c3,1,buy_not_maximum_output,0
17072002,0xe298fdb59c9154a2e0a213a9e5b0b56122cdc62c554c87e2a2c50281d05b086b,0x0d82f7c0d7170fa38b4cc754374be50005e3d5837048ca57766a24633826b6f2,2,buy_not_maximum_output,4.675192712516942543856409765267561885913433696776384523874098796985795E-13
17072020,0x75e8d1c966aae0140d40b93585d0f356fb8a89be421523f8e1560d8eb3c810fc,0x7b4b774a473fee35dd01c49494cfae634e8e0880b8ce3a3ad1b83f429257ea6e,2,buy_not_maximum_output,0
17072076,0x0cffc0b822b1e3a582b068a03397cf7d8ca2ce1b0dc43690d256733ecff270f8,0xdd91e39f0c6b93cabd2ce5fb3877e846d55e89faab864c52582348c0eab82b6e,1,back_not_maximum_output,0
17072161,0x4f8f974858463bfb2da3b446462b011b29eb094bf554636750035c18c119da62,0xc7006659e884c603c463e14d16cd98fc0808aa49dbafbac522cbf394a69f30b8,1,outer_transaction_has_other_v2_v3_swaps,0
17072167,0xb5682d791e4b9414bd112c9810ced04a382e87e72a98d82f7f3e20d5b4916825,0xbbf556a21ddf555c32384d2e573efc96e5f71af046d8cc761da1729351875842,1,outer_transaction_has_other_v2_v3_swaps,0
17072219,0x2694556742842e89b64b888f00c18a2d33f71825f4b91ae8c8c0d804fd10d5db,0xb56e58c34c9dfe54aaf73d6a497b9580c77dbd51114594e8d107d065326b9e7b,1,outer_transaction_has_other_v2_v3_swaps,0
17072266,0x66e71aac3125e5ac8a894f7237c1e9b4b28793c678e10f759b8010093ac4c73a,0x881e0541882e19a9a3c30ab396c78cc819fc836cc3f83fa24300c6cef053c8f9,1,buy_not_maximum_output,1.097213390246225655004127803895160629475151203078177290532808114592515E-25
17072273,0x9e18496bc9f65e5b85414359993b4582121ea7a270ccf18f0fa6dc494afb2326,0xeff91e537f575a7b4153851602afca9d912b3662fcf71c471a1f43fe7740965d,1,different_outer_origin_or_target,6516.209279395365038772097621050247351428390620629667695523614990754549
17072289,0xf6e5b6da988b83fba0367a8250f4ff943a0dcf254c5442e33773cf711b5d8f10,0xb8423c89476f1f247f1098b4574b445fdbd9b64943e4470b0257c6ef8908e226,3,outer_transaction_has_other_v2_v3_swaps,0
17072292,0xbc92f86a9e878fc5ec01da5191e34bdaf454ea8c8b35be402959349ab2c4debd,0x1d80b5aeb60eb8e007accaca02bc5af213eb2d0ffd0cd200c8805fedbf53fa42,1,buy_not_maximum_output,0
17072299,0xa956f46b4760b34f7550dcd85e7ceed22b42b2d4facc3c5ed1ce1c90f69e39b9,0x9211f6a7cd6a03f9d7a9e4026bdfe39394f645a9ca7adc11f47c82e737060c99,1,buy_not_maximum_output,0
17072311,0xac9f5b5109aa288ca9018161e93d375e5388791dec543b22f1d952bff6e1fd8a,0x9b11c837e669794eca421444c517f41db51c4d07a576008d0c82c08c68928f0b,1,outer_transaction_has_other_v2_v3_swaps,0
17072313,0x93ba537acd9ef75b13a1f29d2b2d4dfd4fc5019738c95b6ab17d521b64ab0fd0,0x651f327d41baa7ba63ae599e84c08a25279540e910b2a97f7cb31989e4fdc3ea,2,outer_transaction_has_other_v2_v3_swaps,0
17072379,0x3639c12be0d75dc2dfda2a5a1080ef0cf5c6bbc284044962eb0a04682c3efc05,0x00daf164c06e9c6e2a8efbdfb12cad3f401a85dc4dd2daeca3d42aa90a0c1cc0,1,outer_transaction_has_other_v2_v3_swaps,0
17072421,0x150f1c228c9a06a65fb5ed3d076b82c4a38d7559a706d34418a8c1292dda38ec,0x272118a7434ec7a397a41e59ebb9c5a65c8a9fe007a2118d0db02a2e0ce1515a,1,buy_not_maximum_output,0.0009999999994736441522037428132750626035214472852623246693218595549033552
17072432,0x4de62b1aca576b1b9ea824536b851c326ae49b6859bd5919f8258b5bc9330f83,0x98579514f839dfd75db853b87139df80d5f533bac9ead7ffb483ad4a4a8896fd,1,buy_not_maximum_output,3.202903599959920654945554609870390743525581973324968237495615100748915E-25
17072442,0xe44a797aa78467ead4dd12150bcfdc2bf01fb93b3328741a93ebc21b45dfd3ef,0x9298087a927cc23b9824594a6eb51c8738f46aa40f1c6e10cfd89c2be3af79c8,1,outer_transaction_has_other_v2_v3_swaps,0
17072491,0x912af563714fd0f14fab5c5d0944ce9e3f8bb1635c74fe19eabc969a26c1686e,0x6bb4d3870e692cfd297d56283d19a30d08ba0a5192f5a5a19d5f95fec1d2869b,2,accepted,0
17072504,0x7e60b1d3f44be49e5d714e4aab33254033baf27676f6324bd4bf1b795fd78f81,0x6df82e3fe565ccb040a947ecab073ad9dcfc20177260e72ed654e8890fc61e5f,1,outer_transaction_has_other_v2_v3_swaps,0.0009999999994736441522037186235889659614614867975878520583416342576520129
17072598,0xe86cd043734b0c7dd57d48cd03b7f1701dd6a85b539515b151b690c68da12744,0xbfa02ab4212463a509b4911054f8ffffbb496bbec2d86882093a0e1658ce332f,1,outer_transaction_has_other_v2_v3_swaps,0.0009999999994736441522037623230956879202610605403849769941875410320399224
17072608,0x9147f9d5862cd4ed3dd26e777c6f8241c1909a2d7bdad69fc7611eee9fb786ac,0x9c46613274f2949965ebd6d37c491e7b706444ba45cad05a99df4e44756beab4,2,outer_transaction_has_other_v2_v3_swaps,0
17072750,0xb7e288c14b4c2fbb0c00c50e1cce4dd4b93606e56f6636a45401a86a908f0ab9,0x339ef493cc1f623249b7bbdf1e03e96128aad21b42eee24d221e1cff5053af25,2,buy_not_maximum_output,0
17072798,0x46da008a5458cfcbe1c61ac300de5747e68fd22e9c9c1583e65984dd0ceb3ea3,0x669ae1a022fe9c54bf9dadd10f67b87d70e632e548015a12d49fe20c5a226f8f,2,buy_not_maximum_output,0
17072806,0xc6c8a21e5af1a2c49e04ef2e33a38d37d26196f168b75629d408a93d47f4447a,0xa301f4393fe1a28f9240bd63e507ebeb282f362958b682293a5253e5188b19c9,2,different_outer_origin_or_target,53123.86985691465168507415586102664357221877445711281929608060928554016
17072806,0x16e6f7df242eef4181c8f2eb32ac0352aa433a6c2893c8f8f75b860505a4b114,0xa301f4393fe1a28f9240bd63e507ebeb282f362958b682293a5253e5188b19c9,1,different_outer_origin_or_target,18834.54250511171475351857328402662416597704199046678473508710570353958
17072843,0x0dc5b0a3e35a99ce4c5e413ffa983abaf72ce1b1721d4c4822fb1d035d469093,0x3dd63a6bf6b9d1e217a244dab1bcd1473bfd547bcc2e561403b0c354504e2625,1,outer_transaction_has_other_v2_v3_swaps,0
17072847,0x2cfb83d26831a9256f440c98de050786a743fed2abbdf9772a856e7d7152a4b3,0x56e7b1458e30ca2fc5f6fe930104466f4a5175e9c30805539f43c72778be0176,1,outer_transaction_has_other_v2_v3_swaps,0
17072848,0x4b00dcf0ee1bc0e62fa579c702f92d5ddea41fdb31284f1070cec4ec8b1a4ff7,0x4fadacd5ea7cf2fe67d1d62183698a5c9948965fd5190f0220e6fb62852e5feb,1,outer_transaction_has_other_v2_v3_swaps,0.0009999999994736441522038079544371874928438876370346802282510679918959227
17072858,0xab105de7c9e53cdeda3e77f7e4386adc3f0850072980a83e9b2abfa5b5b1dc72,0x6a00bbd18c9e3c520188c9ae9cad14d2ca471a30b7a41b195dc7adf7f9d3cad3,4,buy_not_maximum_output,0
17072925,0xf09a0ef2d2850b1105ad9d8c8f3155347e4af5347a8af6ca0994852ca37bd98a,0x42dd5afb5ef9dce30f53672546e850e15ff602ca32b11891ee8d0674d303ca44,1,outer_transaction_has_other_v2_v3_swaps,2.545486788532052036109392737366556593406787064475478349600638589365311E-25
17072959,0x983f404afa450f26eadc10f46bfc8a9e3184d27c9c4a7ec6e78006b63ac4a4fe,0xbf7390778a5f86ea57be19328dc18fb2dd3f9ed8f21745e341919e99aea9d66c,1,outer_transaction_has_other_v2_v3_swaps,0
17072971,0x380966896bcebf388c6140c2f7425ffef7c86fe9c90a7dacf91986765d4e96e3,0x5e9ef5f696bb67184f0744a6276fb4054a5087590c055f201229dc727ef96512,1,outer_transaction_has_other_v2_v3_swaps,0
17072973,0x6eb1a2962d3d636691630671aad6588b3e2bdde8b25ee744f5369406f4c832ef,0x1cfe831e662ba7f8e30e4928c809dde7851854599d7df6b89fc7559cc9772883,1,outer_transaction_has_other_v2_v3_swaps,0
17073008,0xbb24a85eb6cb7d74265731cd8754d2ed78ed4a5ba5dc947356ea83cf8051de64,0xdac3351f1881aac0cbbe599eb227a653929152ed7a70f9525fc214e6c0837c7e,1,outer_transaction_has_other_v2_v3_swaps,0.0009999999994736441522038577346103831733076586574464594977006425998852813
17073046,0xe2b3784dc0727aac3b783e9beb05b9b5f7a5f44897ac95b09dc42d5abf3befb9,0xd2d0cf915364f200a478a9e802c5a6b1505e3e2802b8f0245625d98a972ab8b2,1,outer_transaction_has_other_v2_v3_swaps,4.137111765678394893226418383929946101528536768907593208266425714120858E-26
17073052,0x9cdb659ddf024cf609d38935f895724108ad37a41cbf5c20ed89168ac66cb38c,0x692db31317146004d442f3db8dec626709b5aa4809023db78bd23df3f0aab71a,1,outer_transaction_has_other_v2_v3_swaps,0
17073089,0x4345b0ad56db6622e8caf1ccb1d5f48af07ac04a0087e51a5a838bb6fe0c8744,0x79444a2cc39caf8dd6229a8013fa9e02f558aeff6fd4fdb4a3f79a045a218256,1,outer_transaction_has_other_v2_v3_swaps,0
17073101,0x0a5573ab0cd911860272e1cce77455519365fa6fa64958a616b45e7aff1a8792,0x88a32d0605cb226c7a3f2fa4efb63973aba9c173f7591531a01785d8d11df233,1,buy_not_maximum_output,0
17073117,0xf0ecdc0dbd62eeda054cb78eff70b2a8e38aab160807644fd4583b8622622c06,0x5a8695196a79f438dd7750cf90933eb71fa6282f38a6aeeb669366c33c090458,1,outer_transaction_has_other_v2_v3_swaps,0
17073119,0x0ca2bd9967a292b5749bcc5e742ac5e1c9edf09f3c4947fb03e61cfe02b05ba4,0x54e14cddfc0a9372a4080d7db230a42792732eb6b51f667bf939067745d011f3,1,different_outer_origin_or_target,3698.096045060288516274909415697561374527668617538130427593168994256463
17073169,0xab264df081805aa6093a32802349dae3bca211d00c0d73fbf358f01d6c191533,0xa62cfda70680a837661a62945608759b8619b4da0952198fd1f618d5a9ebf2d0,1,outer_transaction_has_other_v2_v3_swaps,0
17073187,0x39c9b62cdabc865bad9f7e6c4edc74b16cb134798e371be1564a08d8ae36905f,0x8e49c0d3a61306cda0f851cf442cdb1bacad0bafa52b0184c7f39199e74cad65,1,buy_not_maximum_output,0.0009999999994736441522051318798903748113783521283353532112461680152277251
17073201,0x8413eac610d2a0cbb01ffb40f67e5ee6e4c7e5369b588e82fb14f133f543aeb5,0x0f965873e3fa0b1354c4a7ce78afe25c5255829ff3a408b1907dbc24bc54d704,2,outer_transaction_has_other_v2_v3_swaps,0
17073215,0x248b17cf34fbf734b6241fd7e4eade553f90e3b054b62d8f7132bfbac650b655,0x94e748f9da26b5faaad474b7a4cb5858d614ca689d2cd660edcede070b9fa78e,1,inventory_mismatch,5098.258063467627740178486790786913006669072665254834429683264051531278
17073218,0x794b62a01df2af2ce4d4b307303d179f098cfc72a627c815653c10eb6dbc7d07,0xff29aacd6e4861c1b0296759168eebc07b38d9c0fe90eba10cfc7ead60f04ffd,2,accepted,0
17073230,0x3b84c74fe132cf96b5733d66fe3875250bd35cadc7806f0fe8bbf5c99d55cd96,0x01b86903260f2ea6d0cd27687c4c18b28ae8cfb392caa57d821c0d1d16b4d362,2,different_outer_origin_or_target,0
17073238,0xa457a003e397cf3cca5ff9e7192c4d377b63a15b06abfb09cb76a410dc1b449f,0x02937840a50fed5f97131a76ca614934bb04cc98b9345a54253eba804178de2e,1,outer_transaction_has_other_v2_v3_swaps,0
17073320,0x09fa160b3f669505b4ac57936b5379dc792dccce1dba187c26f73876725bb766,0x5f068f1b271e42b2c8b4256878a4c96561d290df6e984d8c045988312355af8a,1,outer_transaction_has_other_v2_v3_swaps,6.330730476185126705791019842942763886188967126955663072774056633304197E-26
17073367,0x1f266c2b23b4c5d01902e4bd4e0d3715b1e05460404613774c711291cf84d089,0x8743fc50f22bf90505cb191207a5e1e414f2e65e945058c6568519079148548d,1,buy_not_maximum_output,0.0009999999994736441522039332532488544064802420610804206280208682849476630
17073373,0xefec405d6f15c1e6ae9feca6307c016404a16908cd5be25ae3560c36bd490497,0xc1629fc4110e26df09de714f96812a4dd7ffe2e38a0c53aec7943413f3cc1699,1,outer_transaction_has_other_v2_v3_swaps,0
17073382,0xcf2850ee97b6e955886c440fd46a04bf947516f3d249e544c0e746a3c5febaaa,0xbbb64c3e5ab357dd20c1931cc2c53239f6d1ef24b9a4d48b46592cc74cb94014,1,outer_transaction_has_other_v2_v3_swaps,0.0009999999994736441522040089226061101085268368139645787018358310370248686
17073384,0x6aeff3fd6cbc43405f69f9922683910cbad9052dc21893c37c8bd0ced39bbb4d,0x1a1f28e8b465e7d4a6f242e20b93d6857f0579148e1da7a013672372ae1eb0c0,2,outer_transaction_has_other_v2_v3_swaps,0
17073410,0xef72a52c5f6bd6e34b580e965f5505ca3ab5d6f734e5b0aa0d2b4e3cac41209f,0x92c03091cb05ab48e38945ebc046c3c6b13da52f2289f3ee21cc851080e6fa9a,1,outer_transaction_has_other_v2_v3_swaps,0
17073412,0xe3e20ea73992754ede9bf549bc793c04066f399aa0285b430acc0f2116bbd962,0xa0ab2452c870616ead8957e9ead6fe7e72b1aa7ad8d62c5dcd5bbff31270fd72,1,outer_transaction_has_other_v2_v3_swaps,0.0009999999994736441522037176212289807809733343475583202027522859040093374
17073419,0x7c0f58809857bac1ba08e2badf510b4d8f16a658a03ab549ee08c67fdfcf85f0,0xe6105ffcbe12972082671bcbe676134ff0296dc26ccd85990ff6b740c9be67f5,2,outer_transaction_has_other_v2_v3_swaps,0
17073426,0x3843e19011e0e086dfeff62710652a0ad6fee46544d46771866dac31e473d4f0,0xdb1b127173ad6796bb0bb2e99d374d8736214e5291ec63f6515a7a8f72c68e0f,1,outer_transaction_has_other_v2_v3_swaps,1.126620275189384879715484080354826491242918853651143409833063207423293E-24
17073435,0xbf55bb1bf1f6237abe70cfc141f54f2c43960df46f84c2638382013b5a01dab2,0x55995e952dcca24892629739b40e651d49a331c28ecb513de04be329ae6fe33a,1,outer_transaction_has_other_v2_v3_swaps,0
17073448,0x790e2001f9ab36177016588f423a614a7231046b55c5aa8244518953294a2526,0x9c03d5b3e112d0e1f8019d6f0de3d30ac2fcecc66e0274dd301a338ee5d6b155,1,outer_transaction_has_other_v2_v3_swaps,0
17073461,0xc35b8750e6fc8e504b5020e2862a2c0597ad0b376253d9901215ea8d4d4daf3d,0x185aeb177282e72137c2139995f63400f136d5f6176f382329033ecaf04bb488,2,inventory_mismatch,2746.099156386650018124736184097369710948474904799067324798600028273944
17073470,0xac7f2b06ce0a4db965d2f8017f4e28aaab7efd4f8686f9ef2cc8bd41ead360d9,0xce7669ec0bdf1ea675ff9642794e8b4b4fb3f6e2fa1c5f35fd1d58c2a38b2688,1,outer_transaction_has_other_v2_v3_swaps,5.739361382354334440959499669306642176221849184131644290291940255893044E-26
17073493,0xaf80d0a331eff0cb252983a8e0239106daca686c00cc9ca11ffb8e8f5c918ca7,0x90ac681de9bec76d4d66fe55b9498821f682897545ef4ba73bd7a11989bfa941,1,outer_transaction_has_other_v2_v3_swaps,0
17073540,0x33cbb4a5dd50c009e2de50d59efeeb3813963fc0c028b4f707c4b116c8b2bb1f,0x063934d2ea4ae61977fc3637b2f721f7da974fb7caf3295284d9c5a5e9c60fd6,1,buy_not_maximum_output,0
17073546,0x0b4437aee2973b5364ed8f4fe7f99f60e810eb4cb3c7f537e2452a9b5476e27f,0x496fc9bc2b6d58d651ff8c63dd650977c9a7f0d93e07b9513f99e9bcfb0ad926,1,different_outer_origin_or_target,6052.518633097718645722430216715101519399646116600620713056961853166466
17073570,0x75d0dd444f5a2fec4aff6acf99f13986bf957e50f6bc1276f5752f794eb778d4,0xa1db94cb7c624acb41ada00a22509ff01d005a1580dc9009b75d13402d444e4c,3,buy_not_maximum_output,4.108829026084367272686585693344943302246987794812717338994048267530554E-12
17073583,0x23109f4d7a86f8a945349a33a1c3c19d910b53901eaa519d1a5b0bc5dfe6e06a,0xe807eabf05617c934a90918a13e43e37d8a6ed5e1289a2925073f73ee50cf643,1,outer_transaction_has_other_v2_v3_swaps,7.447624979061419739247339744374716740474823798969061216552683886212031E-26
17073595,0xe94a2ef5b859b3f9cc52063dbdaa8e467d5f25e005849deb6d0471a1f8129974,0x2a58a0e1d07da1587e0bd2259d28471133b371b247f8c399d96cc895620de9a6,1,outer_transaction_has_other_v2_v3_swaps,0.0009999999994736441522038282137904690248206440710746866943755397819604638
17073599,0x935adca4a4f8410fbf122169afe2edd0a8039dd4464c6108dccf085a16e2afa3,0xe22abb90caf9a71c6f7d280d5e86eb2e21586142bf89317a64efbf927035ee02,1,outer_transaction_has_other_v2_v3_swaps,0
17073606,0x01f120c83c197409ba885a6eb63b146b4e243d027a04fd313488768641efd9e6,0x0cdbb8c677bbe73602ff8142bae0f17430330932356c1702777a0d88ad10fef7,1,outer_transaction_has_other_v2_v3_swaps,0
17073649,0x51cc8567f142dd8a0811175fbe374a03a03b428f7467c982e21bc20babb2e2f9,0x91696841dc9420a36c07f8d88b1ead4a22073546dd5c0b76b5a38d4ba0aaba60,1,buy_not_maximum_output,0
17073655,0xd230dacea22f25935aa58958078fbee7483878e083e35f867b789d704aa3dcd8,0x19ed6f35faebe5a2c4039dc02056a990bd5a1ed1880a5b31fb71257c3269eb8d,1,outer_transaction_has_other_v2_v3_swaps,3.661385352136080278240235178370080917650494566317767518391521548119996E-25
17073664,0xfefc6812ad906400a3ffb5a96bdb0e622aeb5f77b93bc69a380536aaf673fde7,0x7f22264bb2456545b2e19d96a3b50a0e87f193100075e591daee7388a6a9e2c2,1,inventory_mismatch,3868.222064149549138375469040977013058271077064491053386863158240411997
17073701,0x5ddefd63ebe6fc68bc20d439048cf89e9ba08722a0a2595dee0dd6bdcf838424,0x1d229b97a45095c4e57a857f9f7d1b539af3e9454c032c9c8fe0b02767f2838f,3,outer_transaction_has_other_v2_v3_swaps,0
17073710,0x03484932c0cb806d0780986722f4cc6b20a5ea5d59f19bb0a10e60a90bace980,0xcfb28fd407efef7e97066bb4d51ec617f456b18006f03dd6d9e6b627c83eefc8,1,buy_not_maximum_output,0.0009999999994736441522036975768456745714327421001524595118439515785890611
17073714,0xe29ba80bf452cbb14ffc32ba4fe200dbd486de0949de8b191305b91611769158,0x57c2b736bfcc8b5a1098bcc518cccd6dce41572338758654c4b39f14d5e818c6,1,different_outer_origin_or_target,7499.375305167804438161997420272347962098466201001172854274463973808817
17073722,0xd39dbb3f8cd512c0cfb23e30d881fa015cb013ce77412add085d133ffbbd34b0,0x9d7d008093644ff61f6b269723aa9b442f2b60461f3b1971a1cbf9211f2198e0,1,outer_transaction_has_other_v2_v3_swaps,6.426197860385005697683916902603441143281101561516113440399000903548781E-26
17073731,0xfac4a9e57c4bbeec8deff2e39a0a356d28fca73b79eebf7abbc3a368f644dc02,0xf23ee9757d5653854086c96f75a4ce728063b2e98f1680db22d6f622abf53277,1,outer_transaction_has_other_v2_v3_swaps,0
17073735,0xa3f033bbb7b6ae525d2d529a1cf2bf1cf96b542bb2e3fbeef41f54127a114e15,0xb89421806afe2fa33751e361cfaf3dddff8a576dafd3a23ab31535b302fde056,3,outer_transaction_has_other_v2_v3_swaps,0
17073738,0x77554cd9c21ce23d99b76d388bb5bbbbea8f84abb6be862534b6f62ce131c824,0xef86d7f4ccd767204eabf593169532cf676469513d22afa4e141171d6f64da4b,2,buy_not_maximum_output,0
17073741,0x0d21633415036cf59188966682a8a250ffd77cd56a54d7184030384b98a06edc,0x6a29fe60c57a0377e6ca71783ac2e6771bc71ab563233f840703a57918ed7895,2,accepted,0
17073750,0x191902fc28e30cc5d42bc330cb97acaf5ebadec8cd4c2cbce94c012b6ce9f73c,0xab9c4208607d906b292b30848b98a099ce1384de4ca18060e148f5ca329bd25f,1,inventory_mismatch,1189.368986937142767486298190264191468557415430130234172898722120425913
17073764,0x4b7d7360a9a6fba355487790a2d96993ef1ac593a0981de34cd66e1dd5889260,0xb50234870b05730d5b91b078a6257ea2bf6bfc33314dcee47ccf759d5f97cfd5,2,buy_not_maximum_output,0
17073770,0x11fa210b3ad60962e0958f5bc4de814d699015d2a2e7607f6fc77e28b8d34509,0xbd2c596884827645ccddeb7b3c7b3c6818c02d464007d32012261bd4f0cfbe58,1,buy_not_maximum_output,1.171661357127996548379874673074384143173259175371803216831699894975543E-25
17073777,0x12498adb8fc67c73f43f8d133d4f9ab315ce090714b9be2c6e1658b6947821c7,0xf52d3f8e09f6ed708b52b0a034d0d007e50418041180b16fa28814d20dc2d039,1,outer_transaction_has_other_v2_v3_swaps,2.310398156523836780433843937325536110292058442221541667710283432287949E-25
17073797,0x6d69ecf10446980cefc2d17dedd6f63a8bc91b37fc64346efcb8d95afa2244ee,0x8fc5ff09532e55eae5ed7a68dcadb8516a390440aa19533e427d2644bd78f040,2,outer_transaction_has_other_v2_v3_swaps,0
17073800,0x84bd06bd99ee74b50a44160224740cc84c8723c1b8962fd5b087c60bf81cd18b,0x4e51d94742f5f593f2cc9d970a74e65eba2a1b5b1c9e85526b09400970a8ca36,2,outer_transaction_has_other_v2_v3_swaps,1.407357481172010568374215486469090269439490745262339199779112255591679E-25
17073811,0xa5106f11d24a7d73ec0ceccf0ddef0f2932aaa835d787587158eabc80c723bb9,0x13cdfe83a437418a9a130da7e66f9947870dc1f5792c8a778acbd6d16cf22c68,1,outer_transaction_has_other_v2_v3_swaps,0
17073814,0x72f1f7bca52093040b062e16291d54140f9a66dcca137c5cab6bd0e284d09459,0xef447e092084e28cef45055509a76443becfde5f79d32cc283b8d4d4c3a4fd4c,1,outer_transaction_has_other_v2_v3_swaps,7.647473665579343111910990089292993187213762028962708748040421857146059E-26
17073823,0xd3807ab4ea3a8758b03b60b6748aaf16be93e17483835235157904cee93c9c78,0x5abde0ddfbc1cc1944c8a5cd2e2bf4b8c64a9e3d953fc4028a841ed589b6a913,1,outer_transaction_has_other_v2_v3_swaps,0
17073828,0x0b1f1e2605b0b33db4f97a882ec4a96c2a917656f3237ba3b162d3bf26a48451,0xd0653fe9e96efdc5f264262626b9fa903ab821e239e808febbf68323a62f4485,2,outer_transaction_has_other_v2_v3_swaps,0
17073838,0xce0d451753cbd06fc00087d3cc9923e28620b9fd5469bb0ab7601df8fa0eeb1c,0x606743148d9a448c5743bf2e65d063169dfa08f701d37c9c04e53a6d12a78f16,2,outer_transaction_has_other_v2_v3_swaps,0
17073847,0xb61b36280ac6208e3c1015186eca1945bf935420ae517ec53ab5734bd35170b0,0x67ab63c08783fa02f3322765e958c09a4ad30449a17ec2a1544883a54b4fb244,1,buy_not_maximum_output,0
17073859,0xb8c03ad04c6e762987d2ecaf90705f589c461a8ef3e901fcdfc2582f68b67826,0xef6d5c2997343afb614173fb607103677d7adbfff339909613b1a9bd929814d4,2,outer_transaction_has_other_v2_v3_swaps,1.125508880201347233567895475331726245143118644355028891526869987096964E-25
17073860,0x8278696650d57a50d3f3461274394af5bbed696d86ef70a96bde91ffc4859af4,0xa935f9a695c00e6fc940ab70144be14f90786df57b5a4c0435d5339fbce15d3c,3,buy_not_maximum_output,0
17073866,0xe62fed595346b2d5f601c724c076604430134fb0d986155893be679023a662a6,0x76a8956280d3076de0f58da78578b9ba17fd80a545604875bd193f5b11de6b70,1,buy_not_maximum_output,3.054686676309793157401623781564075866797144611746709197288350190678437E-26
17073872,0xb01f08ee92d09225424ec080bbcbc9b6dd47b332e1dd52e6674a70743bddf35b,0x8d025f61feff375603b5348c432d4d3fe651705027f393700c148839fec4786b,1,accepted,0.01000000000111497915170204491828798019710045603466910396244919375492926
17073886,0x7ff295f811127a936cf79eb16cd3c09f4792b2b2870298cacb3b8f640a476e0d,0x7402645e115b0c8085941854e387e71339a4d84b10185ec110c8e8df1879c91e,1,outer_transaction_has_other_v2_v3_swaps,0.0009999999994736441522038853966787999830752953962822706492966699324063741
17073893,0x8cf24eb7fa754ce463a407e10d026ba227f485c13ade6494aa028ccaf8b5f7ee,0x8c4ad8e05f899199376f866f182f132b855c3aafc8eeb57c7277ff3d7217172c,2,buy_not_maximum_output,0
17073896,0x8afe85244fd36d2bf471afcc5c6d391b3f64b2013442a6c2ff7deed4fd21eb2c,0xa4d07e0c08fb3ff7c16dbf78fb0be53d1b7f371f76cc50058a0034d17805a76d,1,accepted,0
17073906,0x62a9e0b318fdf13c233304ab9cc63dcc64941001f1a0fb7a5db8c693ba7d69d2,0xa7a2985fdf5e230b7ddcc06011629d07c848978774f4b305604efa444b4aed4f,1,buy_not_maximum_output,4.753308676114160360531470118766397521477537066834711331706913443137663E-25
17073915,0x231a4f6e8c9108289300a30fda8a9ac7724df48f0c724dcde8bef2616bbf78a6,0x2b6ff80508b374ba0f83297c8d152e169c288fa32a9cf9c3fa570235950cc278,1,outer_transaction_has_other_v2_v3_swaps,0.0009999999994736441522037224640929226944033015770691176388755876718087931
17073920,0x357bfa5e1ef8608ff606d09567f19d7fa23a111b40f0a2627f4739075a1db852,0x3bca2200a4a834fecf80ff39505f35c3b89d7f4b69ef301fec1e45859727174f,1,outer_transaction_has_other_v2_v3_swaps,0.0009999999994736441522038190146633527557640813140541584359140507875693571
17073927,0x8f8cd92f638beddf5975d0e67b49cb090b22023f5243a685e81920b55332b361,0xfc94d18108540fd2e6ae846df08f9a7b12f0c4f5d02c224cf9379b222bd7c90d,3,outer_transaction_has_other_v2_v3_swaps,0
17073944,0xe6a48fd573943d4fe354442ed8e363e8a509ea8f69c22986cb16348710cf308a,0xfb7c8ba7a78a5ff41e40bc16adb50144ee118e6fc59f3140a299135958addda6,1,buy_not_maximum_output,1.865291951463954562350137946773318952063703807062768823872056442975820E-25
17073946,0x6ed5df082b89de8064c768a3e555f6f7f1c5ea87500a41e1f48681ad17387467,0xfb03195e6dc3a3f9d96d4705d6913ed8ba11499d0b26ae8450624fc5cea853e6,1,different_outer_origin_or_target,90736.27684100402169384303325567032670859026438649481040489000367377543
17073998,0xa2d25a8e92c898cb87d364935cda979802581064b790834603ad4abec876e7e3,0x579458ccbd220b8e3f29e2d3964377dab1d5e4aaf823ef0a8c9a29cd5c530a2f,1,outer_transaction_has_other_v2_v3_swaps,0.0009999999994736441522037058568694096528093754826323896887208368899102120
17074003,0x0cbbae8239cb26eaa87106006961e5b37bd17748c8d32da469f9a71091fcd1ff,0xbd6ae33c697b0f52deab4085a4aeffc1ac966ee940d95476806d6ed8c56f1fec,2,different_outer_origin_or_target,7448.865012132062376858483582147303318617339896156526515900083949272281
17074050,0x2dde063f21edfb97e66844fd51122ad0309069f411df86d3bcb2f53b5a24eb32,0xddffabdac1fd54c352b979712f602349d6ad2bd821e8d7ca6bc04212c57fedcc,3,outer_transaction_has_other_v2_v3_swaps,0
17074053,0x00cd02232b048d58fe37dbd20177b2b7428d8205a18abb3a909edc03c7a2a14f,0x70a75cc3fda816edf0b55d703c7f8f613bad516d8f768a8fcac4c896033101a6,3,outer_transaction_has_other_v2_v3_swaps,0
17074057,0x25925e128490fe3e8675dc4ef9b7181339d82beef9ac088f8a80c64ec43b8bd6,0x81f63e25d2bcc74fc4006bf15091fae6571fb2f88380c033e355a8825d8d0cbd,1,outer_transaction_has_other_v2_v3_swaps,0.0009999999994736441522037121765489206015824703723740625702458196368237788
17074118,0xa55161ab0b524f7a8021ff0c6daf9b7ba4ee0775e25f1ecd5bb9e93a5ec879de,0x6299a4f3860736e08e48895aa3676e6b42116fd4e393281f8fd4ac5370cb0015,4,different_outer_origin_or_target,9514.085737169228905696008897821455932378836355143714031978159134978222
17074118,0xe3faf182866d0b42c314ebf923f45638b53410f6abb5f4c9912f4a1aef77a898,0x6299a4f3860736e08e48895aa3676e6b42116fd4e393281f8fd4ac5370cb0015,3,different_outer_origin_or_target,7575.378501775705998420972782103916849595445880021788965149255636996291
17074142,0x10be50bb48e75744b0a4cbe0d6316f941307edc9932038657dff170475c962c2,0x5a84f1126aa967be7eaa6c02fabc9625451ff703b0597a6b922c919fb97f8909,1,inventory_mismatch,4018.814920744784921527040040641789771331396438912172262155863179499878
17074148,0x1d402c2c8fe2866cfe69a4dfb9edc38fdc9bf21f57d9ad2059440ab119d984ac,0x986b02d6e3aa44bb465e47beaca9dec36dfda6c272dc903db8ebbaf5189c7ea5,3,outer_transaction_has_other_v2_v3_swaps,0
17074165,0xecc80f5998796705ec6412177b74c2690cbb041950ac00d2da7fc8466bd007e0,0x88ef7cf5cbd60edcf406c0f1dbe7e00c4098210a4005f4b230160a2c42dfad0f,1,different_outer_origin_or_target,0
17074181,0xe9478c7e4007973988ebf447b1a88c25ea4daff035719db1ed2cc2293b9626fe,0x1ad1d28cfb9c8457f4e6ae1a3947c419641a11d18239618430df4061971b6165,1,buy_not_maximum_output,0
17074231,0x6cacfdb2e15f27f8e6230a2da7901d78d50b1d8d060b01aa97e2f2b1d649aca9,0x2e8d64e6b6fbda7685332a71c75431e3e0cdd92f8f4c7c245e8acf2dc185d37c,1,outer_transaction_has_other_v2_v3_swaps,0.0009999999994736441522036950030843937305843267542066802035129248273143230
17074250,0x36185b8a22349ffe0eb17b548ddcb4b16ca20eaadb7f808b0a11950b06f221eb,0x50ee1e18adc6a9359d4c831e6c596061f43d1e9ef3b8c93aa63889aa3f9a6265,1,inventory_mismatch,29896.15528713857149914281850523893715364293925224456081335374369147249
17074251,0x68457986e072f2805c7527ccf9e36dadd030241efb51e889df3e9404b07ef627,0xe09b8c1617f5350b719b89b0c0e1ca9762c21c0a09e4d973c5dc4666503b91dc,1,outer_transaction_has_other_v2_v3_swaps,0
17074270,0x4271f9e93b4395aeb2a0c5f02caf7e3bb75bb20065bafa9789dd7f62378daa5e,0x5208fcf58a62ea578e7d4d7f9469b088a1cf21509f8dcecd15a2ea5a7c333b70,1,buy_not_maximum_output,0
17074280,0x2386a584c0c0678f40b7bc965b9143f86affed150e003ecf2d33472e5e720778,0x5fc0d10c488bff3986bced463e1ba7cbc0fccffea9ccdf4287b98aad4e0ad7dd,1,different_outer_origin_or_target,1678.002784771846129788605833542679607306643501302013864537448723965777
17074285,0xdab6c82182e8448af6daa4f044b972803386b4812943587571293db8108a1ac1,0xe84c49a6c8971e106eda41b4312b6e7d120e7e42157d22c32d8f5515ce136c2e,1,buy_not_maximum_output,0
17074325,0x287b8fdecb2e0eb9e49bf55ae42441cb7d12ccd30ca21cd22b8aaf850d5956f6,0x53711cf185ff6e155d3624b51b2103ba1ddc32ecb9aec5899e5ce3daee496e22,2,different_outer_origin_or_target,2805.498219014257578150811854371281796614184437863869679865348660051960
17074325,0x3de349475c1700a7e00c77738b3bdf12314a2f31e7d97c3983a5feddbb0ce3f4,0x53711cf185ff6e155d3624b51b2103ba1ddc32ecb9aec5899e5ce3daee496e22,1,different_outer_origin_or_target,6578.414644292119733532195366643090093878371236311082410346837564009223
17074348,0xbe3b3485a683716492a8b51248b73a1ca41d9b1a1519345710e44862ca2a1e7a,0xc5af29066ea95a299a04b062d984f5fe634956cf2c101038e326129728898264,1,outer_transaction_has_other_v2_v3_swaps,0
17074359,0x0269faac1c688739fc841c1375a9cf6018636790581353990ab455da0db8be65,0x76a45c8a4f84d038e56d3b389d08fdfce4fcf261a48af52fc6281b85b1898e34,2,different_outer_origin_or_target,8551.779070444992646670765788925790442987604883942588744168119168305046
17074380,0x8a4fdbc26cdac67d0fd3503df67969c951618eea85464f619e274ac69806340d,0xa08e5c5a3138a629facfb0b1f07fc893ded760114375ff4533bedbfd4fb56c8e,2,outer_transaction_has_other_v2_v3_swaps,0
17074396,0x26b0a40b12e858cc73f9ca813bccb78f74e5a70f82e7365a078981949c68b691,0xd46b012485386a7887d747b0c7d90fae69644e527f4ac26f351f2b54b2cd3d20,1,outer_transaction_has_other_v2_v3_swaps,0
17074399,0xe96e8586f56311ff21763b06c2e1969158cb0c926382ae6a4b41fc9f24bfd85f,0xd35cba7cc1210aa50eb4a68ea496d4ef57cb37513c9c10b6200e88cad0d1d985,1,accepted,0
17074430,0x1aaf6d2c660af6bbc2f903ba1fbcf04dff6b1bf2c7990e62a8319cce333055b4,0xe75e286a89b80614a4b12aa988795e402bb3dcd10429f0b7521410beacf46ba6,2,outer_transaction_has_other_v2_v3_swaps,0
17074440,0x7c8cc6c2f9fd92b588aa137da2cf8e1e7ab8528970582b6cd406752bf2155bb0,0x574f4abde3441a7b875361ba1c4e04096d0a9bb64bf8528ff387a0675884b045,1,buy_not_maximum_output,0
17074446,0x8785f13fd193102d43757bff97502c42592606b7d24b22533de3fc60a2dd2267,0xfe37119e6088c24a4c60e691b59036d9e966e32e23c217757222d2881d6e8a5e,2,buy_not_maximum_output,0
17074457,0xd95eec9866853b5b281f6c02cc1cbc1250557c446d5674f175a15ea84a0b28cc,0xd0c55cc3931cbc8f62d91ceb68f0f6929057ad0a68803107d469d4779c144a78,1,outer_transaction_has_other_v2_v3_swaps,0
17074474,0xfb2ef699e305065b6035d39cc537f0039259ca240f8e3cf2fcff09633956f26f,0x5039b77c58739aba91a0ef1b5a6adfe5b138e3c18989a7e9a67e1d2ca1287e0a,2,outer_transaction_has_other_v2_v3_swaps,0
17074507,0x45fe25917d4d22feffcea8ada7392d76222052c5ad9ef4effd570e66e51728f5,0xa62b124b7da0c930437772bdf42e8da568ccdaabab091b94a539e862b35dadf1,2,outer_transaction_has_other_v2_v3_swaps,0
17074513,0xd9f14bb23069f3bc95ed8a85a073bec44121d3862e072d4f9eadf9e5fddfec47,0xbaabe76406826dc0e9c199ae04190f44e68326a58cd903afa62bd96603574a20,1,outer_transaction_has_other_v2_v3_swaps,0
17074515,0xa7f1552995ec16fd94a98d2d47ab9fd95fa4b7248423d106eaf28fa892e9ff85,0x4af82f1eb74e0b6ba3e40d605aa01838622e8673aee639ddaa8eaac7f44494cc,1,outer_transaction_has_other_v2_v3_swaps,0.0009999999994736441522036954623814385470213898974085520617239305533302948
17074524,0x2aa86e7cfa8dc8b8183aba8a02aac854d9b2040fa8b4a485f6054b85a35349a9,0xbe4eb922270992ddc7a9701ca7d5985986144197cd8f41f12c4a960c7e1a65c4,1,outer_transaction_has_other_v2_v3_swaps,0
17074529,0x44b42072cfc6c9500c092d5b9e5632a123682d66f2528b52d0ae5a21e427a68e,0xf13466078d2d98b5811c37e1bc23af55623c12da15a6b84aed38e342644bd6ee,1,outer_transaction_has_other_v2_v3_swaps,0
17074541,0x9baede88396a4b33f0cc4062c41cf094f8239b31b26afe74c6892bf68201fbdc,0x911cec25ee38ad8c44cb7b44d94ae64e6e4351461a063864d47f58be6b747b82,2,outer_transaction_has_other_v2_v3_swaps,0
17074561,0x6e907e384246bd046cb275c1966187ef2fe331bb5a34aa2a0d89240a827d07de,0x8b19b8650ad6cc66ad18b130943c57e4b3f5bd939c190ea3dd69b71e02308b33,1,outer_transaction_has_other_v2_v3_swaps,0
17074565,0x9c6a19519d706687447b836c37d0d6edcfaec3151d0ea08e3e4f710e1186407d,0xcf1a56ab9eeb48f5b1cbf320bfcb2b8d339d6a269284fce1d8a0f0a72a0383be,2,buy_not_maximum_output,1.152295248766826500621624445048179164510008829161378476403222356587865E-12
17074572,0x918ccfb8564e8ce542aa8e22872838acc32e77864079c9900ef4417e545e254c,0x9a8fc55f9aec33d0f7ad09e1cefd90673e707e7a8f30539726c2ad659b494878,3,outer_transaction_has_other_v2_v3_swaps,0
17074580,0x60438adcde6a0041e304f382c83f8f484d8a614242a2f060285bf7f8fd58bd56,0x66c97456ea9f4a3bdb296bca0f94e0ab81e4732fdfc5567c553f9c2243e4c857,1,outer_transaction_has_other_v2_v3_swaps,0
17074594,0xd94ee59b6c34af4771bd1d830ba1bc6f41aca926b7864d7650ab3b1c39bf84c6,0xdcdc3acfa98d6d0d1cdac8a8d6862aa2836e029452a2dadfedff7708750818c4,4,outer_transaction_has_other_v2_v3_swaps,0
17074594,0x28d57994789e8ca1e555fac4ba68ad4aa6ad063f443a66970871817342fc1873,0xdc601f0739950a663ed0dbd3c573b1076ad9e9a111b5740a4691f0f3477ccc87,1,different_outer_origin_or_target,9616.200798230904637075270492655173987446678625042435875212127716767823
17074595,0x76a9fc4e6fc953480455a324acae13fb637002be8d1a05ceb6f47a1f65f3d339,0xdc284f43f59b0ef34e76adb9108c0aa847843b0c1162fcefb6dc6855ad36c66d,2,different_outer_origin_or_target,4305.262695429053932180787063144125099158776153622088372851477776870609
17074596,0x796521ad3fd73eea6c804e450c64f241f379a9bed352231a7a7428513341aa0f,0xeb96c31022ef7a11e60de042fbd7c8f03b75e2e744ea784d9e4a5fb312ea70e1,1,different_outer_origin_or_target,3238.603389526773521759138155824568169498038968609387814468954608868032
17074597,0x0ada7f46798e8a5b255796ee97b2e51b6f973fdcfc1d13f8ebf5cfac95cc2a1c,0x46bffb3c59a473c76bc0b758c11ca8c8876ffbfa8ef587dfcaeaadfbb50c0a44,1,buy_not_maximum_output,0
17074601,0x3c2d72da82db26ee8ff02cd91bc05c73ceb710e8ad2f08aea8c1bee9bc5f43e4,0x8d08eae7973f4224bcfd17bc11cfc5d889c1f44d479830e7fb8acedc01588075,1,buy_not_maximum_output,3.392562725940966689833747938346117083472333820118249950471433289982965E-25
17074603,0x52ef1838fbb06287e8a8fb05f05040f1428aba9668a4c58cc6f3117df2072fa6,0x14a6ae8812655b991fdce584bf657abefa3286a66776fe60de9a201b9ad96c11,1,different_outer_origin_or_target,6480.038955523821569232542353999082921936672777085929283692082283620135
17074610,0x2d74cbdebfd58ca703af8d0096eeb0bd2906fb42dbdce1ba351e3c8f4400944e,0xa752aa7c5e302d9b5917bd2e23597da1cdbe463d6aa7c3d156285fb9c9559266,2,buy_not_maximum_output,0
17074611,0xa9ff9d713639c04edab2cb82343dba98818e443d6202773dcf056a3e82ae3fb2,0xee7c3bcb3be752f611d5f02441427a3415d8add865d5581e5db51f06d05a0259,1,outer_transaction_has_other_v2_v3_swaps,0
17074621,0x3c2eb3e6b3fbb2271ec12bb0bc87805ca442370de6a71dddcc53c27a3febcab0,0xc7b5ed1e8d128144eb1d3fd75b62f02fce160cc7fd61083314fa8ddd9e79ccf0,1,outer_transaction_has_other_v2_v3_swaps,3.588186523286402304288343142962894743749874132697581928767311493360592E-25
17074624,0x6c30de0c75587eed5bb8d8f446df40989b73d39c7f4fdaf711579dd366a40c21,0x1cd7369e8e9b2d80a9192b7263f7e0242f7b04530106c5c0217fafcebd104959,1,outer_transaction_has_other_v2_v3_swaps,7.312579141656061213917961158948885815451642817204981015908691538550961E-25
17074630,0x43ad74f1862b0162bea4308641e0e12398fe8f38af3538ac9119c968e5fbee82,0xa9c261008dad73b9943b8ebbfe20120311bc223c95105b6aee9c8abf025d2c13,1,buy_not_maximum_output,0
17074633,0xe534745d0c0aa857cae6f0e3992f3469d867ddf5f133e206b41767e6ffe1b3a4,0x3236baf6cd54ba7a1c07c7813bea131a370c43bb0ee66e4b48faa8ffb77457a1,3,outer_transaction_has_other_v2_v3_swaps,0
17074634,0x3a6bb2cd639ceba6a60c9e9bb84c29d94f13d791808babdf32d7edcc30f8d0d3,0xdb924f355b8089af46c542ceb909e5af4b7ec3cac713b176854410f7c33e5d5a,1,buy_not_maximum_output,0
17074642,0x5bba9820267bba3f2d7fa133245f771dbe6809b7f556d060a0ba09d8d7c07baf,0x45921249803e834e436c3c080a62bfe98ee86c49879da1ba1c1b06ff5c1d419b,4,outer_transaction_has_other_v2_v3_swaps,0
17074657,0xccf7903b565b31a89e34bc159043cd89b5deca85d946b79aa4fffa25fa699b55,0xd1a547738f1b637cb5e249cfee842c88ddc1a60e7e76dc62e54f1ade519538ab,1,buy_not_maximum_output,0
17074664,0xf41ffc4f50ec9c98ee7ec1a3ee33b5b3e25c142501a8d6e961fb9ed1fac4fcfd,0x5b1ce894346b23a00904f288130993a6e692bc7c0907910b57b60c8a5ae72c35,1,inventory_mismatch,3025.948138871813651761074562837599236191946010280019356779450424410468
17074665,0x9f0c93d19bd9e1cabfce283c22f9cbc53be334abb01651f25b537a1738738425,0xe6fd43fcf3b98e205201b21b703101be2710f4c93e669655d9b324ddf171ebc4,1,inventory_mismatch,3008.192187836378952642107911601821329491564762835364350468458713645439
17074667,0x8a802a927eab9c5c71d090c15044aafe379305cdcbd8a8feefdfbc69959cd234,0x1b8c769b11d336ef56665c0282829edc69fc56b3abda0f950c8f0fdab5b65771,2,buy_not_maximum_output,1.208908698569644449715812563746840294609274445353901112642440410735354E-25
17074669,0x31fc668d981621fbaa5ce41edaa7810334e98a7ee44404a34836d85bc4bed2c5,0x6c0e207f53331203725486e6650f7ab6fbbaeaa23ba4ac6c1fa12ac61018b883,1,buy_not_maximum_output,0
17074672,0x670a03566f136b6c99096542dca70f1eef62c90267e582efb818923dc908132c,0x1835e312ecbb5c8223bb5b37bf64e2f42cd0cbddda9baed0f817eda407eee93a,1,outer_transaction_has_other_v2_v3_swaps,0.0009999999994736441522040103121714619938631913235743360464350636256958466
17074678,0xf724b5f008ca11a2344d755090dcf5cfa1aa6de5d3c4f8efda1a3a88f6e9fc0a,0xabe83c964c804e8fb28aba56c0857d29a9f25801875fac0382fc2a0da9d7fcac,2,inventory_mismatch,1248.609262434336611530828147236260946069621188439877737786400733720947
17074681,0x9f4a119e046378862db0e8d7b8d1c7bed8134887fe85db414b9540edbac7b20d,0xb0ff85b5105462f153aa676c315fbf9e4790c1e91592d90ab74915a1ef90c577,3,buy_not_maximum_output,1.055539971358303812564333302226438790800593865393962511331782264271928E-12
17074682,0x9cae215f7c1c5686e5b84b257a919d35feac6b3fc4688383ecff3d53da5046d3,0x0bee09f12e9c838366a0f1dec085b9267612af992626ab8f60a6c0fe0982006a,2,different_outer_origin_or_target,8019.907429562341910541097047234639584601798991344120302178355832344234
17074682,0x24e85888e3f82385d6d114651fdbe262561de43e54bc5afb9451dabc348bc055,0x0bee09f12e9c838366a0f1dec085b9267612af992626ab8f60a6c0fe0982006a,1,different_outer_origin_or_target,4917.949907828196720067008402466271727957668993358590965182697608794280
17074684,0xc7481044a37c793c40b130c742113823e316e8728a373a0dad6c424b0c09abc3,0xd403f5f9fe8fe6183fd4f187ba7c21346580fe83c05e48dd1f5b276b70f463e4,1,different_outer_origin_or_target,55092.78674115937416662472843610029359162575569997305262408233127003208
17074686,0xda72e7458f9ff0c5f7bd3ddef490506e140e4c6bcc4e42d5978f63a4206c5873,0x6eb1fab3047aa65411600feb526d22d92560ac5c5b755a4fc6c438fa1d1245cf,1,inventory_mismatch,24802.71637150977587206597973428851871999168311490691599897523566144770
17074691,0xec83c2d1c9c20a3571cde6c2c2bbed3acc5488f218ecc7d3b70edc7cab741b2e,0x1790fb880d00d436cee5bb536c1a8327e13f319f05fe04cf7ce6b7a00c74883c,1,different_outer_origin_or_target,9456.549494242136464579073010416371252917656057821787447673574323944271
17074699,0x58650846edd0ee3d522c9e730b630c7571a8719ef0bc7899f0af1e6b9fbe6496,0x80ab880380f3cdb81f659ab741399ac276bc79148f30a1e23f8b9ce7b3e0b438,1,different_outer_origin_or_target,633.6493199608557121182227006188362916742962098317858010820036344198991
17074700,0x722de98181e8e2fe9ba9b774db6727b37e77fe1dc6d8f527673ea357bc5c4241,0x4c87dfb91f150ff93ab4313291f7bc912c8a3998d668ce5a28d7f0a94ae067ab,2,different_outer_origin_or_target,5187.435420194613077708956540784685537588437754688027060200531835388556
17074702,0xccc532cedb927704497e4f38dced95dedcd0fd4e37abb76d8f7d2e68fce0c17f,0xf1af3b971e459468d8d961114a25e11441b68fb5f0fd4e876854e3153316e45f,4,outer_transaction_has_other_v2_v3_swaps,1.332915813391892924314493409141202343839020876639560564737911638254507E-25
17074703,0x38d0ba8e6715667ebba859ab70a3f7086ad3835d8295d942c17d6930bc769357,0xc55ffa04e1a8263422456043ace3865b4d8d28293f6d012fda6d43b949603997,1,buy_not_maximum_output,0
17074704,0x56d97e37415629d0f24efa735a29dafa9ac9c0f416cb89ed5a4352a029cc3baf,0x14bb69d85a0f2cd7facc754b242163668849e4e0752338de546fd45c18377df7,1,different_outer_origin_or_target,27002.81697157210410529967008917694550872088417669396228417770153356477
17074709,0x99679960946430ae3eeb989de636d23f1397180f0b68c60ee9cbae3209c94f76,0x0dbb3c18c2655a7fef5e6abb716deda94dfea30ac48d0fccf1d8324ba6c624ca,1,accepted,0
17074710,0x9df663fd060d22c79da614be6dd62a32fcfcf23f44af68a023d158dc24e5f581,0xd3e6ea536f42f8212805e5504ca090bcffb3b5616f0368c865b659323792699b,2,different_outer_origin_or_target,2168.793920788162699348130124896366756807204985897930099172194505033648
17074712,0xd0dc075043903cab0aa808002cb424e91604e70d5fd9439714c171b3b4fa0383,0x256a02d64136443ae39e6755ea32a133ad94cc6a7e98d3c6f5a30b4114776f9a,1,different_outer_origin_or_target,89816.53347335032918331584501326751808912854667813432733635014047684567
17074717,0x043cae81b0876ea7e29f6e0cddf0e44ce165de12473af75cf15462d007dd5a22,0xdc0e29a985f9d01b32b942bd6b7dc183d46737fef00db49e94fefc9cbdb39236,1,outer_transaction_has_other_v2_v3_swaps,1.504801604416642147077558417530085512257267557733255410225843119382921E-25
17074721,0xd1f63e129dcfba20f3a0eccfd0a392e05a54efbce4437942c1572502d3bd0b24,0x4c1ff45c9899f03e479d8f5b212ab5234a553ddf644114340419adaad7706218,1,buy_not_maximum_output,0
17074725,0xcfa277ba16fec798b0e847e8cd6567153befff8ea3aa283ac15dde4e3614c014,0x8c5912827611828f8db41c31661e70c1dba0741787e7b595fd16d6251630c32f,1,outer_transaction_has_other_v2_v3_swaps,0
17074727,0x8f8cf3e70ac508706f425fb112eec291cb8e8d4d5347bb592b6b1f2048595507,0xd71eca3589956aa725750643ba8c44156659d3333598dad4d333509a1ef83a1d,1,outer_transaction_has_other_v2_v3_swaps,0
17074730,0xbe0bd5af7083d79d711e3627345abd46528fc03f36e4d9ac210b91ae0efdfef9,0xe48b0d911895eaacb76e5ac3c9744e2b636933eb6885a7c48369ef746524d726,1,buy_not_maximum_output,0
17074733,0xf6dfb95e15e9c075c2ae1c34492f0f25f191ab95e3ff99bd1a3a820fbfdf3892,0x9db3a607c06041fab3b557e9b8ef1753097e4b7ee545523f4bd320cb75bd7d8e,4,buy_not_maximum_output,0
17074734,0x82f5ef14459e958538532c8ae31f9c7285f0ea0ac6753a2460255e8bc0951de8,0x77af9648a32fc163079bff2c5f35e50e429df17025e6c0a4aff8b3f5ec9c3fee,1,outer_transaction_has_other_v2_v3_swaps,0
17074737,0x4aa86d5994e0ec1f929c38f91b1d37de0669272c1e8b4a29aadb6e978df1918b,0xb0a569a4f1cc62d0d778185920622c00071e063ff399c2b95b1403acb0b29ec9,1,outer_transaction_has_other_v2_v3_swaps,0
17074739,0xc499ee6fda706b83c5104640f1978624bc15ab4fd41ed8de38c6bb33d24bcbbb,0x53ca500be803a51a6e42466bbc5b3c10fa8d8e544e70f506010de35bfe7d148a,1,buy_not_maximum_output,2.818771074085689859059592288555060101048789569716562557743889169334323E-12
17074739,0x99779173eb3041152e05eae3f9cd0052fdd18b93415ee12f05dae245aa78c3e8,0x65c809a7cdd48059003e7b4b39ff63915c19c8f2d4a30bbc3c56038fb2048f75,1,different_outer_origin_or_target,7841.407168413955588879904454581586691836254791662674690914748742637715
17074741,0x8fae06d97be7fd21d732847f8e8e2759a0c43839523a23dd473efba0afac368a,0x358b216e65981881ad4eb446d1913115f0ade3638476d3a1f4ddebdf6bee950e,1,outer_transaction_has_other_v2_v3_swaps,2.927543583745743820542368671459599922164341084775691342912717970794865E-25
17074742,0x2303520997932396936486abb82ec6b003f1ebfdaaccc6e5e5470c24d38a1488,0xe152ab44624ecbd0103c9c34a8e265e2f3047927c8c863e68823f085d5f9b791,2,inventory_mismatch,8985.559154290148294076638879785679874709804859862431205731916424765183
17074743,0x6d3b932f2d432316b3b21b79ad320b4ce4b3b77b06ffbc1e5046b9180756e88f,0xb536c1e3c620e6507118a393f15dc901e026c1cb61d2c3d61b680c4cc79a031a,4,outer_transaction_has_other_v2_v3_swaps,0
17074744,0xd6f1213c5aa0a5bcb4bf0ae2864bf7bab4c06c268ae52c879d31eb09694774a8,0xf5c3b6e2a23a4c0722d9088b480761f1a9b89875101e7c95d0bc16e7149a9d2c,1,buy_not_maximum_output,0
17074749,0x1b2433deceb342cb453eda20116cb2df23a228ec8570f1b0137f7b974239e418,0xa1681112b029f9fab36d581f04ea14c5597aa3f4d585fdc70fd9ee22c41e808d,1,different_outer_origin_or_target,42398.68799600094549792289911480270173940683802947348086573600502445166
17074754,0x03d78eb6083fb224754bd50cebfb68fb33bed1e4fb4cc110c17d19bcc8723c5a,0xa43a184381de673ac513dab96dfc63aa992557b2b9969e9079d250dba79f46c8,2,inventory_mismatch,43267.31930063299036022396775483408407643282455901897784864470741562278
17074758,0xd505f5672d080e2253434dad7bf0b66e04788edc9a12a5658dddb14e92ad92b2,0xab51a90692850c7f84cda1cb7463f9b0574a49e04959fbf8c2a35581b344c78d,3,outer_transaction_has_other_v2_v3_swaps,1.638942101443939628164770258989815577713592453752449922983168422144547E-25
17074760,0xb0290c23cebc0e0fb7eb1f9a93c3d3b4c6e0d7bf5da2879cefac309ed7461362,0xd6fc4df73bdce3db45662ecd941244cd26e1873230113df517d13b1b6dba0c89,2,inventory_mismatch,31303.81126317451091067246254464392167849311748528756536878998417529691
17074762,0xb15cfaa56c464880ab89d81d856541bfcdb192b89212055933abd850e430e621,0x6bb2dce83ed3254c648fab386e3abfb239d8d78537704a28c3da1c03e33bc754,2,different_outer_origin_or_target,5281.863382298676469376639297932908262514564348665260003271939083931644
17074764,0xb4632419ed28a76a5e99cac43a9b09a5112c37b6a70da834924743d2b88a3009,0x0bc8d4e2d18d3a97ea11d041accb93637a605ba75bf973d7f2abd501b18cf0e4,1,different_outer_origin_or_target,65519.82543367012402405217285023073288824992518210774356612067782440861
17074764,0x5b1d4a80d6f7eeedfaa050e2edc1a05967532ee4aa60730a74d0b84f03d34e40,0x1b79b093df74da4f78073f560d2f5befd7599a7463d626a25982e72e828f7739,1,different_outer_origin_or_target,81328.75705763350792398269836324334833395484432116058182804315111605918
17074768,0xd8ac3d3f6c62d044cd91cdf98bd212585b44a271fa54bb831c1d33d8363ef450,0xb4213c7846471dbf2021871993b8b7a44cb6ffb2826971bb9099d00d2b0ff414,1,outer_transaction_has_other_v2_v3_swaps,0
17074773,0xf40419be4bce54d2a34304ca9769cd4ecff5c6e6a47c4d6fdff7559a3f63750b,0xda8ec75a520fcde090f2b2e93872877f51d418ae5854a846baffaacbd36c1b99,3,outer_transaction_has_other_v2_v3_swaps,0
17074778,0x952d278389f6e500a44fd14423dd1ab1d55d2eda29a836d33bc08376196df3f5,0x722a65d229d64b000898d9b57a95fe7667c2f0f8167d319654814be5cc5d789d,1,different_outer_origin_or_target,6105.366933509882405859709877859026179603337147572495682791249458827493
17074782,0xe45d2c0e1a6b2ecba57bfcab6525693b7dfe63293a11146c69167697512f1dda,0xa217c19b6c0b5c0296b8da2803a5869fa51abb55025a7ae7730dc30d76911d07,3,outer_transaction_has_other_v2_v3_swaps,0
17074788,0xa54cda51fdcd1ee0fefa8d1a580e45b620e4b583e8a96673749c9bf4296e1e99,0xea1a0452fc39857798031d7db04c8b0713e60e243d10e7f0ac87f05592e94e39,1,outer_transaction_has_other_v2_v3_swaps,1.241505144191519185840752748369438087966835599771963264429997480553175E-25
17074790,0xcd31e143e5097d43d9ed240aaf4c0dc900c1c2eb441fc75022e01b4ed6e46550,0x23f5b6fa0a20f0bc7a89a56b6fb8bd3c12ba97ef7e01acfadadad5c8b4399a50,3,buy_not_maximum_output,0
17074801,0x487b2c79382bc2076dcb7f185fba9d70fbfa0f10495f566babcb7830caa93204,0x2b28720e43a460ce5252ad69f8ee4a7462733cd06b37e6f084e5bed71609c067,3,accepted,0
17074803,0x26f4809b7c99d2e70f7a857d9188a974dbba3a46456db7683ec4093770824b47,0x14430c4d0b53f0d8fd6a77eadc006993231f369868d9b0275d588d55b5439d47,1,different_outer_origin_or_target,77469.17293046995449770832379497450993047185306347578645215270611662904
17074805,0x1933657d4b8eb3ca14860038d059dfe25e920aa3a7c56a3ba0d7a8cbcb1f84d0,0x5f73771717b98c39943efb757cfc3681c9dffe4a8f8bd11d773356da71343b4a,1,outer_transaction_has_other_v2_v3_swaps,0
17074807,0x3088201b670c83e8f12f7407f732f4f8327f61e4fd6d43e9e2fd61b73feed2b3,0x9b6034ed2611369377c9e6e157ef1c2c7f38e5a055239b479506dbefdf40f56a,1,outer_transaction_has_other_v2_v3_swaps,0
17074810,0x1ca0ee86f3d2223e5d3af6979fd48483c8d6b42b7516acd241f1bdb3f233be89,0x2dc2529d88e44db97e95ce171f2637db3aaabf0d7144dcfb525c20d104ccf8d4,1,buy_not_maximum_output,0
17074815,0xee70421042e7dbd792a19ec940911bf86d60a5fe2b38d6126c8597f0cca7f3af,0xc6f9f7f3c2a7f8ddba6c59cda9df9336445b3a7f83dc94774752e97251ade8da,2,outer_transaction_has_other_v2_v3_swaps,0
17074816,0x096a84ab5cafae1578698c0fefe672db3d14282426562e3948e2554faf0b4b7b,0xd186ec3d1e45b407ead52352db163d5e2b20fa144da50e9a2452dc8171d1e6b0,1,outer_transaction_has_other_v2_v3_swaps,4.369144153518665118445903859007038711539510015416742182583378016706059E-25
17074819,0x3380bd1e8b6fb2d96142f923ac6c9b9fba10815f8f62824f6ca71bdf0c0bb90b,0x4e4ca448acf95d9d58939f661c00787aebb5eab8ad52db3125bc42f100871822,1,outer_transaction_has_other_v2_v3_swaps,0
17074820,0xc310d43b42380e3ca9f953828b9dadbb6ee0d7ecf1b604f8f4503a3503824895,0xb73a9a4ab57d6e8a1f54d2e2d0cbf3e61b6870360a5f4f45f73dee531276f2a6,4,outer_transaction_has_other_v2_v3_swaps,0
17074828,0xe1bc59a68214e2039602bd766c6c084712e01086582dfcfe668846ad82fb3985,0xd5046681a5633f4e0423780479607dee98a9c1a6aee06d3c0bcddc531dfaada5,2,outer_transaction_has_other_v2_v3_swaps,0
17074835,0x2c08798946ca804cac0e76476d025038e629ed28be881cef05415c0ec4ec9a5c,0xfabf2c50905b91d5519563e7cbfedd20c30ff57c37e0cc615a75454553a47066,2,outer_transaction_has_other_v2_v3_swaps,0
17074844,0x2a5e7f5a0fb2d52b1df7b9bc07438c1a2af44bcb0aeafc87dd2dc4480cf513eb,0x97ab830f9d8e03a7b6e3ba55d381a8f22129dc0548ae48bad78a79e7c59c8b56,2,different_outer_origin_or_target,0
17074845,0xa2f03d43f95a3cc243f61b2e185e0283e5f8b61b7c1655cb89d39e03bdde3b43,0x8381239312d73df155b0debef07493fd5afc2fdfeb6d50c42b63638a0f5ce2f5,4,different_outer_origin_or_target,23987.73979752081483479997691887955454330596583147557070749071559482081
17074845,0x9d80dde9881a5d4d5d9962000a2b89cce6202cbc7f0943cbbab0b9e6753905da,0x8381239312d73df155b0debef07493fd5afc2fdfeb6d50c42b63638a0f5ce2f5,3,different_outer_origin_or_target,8991.521215873589275876425468019935279838612628354125206720320959812665
17074845,0xe650fbe78233d3f3edbe1771a306d99daa18c62114e0dc15a1ebf91f3b81d56a,0x8381239312d73df155b0debef07493fd5afc2fdfeb6d50c42b63638a0f5ce2f5,2,different_outer_origin_or_target,13086.50510228297559237723057091725233218439189044341578548772149452660
17074846,0x50b06541898093aec70281a427f4704db795849ba23c0d4cc80276560842eb0d,0xdacd77ccb470140c0aa636ef8b7754dbaac7d65fe6e696b774d989514eed7c90,1,different_outer_origin_or_target,14608.47170205180586608309017830619843998037991710103558379975919999954
17074846,0xfb21d843325e7add259f12a15049b63b7865d7d91ab5a2485f779523e81683f2,0xc6938967c087e428f4f5761ba6bb239f096e3e6b1f9d24d0df79571d00a8eece,1,different_outer_origin_or_target,3856.199590230937789652934721857044933947348893288797429428625403346071
17074851,0x5c31b8bee92955f398adf551a254c808aa1321999f0899bdf5d4762ac1be78f0,0x33a58ab920d99178c61c0cfae3385ebaef222c5db81f21db202bee82c492988c,3,buy_not_maximum_output,0
17074857,0x736887c5d9b138b88d1271dc71f7645a6f33ef1f73bde77a62840c1ade9ae70d,0x594d02f38e5879103884ac9aa9cef1f3ea9ca661e565d4635f2ab73216e7bc69,2,outer_transaction_has_other_v2_v3_swaps,0
17074863,0x5d0f7d816f4f215f96e6d8a4f45501ed46f184db78b8cf69e13e3a4e42b377b5,0xa4b5b5bd9e7fbb50b1cb277b8953f7a16c87b29080a56a44c2f6450dc998eeb7,1,different_outer_origin_or_target,383676.2834127417599172285525809025664191798680586889304305842471730778
17074866,0x9a555521f5540ef143710355410a7eaf9fc3dc7621f30f730f9ee74a8281e4bd,0x606ba093d4d6d50b5d26e78685b342a297fa431c8f9d9d058b860a69468c8548,1,different_outer_origin_or_target,131012.3391930878894930544915627505956316459997385038244116468019006251
17074869,0xadcf49c9e7b36148f12fea4943768523e5add8a7cdfdbfd1d80fab0b693d98dd,0x88ac16066d0775272a26422ed4548e076f07795b5b11d54d7a6da9a42a6c6714,3,different_outer_origin_or_target,9105.626130204449153470885827288432003183588248210736774562996661199800
17074872,0xbb9a4d7cd6bbabe500dd1adea82d64739cb386ed4be421e99ab7bef7dd3a005a,0x4fd30b927c2ce7cabd116e20ffdbecad091c75fdb0a84cbcce57a12b08cea07a,4,different_outer_origin_or_target,2755.358215341968933662851885300639669190796367871192135448780039808761
17074872,0xe8229fdfff7e90484bfa31fc9398c7cbe7f39aaa3242d03b513837cb26937cb1,0x4fd30b927c2ce7cabd116e20ffdbecad091c75fdb0a84cbcce57a12b08cea07a,1,different_outer_origin_or_target,52574.20639345962645145999240023187520053583908430035254741028643173483
17074873,0x28520ac9708212b796b01cd21210000b3c66a5922ccf2f2cac08c080b75a9980,0x4377e4a550d5b75ead0e97c005599bad3b19b7e1bef9061d0ed600b2ee316000,1,different_outer_origin_or_target,11623.71678047980045595261247001721334367082187705978944035199879024895
17074878,0x65a92139278ee7f8b3339c6a2b62f0f3edd734d0e1aa8e7dabfe6908beefa621,0x2e6832fc3592a44d11a53c58cfaf25e754f3df7bf5b142e2c9a1d6f42d8e2cde,1,buy_not_maximum_output,0.0009999999994736441522036972958878133470124421664110817554648967375455012
17074879,0x8742a3c31e3369c10ecaf228a4c3188b37f01fd4c6ec129f15e16f8c278c94af,0xd52c103f48c62aa07eca09371f4a79e2b378f90c20279879962ec44516ddcf14,3,outer_transaction_has_other_v2_v3_swaps,3.350369123719811404489789580873978133924204951072365268877441540298609E-25
17074882,0x5d61673b77c4d1050a9385a328a4852a4ae2fdc47053f6cb586398a0c893ed7d,0xbddb797f80a0f13ca453151987cab93285316027af1e82e81a461322509a7939,1,outer_transaction_has_other_v2_v3_swaps,1.512762209203919253566378508577933148984353543747334124446050021775006E-25
17074885,0x9c37a995712ef3dc8f81c726db87ba2579894697157396127a392167dda1a05e,0xdbe92a7cc9a6998c8f2fcbafe10d9058d79d3d5ee3dcc3c60b38d96b5a0a0b5f,1,inventory_mismatch,1372.067393178259140409535595561010480990802556502987584292444083599699
17074888,0xa206492ae3be295432fa2257e3b66aabe7727e2e9a04b5da7cf13649af7e32a0,0x4fba80bf16a3dfd6135955b3b634be48d9a3875ad2b8b8e1a40c55f7eb8c9e14,1,different_outer_origin_or_target,3994.881310939373926361493982984200295159864108951622181360175824893655
17074893,0xa066a2d3773caa7092a3fd38c170cf234da0dceca58627d3bc0fa391d7d63f6d,0x8484e72b784a25780f6f95bb95b44d59fc2863ace72b7d134a5b0ac112b767ef,1,outer_transaction_has_other_v2_v3_swaps,1.454333296749426982651906185033566138120622753236129954172881537686680E-25
17074899,0x132d9a334e43ed929723563702f0eebaee8ecda25ff40b16fb9980b6912463b6,0xe29f53a4d9e16502aea63cdbf818d89d8f4ab1cf51308e905f754dc0b496465d,1,different_outer_origin_or_target,5413.364269098981143537454600622992652420478944015509241580258812110543
17074900,0x5df1c4902fcd7978688383e7d80f42f1d5eebbef7802e8dc99695d2a807bd740,0x27a688a1e0be0442bcbfeaf9daa2632749a80a1cec18fb0a90d80d3da1824413,2,accepted,0
17074902,0x2f7ac9f296ad68ebca78fa057d13bb51320591dbce0dd6a95208eb96469bc96b,0x4c86a3600edbb0ef59e7e21ca238351c8ff77ba86a9828b23b50f89e3a165684,3,outer_transaction_has_other_v2_v3_swaps,0
17074904,0x00adc89dabd83639264d40178fbb2ab8481fe8cba68ede0a8d05588a3d76a479,0x9b61743000f21bf5c6cbad0bc3d50b42680539b068ad2aa4fdcf7b4ce390ac87,2,different_outer_origin_or_target,6070.413031035421552992532412464165781460678715412307279257720101191610
17074912,0xc004a3f7b409e3045daf056558b63f046b5e8154112f5998eeafae5126646821,0x421ed1b870c967feaeeec6600effd2c80c2620fb8dd198a172cc2f02331c5bd1,1,outer_transaction_has_other_v2_v3_swaps,0
17074918,0x76179e39b531b3760f9b55d107953d7006bac34fd70451220e591cc8b651a57c,0x2601a6b3842e766333129329f2155250b9051dcf0c4e90f5160dc922758ba4ea,1,outer_transaction_has_other_v2_v3_swaps,1.360508771737963055120100661843877110084280506330045651935881509542787E-25
17074920,0x7b335023f502083402c93e7a9d4d4966c7b2ed794c314776c51f8103bd923550,0x93f4019a0eb03c4ae185792cf7c37203b9abe4c38a02dcfb217cbf252790d238,1,inventory_mismatch,19250.13813285200717044465462937555997751918969400821166537848781139553
17074930,0x29a098f1a907d671b19db3c4f64bcfe5e608f8370833403343d9c865f34348b5,0x99d37347874eceabdb2d675bda646ea9c375e6331ed705ce012b6963e6ed0a2e,3,different_outer_origin_or_target,1808.330760148368899548004778766263579439400890751634586842127876557206
17074930,0xa8f0b3468c905f7d45b83fd54a538fe79533a86b3667920c37bb74814d0f5124,0x99d37347874eceabdb2d675bda646ea9c375e6331ed705ce012b6963e6ed0a2e,2,different_outer_origin_or_target,6401.269108679677680844660482989543380000235897437002411897038225753237
17074930,0xc809104dbbec81d7c50a3b07c8e58ae427f5fe7bc8d9e0b98a3ba49d52102a31,0x99d37347874eceabdb2d675bda646ea9c375e6331ed705ce012b6963e6ed0a2e,1,different_outer_origin_or_target,31024.10244209432256554934870674467358787305843726224442290599175699666
17074932,0x8d0a980a5b0d32f1b5aac2747e658835cd48d1db331f25e265563c8cfc7f353d,0x24483efc7ecec0f21c7771625e31a6a77a6dd7ff4985e5dfc6b1e66f42911505,1,outer_transaction_has_other_v2_v3_swaps,0
17074938,0xc30408e0a393be2309e31560874eb8c46c1aaebcbdc02c854323ea5f9ddac221,0xf4b1cebaa1d9cf7b1e0d5b58548a8ba22d5379ad85c433003bba2fdca74227c9,2,accepted,0
17074939,0x9932b99cee3ae94bbdc3f751f0df3ada51b3884c1afb15087c9e62eb4f14b248,0xd63997e6c89e7c41d7b300c05dd07a07595f59dd17d4cc518e22d9b9795cef00,1,accepted,0
17074940,0x76acf5b41b186637bd8614894664c8308bb309923f25c2939948188cc92bcaeb,0xa68e8f1326c76002ca51693f4d7ed5235e244b52ea5fa9d4b5c893b181f3c378,2,accepted,0
17074941,0x876e957b0791a673b1cda86bacd981c6a3c569757c11d35f9ada48186bbb988c,0x15eabaeb1288accfab5767723a71c533a147e0e6d45b853af10e93268c0a6f2a,1,outer_transaction_has_other_v2_v3_swaps,0
17074949,0xb75c5b7ee0e8c13f680aaf5ad933e4c3b61042534348c7427d1528bb80e59088,0x3e3bda13c35916703d5118d5bf37f92b2f7b027677f4b6bdd4226da7331b9098,1,different_outer_origin_or_target,7025.935293741357814739783242592779483478935314992404519402784873099568
17074950,0x0392e9569ebfa2229684a67d62936f0e0a5c424f29bc86a493f56645eb082ea3,0x7996fe7703483c538494b2917b6ac4f34d0ef2ba6178b1b8a7ec187c02607ae5,3,buy_not_maximum_output,0
17074951,0xaed3e741cbe029fc7f9d9477c8ea0cfcd3f062859a25bdd666888477002c0644,0x08dc7a59af8623a1ba3cc3434f9ddc768257b756a451956de3595b97d6d73695,1,buy_not_maximum_output,0
17074952,0x0b130b89bb777954554591ba1468d2631b257e6830bbeb2fbd06d935033a6d22,0x69ef0156239b38bc6f105882197d001109a07a90e942dde5b7155c8fde56c4da,1,different_outer_origin_or_target,88.41169188187885651732767905898794662299923662222206799069530330919085
17074954,0x2e770c47ab47bd72af0f4ab04e73d1a9813a55ed38f033e2a2c0cb0b4d9bb2a1,0xc1fa18743bf3030e38e5f3bc3ef5993cd546a00986595af8905b824f1ce766ea,2,outer_transaction_has_other_v2_v3_swaps,0
17074957,0x81d1c461f22640bc0310609b64da3546698c2ae7a3b634c502c282e46f289987,0xbf32f3a046b1ac954463d37a398787d7b291e7654205534c742d0fda6481b815,2,outer_transaction_has_other_v2_v3_swaps,0
17074958,0x4d3a984f4fa23d202c38c753e74b97ee1339351a3e18224dc387e5c101dc0c38,0xd862ad59df8fd01952a3ef4fdf51da5e080c25d38e86380678c0b1004abeb588,1,outer_transaction_has_other_v2_v3_swaps,8.273603404638281929778606305875961763540205326010287304666128905753664E-26
17074959,0x4a7841f285e375b7e27e2a9b15870654d5e44e819c6224a5a2dfd5fcb5f579b3,0x347d57828e247fe31e602bf10e76e5dfae8a812dcc0874ae049d8a21b82ee2f4,1,accepted,0
17074960,0x1a3322cb0283f83009d70882966cf330757c8f83248d4f5e861a72c9045bb48d,0x4b5c1a2392de5530737b04a6990a341e2986aa9a0d42ada2c15f7f8cd01aea02,1,inventory_mismatch,3123.796984258347129174655024001601633386902852342443350179126032452704
17074962,0xcb267b0ebe786e38acf02d98c48d4695988a1d33955f049190d79b8d22eb0619,0x59f97c135ac8f7506e1852f1436ee20c3ee09f3d1e85b07f56eb13a1736d3b80,4,outer_transaction_has_other_v2_v3_swaps,0
17074966,0x167154857e34caacce7ecdb0fc13c5950d703f676ceb9c8ee61f40c4f3ac280a,0x0d9b6be54e3ae01d0577a0de4bb97c09c69aa34b5ff08220a9c51d5ddb573d85,1,buy_not_maximum_output,0
17074966,0x12b7638203b6e87ac0a190a11b378e060e3c42e01e6c304bb245310e7ba6756f,0x57edf9bc268f22e0fb34eda80a707ff1ec5301219b35ff2a612d4ae8b1b21408,1,different_outer_origin_or_target,12140.97890698165769301400586542703877430418915161065917361685067263340
17074969,0x6c9700e15955b1c8d8d54c551c4e7eb7ef920d75f6eccbc70109ea36d62a3741,0x234fee1c02a818e3ba3c21fbf5833390d2384d39aa79cfcc1f2794dc51053736,2,inventory_mismatch,6832.139430054268585870799906889720506037279843773586664412272431977840
17074970,0x61817ca2b65b4964e07d1ff3d376d85f59c0d4e21c9a798966ca63785a8a35b3,0x6130f0fe2b309067b1324c87841cc2c6401a9b6179c6015680f3d8a496076798,1,buy_not_maximum_output,0
17074971,0xfd4b0742769fc4a8829e38cf96de46001ec30a47139cd0fab984bba5d130fda9,0x963d4eb6784306c41c71b3f5ac760384d261b873e10ef1dd9e291b7cb38a7a1a,1,outer_transaction_has_other_v2_v3_swaps,0
17074971,0xf164d540d3d0748f2a30ce6445829566dfebff27f4aafa670b8a308ea82c02e9,0x04444d05dabc7acf9b79b102a4a775c1e3fd82a8933992a8a04e7b1c141174fe,2,different_outer_origin_or_target,8090.330382583455884840905411158446997486153559856335361125258734782939
17074971,0xdd0dc11317ead1803761032e2a06a325881fcb705939d423d793c7b26a307a0e,0x04444d05dabc7acf9b79b102a4a775c1e3fd82a8933992a8a04e7b1c141174fe,1,different_outer_origin_or_target,8883.394273795445773087087389372207892150944266517021278265300922915363
17074973,0xa0eddb48621352774c814b9390ae0e094f08e2b6b02655c620991aa2f62b9831,0x60f1d2776f76574f4022f0b5b2b2ae46e9a94809e506c0b889c859fed03229f8,1,different_outer_origin_or_target,2067.674809616886467912681034414711611844406401620377103776686215301185
17074974,0x5e158c37288f78542e212cd29b3ff6cbf643bca27115264097d91ddb0b28051c,0x793b97a70ab332c7678913df48c13ae2977fbee04fa88b8cd5ec745c3907a625,1,different_outer_origin_or_target,7084.722226955993074034865627448522566791488402781220681779527541151670
17074974,0x3e9007fe2cba6bddfdf8f5f2d1a023f3c0a46959c540bf675bbf1bee11e91f49,0x5f6b880800100360d5e42ac0c46177b79cf488ca5dd9fb4ab168f232b837e3d3,3,different_outer_origin_or_target,1742279.193007534287740778707351965526246684718581015770965579148885001
17074974,0xf69ed8c79e3bcf80d1071882616d134ade2f5ac21e0be985e042ac2b120e9735,0x5f6b880800100360d5e42ac0c46177b79cf488ca5dd9fb4ab168f232b837e3d3,2,different_outer_origin_or_target,36155.89262975344190628086699299000970614308790725344241218093988435939
17074978,0x8f8537e32be07cd69e19a528d9e35cedf2b4d2d1c28a2f0006c5124e41351edd,0x4bc702dbc632157f5ca0da1d96091b1e8a3d66d9866ca550b94b10c15742eac4,1,outer_transaction_has_other_v2_v3_swaps,0
17074978,0xaa834242a6fed93cc73affd8a860c2030b25e6e685191367773cbda9e4d2d3c9,0x7d810edf1d7ba350c088b15df14c11a9a6dabaf8c1bb33fd8fd6c143305e6fa1,2,different_outer_origin_or_target,2192.543164735206316356210621837493371928082016041807705796723977648632
17074978,0x01c4abe7794b3661d33a2059bbcfd7a120f8a69a02cb86ba5fe308b15a7219b8,0x7d810edf1d7ba350c088b15df14c11a9a6dabaf8c1bb33fd8fd6c143305e6fa1,1,different_outer_origin_or_target,4031.591779744506344243566065436694084974315459331376965286854467984244
17074983,0xd594e9fd3da8734e4d693d736d067653fe6f571f2bd793533a672bd5b1806838,0x61b832b0ffa5b7c18b5620b0c8dee9092e77a7ab99c101be887599dd609d493a,1,different_outer_origin_or_target,2033.998211834182594270500481090425815380268253229981991164012703927380
17074984,0x90f6a5664e18062d5c8cfcaa9bc01c41841401c6146cd879d3ea0e71f2312981,0x41083d033b89b4e1094a2cad940f26a325360cff0e57ecdb76e738d093b360ba,3,outer_transaction_has_other_v2_v3_swaps,0
17074987,0xbdbe955cf066afb4e84e8b0ee595b7b45097a66eb68a9830513c2e6b72b0b203,0xab5c85ae3fd4b6a3696b30c4547be1384fc4e6ae2f5033e349da2cfa2fce5491,4,buy_not_maximum_output,0
17074991,0x023051c27f5c1175efe3da7b354afdda328a7e08d6c09a55640d19cb891dd8e6,0xc83a295c48c407269f67b7f5370ec34fb38131494e0afecada2fa19e1ff5a6f6,1,buy_not_maximum_output,0.0009999999994736441522036914039537909778779949873541563519528362102188468
17074994,0x8dc2b41998f726292f0529a0dece951dd8329868faa698f840b1b93a3f6f16a9,0xf07a4e8207de4c72e7dd0ab7fd0c8208647a4b3765fc3a88133b57e0a0c4499f,1,different_outer_origin_or_target,199668.6218817152430020692831735632213735177616589825999144270961484454
17074995,0x70649ef1dd2f7584c27a0c49f34fed97df3a82d3581948d03fc5fb99ab4c4531,0x938ecc779bb25409f0537fbcdf02c5f261d11a81eb6f4903d618b02e60ef7e22,3,outer_transaction_has_other_v2_v3_swaps,0
17074996,0x3ded83fe381680dba763eb079be31592a06bc1e2be94b93d874d47dcd0422155,0x6e827cfee8733c9c53ce27320c60e8026c2cf48876280128bbd7026feb575536,1,outer_transaction_has_other_v2_v3_swaps,0
17074997,0x3b915516a3e16c09b543b11bc3740dd40c263001fca4cd47738c334aa788c40d,0xa41b75c5d4c0beec41998b0935d8fe559f88410202ef282e40afff1b7c2708f7,2,outer_transaction_has_other_v2_v3_swaps,5.510668135320109756729020933025417371060767180422997978879795188381731E-25
17075004,0xb39a72ca5f48957122720668cef319bf4d5d6f86e832e59210c3d6dfa823f8b6,0x6d95bee4bf3b882e02186f405431001fb7eccea3ac13e9c06620ae6d44901471,2,different_outer_origin_or_target,5123.146422143547372447086631069816414815518714804362580237318044603077
17075006,0x3b6bee9ab1ac4070c9c5fcbfcfa6acae99d7e8d8bf57f953dd869ed17b168ec3,0x31001e49f751fc001514c8b2692e443ce1db1d8f67915eb25144050d19106ea7,2,different_outer_origin_or_target,9480.377536629687831186672813255300989359507871008963961895842387505008
17075006,0xf36edf10fc831b5071cc744576445dd162b067d8d2e67f9acb99ec9e483499fd,0x31001e49f751fc001514c8b2692e443ce1db1d8f67915eb25144050d19106ea7,1,different_outer_origin_or_target,6041.067899825259204610620244183843698122852716407112135419330209559398
17075007,0x84c67ea65a561c5f627c0f16f68d6203001d564b07abec952201d29cec961d9c,0x3eb27ab97708df3c64dde842d684f8c20e72befdf8ebdad9ed0ffec02768ba4d,2,buy_not_maximum_output,0
17075012,0xc6a6f38ffd2719d22e41e4257b880e652db913573c5b20db95c945c1aa7f2c4f,0xc2e8f00c7627b72c65488ecb8802355f0468fba268faf27c62af665f89a283bd,1,outer_transaction_has_other_v2_v3_swaps,0.0009999999994736441522037764356104700841374250627631257523235138745694801
17075019,0x28db0e0f2c5aa1abc53e7d9550b039648949708be7980dbb8f3b8c3d0e26e825,0x8901a06b500279edfb372b474306a6fb3f626130dd902fbd03a337c77a721d41,1,different_outer_origin_or_target,2829.085425282879046912461810964038708438012274341462370661163787369464
17075025,0x29fba5cba516efe07975bc75b4dd3a68e158921a5c7341386a79725e03962685,0x09275d09c5a426c068c612b22e2f13af75bdac4f5209478972123a29bc67c75c,2,buy_not_maximum_output,0
17075027,0x453fbdc11928382a929f7bc595be44926401026c676cc832930e615ca16b55be,0x5ffaf40d4e7b4ad27c1def68cde83c2d94e7b57abde162cf614dbc3832d3799f,1,outer_transaction_has_other_v2_v3_swaps,3.015948668431822618549186079082962768467085034129229536759714960412384E-25
17075029,0x9e4706f823522074a69371b0a57e726fa497b0ffe266eee9c5e43bcb9900f12c,0x51c59455296617df9d195f891a4758dca838652c2ad367d1b5b7a746e43408c2,1,inventory_mismatch,215853.3718103704613750951620541191327884365564901800663190944766448498
17075030,0xc73f75cdaf41f6eb4d7312beb29d61e22b5e323e889b0ef9455fda19328a3127,0x511832ee68254edef33523a94193e8db6d9ed11bbf3c39f3f50825aef08fb7eb,2,buy_not_maximum_output,7.282802213990297035457444669538658452694941820850336637109003656668082E-26
17075032,0x0c5a6cbfd1ccc0da6b504fa1c01474a708d3ed30a4125532f55e771b3b336424,0x6c4969f02775792fea964b702f4ae13e9adf1eddac4fb147a8956f152847a222,4,outer_transaction_has_other_v2_v3_swaps,0
17075036,0xeccd0453716127b0302f9b5aa58c440d2b5aa59aa48e78830ed95449b08d805a,0xa413b469a5bbfe09339620a341bfae2b1f4c4bf05e58c5b5de391ac70a1af116,1,different_outer_origin_or_target,86881.74983801292848443959113195546671531357620303467501308925264000066
17075039,0x08fa5af19f36816ae6aede9f1112fdb6dacb20602a79c26966964bd767420038,0x3dafb0a0348bab7316032ba380ef6216ad454b24e91ae3ad2c11576da6f0a8b9,4,accepted,0
17075040,0xae0d90203a5790456705b8e3d683da984297620d526d18d0b02e83463be733e0,0xf5eacc5460e7e3934f0928374403eb1ec42beaa2a014d81dafb942172059e9ea,1,buy_not_maximum_output,1.224724614417448659812264684250352221262762035766006581164604871750708E-25
17075041,0xbf633b12f2fefbdb9fd8c4a591a332f93d75c5ee844de88cf5bdb44d6e72c60b,0x32fba684e7491f35ad404f031eecbd7f6247dfc0cbcae84d9ac065c393195d2b,2,different_outer_origin_or_target,5953.783259759225144602737577715749509294628134376057595677410696833156
17075046,0x4d4793cc5a1c98c9bcc83e3384fca1f0272ab7a89fb27233261573ef52f0d83d,0xabcfd3759267e81d725b7d38cf0c2485063f1af5fc4fc6e2ef2a70f7e70d859c,2,outer_transaction_has_other_v2_v3_swaps,0
17075049,0xd4ac084b1821f3e115824194ca1ded271ec23f97ccd0b8659daa498c80929ca6,0x5984a5961551b22c30cd0a3b9e0a6a6a7041f736991de29c4dd3da8759a4bf06,1,outer_transaction_has_other_v2_v3_swaps,0.0009999999994736441522037075355387865598253390780595272488655736128337406
17075054,0xebc2ff7633df2cd5f6dc38d0d0936ff34f7e85ce77044a576855a42a6f2149b1,0xd376da362e1f60067a359bc61dfd2f7f7333a5d96d7a862522436b1edea3b335,1,outer_transaction_has_other_v2_v3_swaps,0
17075056,0xf4c49e4f7ae2980120fde5b5f925e437a0d201744f24ed3e3d157d6d45e4c3a5,0x4f89ea347226bdaf932d0ac51b83b785cdd7904c32c02fc91713169c6dac6a4e,1,outer_transaction_has_other_v2_v3_swaps,0
17075058,0xbeaf6c39a1f14679128a9bae4cd496306521988e8564af0a4f411d7047a3036b,0xc375058188fdb41aafd26dbebd1ba39aeebd2983c424341250f549bef14ecdef,1,outer_transaction_has_other_v2_v3_swaps,0
17075060,0x40fee0d9eecec94ebee604e6e9c28da3d0ed026008eed181f22951bf06adeb40,0xf54d94a8dc2ba633f0e3839a11abaad5c7c8a445eb50a6471d84ed43e4cc452c,2,outer_transaction_has_other_v2_v3_swaps,0
17075064,0x6b2d7dac88701d726e5db60b0c37a6cb2f375b24e783da24f3d8af10ccbe80b5,0xc6854bf5973b74e71de2c11d32e5737c6307a1e4d907bd8730c81bac2b0d3fe6,2,buy_not_maximum_output,0
17075065,0xc5a4d9516906f3895d8cd3d315c714803036b06616869ef80c5b7c1da83c184f,0x9b85fe734c562983f147f3055d5e453f925c1fb41531266d15adbd7ec71b945c,2,buy_not_maximum_output,0
17075066,0xe2255c4b11b72b8ab6c2374646c45de3e64e27f40bc4bcf2e10db72ac100a836,0x90e620173e196e9345649b62401ee34a64638bec3aaa13b99a04679163df735a,3,accepted,0
17075081,0xfc0e40d3a6bf8c993ff366ea40e63c6a1f67eb465692018cbc63a2ce856cf4ce,0x3f39cff5236a7662247d9f7f5976a9774eb32f31cfad0aff61f0af5377a33e61,1,different_outer_origin_or_target,7194.382097677683160354108334881631512250687202725157257733941224370111
17075082,0x5543cfa71e68e3fe1cc5207eb74e4b56a610eb931096582a6ea404dbbf9470d0,0x8a2fbe4c90975b91a8a2024f39ead468ca5236d7b3abb74cca78deec750f75b6,1,inventory_mismatch,27772.88217184217998198181382154086001481713955626145579521055271776251
17075084,0xd4b19914b01e547285b96c846d7273c6c79f0e419b6f3f131fb0575423c30572,0xf64bde80d8b0fcc13e907183a60026562c4908e77b28c6530d73ab45d768d911,3,buy_not_maximum_output,0
17075085,0x130384c0cccffc282bfb5e8456c6a9f4a7d82b80a6ce490889e055c41f30e5fa,0x69465edad995765b77c1a680976b4aed8f50930363c59d5607d63fb6f448aacf,1,outer_transaction_has_other_v2_v3_swaps,0.0009999999994736441522037054210722015457397049966496981532948949851097659
17075087,0x6f216942923e24b60f26c4f1f9a3db8c14b4d2a4c5eabe7e25e3eefb5492c8ee,0x202b218b8d4aba2b295d3ed06343b33f86d4515b1a225e1becd961821584152c,2,buy_not_maximum_output,0
17075088,0x084a4925558f3a05b543bd4c8e2ac94d970c33d910fcda251333f90e38b338fe,0xd1d745221950bcf9f4d3d817f9f298898c1a372f5490837795f90896e05277ad,1,different_outer_origin_or_target,7817.931998132205696095788907658587520983317450102095495095151146909211
17075098,0x6cb7998d669abd8a389d478b48ebd62c0b7de77ab0f7c7114b3db85b73ae2f6f,0x60fc8c6e83c0b7cfcc066e977ddc130d9a04eb4220e3ee73117aaf36c91c10f6,2,inventory_mismatch,6112.747550696953858533595544909999511173446941637869769085856743738320
17075100,0xfd41eb2fc35760f4a027e2fc52abdfec0ff71f0bc422a786f522cc65ccdc2b77,0xf31397ed0844fd5f8aba0aebfa2f8903766d39d4da26558b25acc40906574449,1,buy_not_maximum_output,0.0009999999994736441522039252863049170978589340568028755907369899893210246
17075101,0xaf8a8cb1fec4e0597222fe9d4839342dfe95c89d31d49cc454ae852ad101ade2,0xef05edf66b12d0edb141b89c61b2f977c5cff7f13631f3b5cdda23b437990ab0,1,buy_not_maximum_output,0
17075105,0x72e557d2c04f65a39174db22193f5e8e74074716752ee20c7a3e186ea84580f5,0x485082c701f59e86e69931644bf0b4a525c9c655454763bcd50b572d4af8d291,1,outer_transaction_has_other_v2_v3_swaps,0
17075107,0x56e95f2a48ebcbb879a39c98a20fc48d1bac734e07b0ac3a4ca8262acafd174f,0x9a258f62db278d99b30fbde234ac25b797256b0f2ea6e7c58f0c1663d3883880,1,back_not_maximum_output,0.001174881853059063111871411440748989632178079369851148934040586822554053
17075111,0x9590c003996eadb9961601689005412a6ce97d5a78974b538346cbe01e7f789a,0x2a49bf43b133ad2f2fa851d64cdbb65c403928063e62864263a91bdbdac20aa0,2,outer_transaction_has_other_v2_v3_swaps,0
17075113,0x5ff3d45fd55ad11b9069ed05d11c9c6b81c1cb3c6256774341052c60c86f4415,0x025b6e5880228fbcee49f8a49da441fadfe36fe53c867949cc80700eb5daf71f,2,buy_not_maximum_output,0
17075114,0x36a257410ea44613ee203893b64122861c73d8bdd1c884390bb43562760b00e0,0x45cb08dbbb4d9a79874a04bc9eb77515be931a4a06245fe8473b82b55766a3c0,2,outer_transaction_has_other_v2_v3_swaps,0
17075121,0xfcdcfee01440b73a38aafa770b8ab195ca28ba7462eb5678051613fc3a12d4e8,0xe362f2b5197f161d3973fae5f8a267e41b52cd18b0dd5b60db3b486050d5b679,2,buy_not_maximum_output,0
17075127,0xe098cffc637c22f726b9eaa1767b46f1c02ec33e2ef07a88b75312d29e3c9c5d,0x7fb695df9c69b67c4cf3e8b39846607842de4e3694310c9ab1d74ef906d9c297,1,outer_transaction_has_other_v2_v3_swaps,0
17075131,0xfdc91dfe1d105073e9ef352c16df5497366b7633a04c0db41ce7bb933690cf2b,0xbc57b6751a366dc1e4bee4b4412c2685d825bc3bb5c0d41d664d31f5d94fa3fb,2,buy_not_maximum_output,0
17075132,0x4b115b34cdc434243013af3442795afd2bcdc0b45c6db45180c10cc6f85c33a1,0x9ac0d685fb2348eb07878597c53b7aca3eca891ce8c55015c46a082becd4f108,1,buy_not_maximum_output,0
17075135,0x5fbfc59bca31141046858e80b4100446548ff0d3c6f0afedd90591de7a42373f,0x98c118d318bb6ea9d5399b7b0eba248af2d439069edc71b02d4786870bbe8097,1,different_outer_origin_or_target,7091.103133475568645721957813771398179698888604689447217937814208048629
17075138,0xb1b32353562ca178eca823239e337d4672129d10ea803713bf29edc8f12eab95,0x1f6f5bf313a07db3122d42cc6bd45261445accc16093765e9496d63739d9d605,1,outer_transaction_has_other_v2_v3_swaps,0
17075150,0xaadb8fd6e4663c9f693f38a2e252e71768a57ed9d47921d9e6d1aabb3f9ab012,0xca76c9d75445f4a27ae0f09e2b2e1877491b55f6db676a3dc45d88e83b1a2020,2,outer_transaction_has_other_v2_v3_swaps,0
17075153,0xe810789448f1e0f2e8913678fde9d85f784f167152033a03467b443db796c037,0x3160b9c44e1f02aef5d3e676807372781a2ecc13d86d52070fc311c5493707a6,1,outer_transaction_has_other_v2_v3_swaps,0
17075156,0x6e24a7c86230636d0bced8e585270dfbb68fd27fc5d15d176672291ed42746c9,0x33c7a7aef125e2371da762536aa7479de55529c426dbc2b1742751f25786f253,3,outer_transaction_has_other_v2_v3_swaps,0
17075158,0xbff02f836595b5c0eda60c0bdcc29f47f21915a4b3c762d060a213e5da2bd8af,0x28b5b8f7d73328ff0a8c9f5dac49caf1c60a82fcf7a9e48d1efeff9ab83d78d7,3,different_outer_origin_or_target,22189.57079347433873589042047382170872146729317462007722139247329199875
17075158,0xf8d6220821ca899846f427d05c23cc0e1c41f878f192a1b843c7baccb68acb0a,0x28b5b8f7d73328ff0a8c9f5dac49caf1c60a82fcf7a9e48d1efeff9ab83d78d7,2,different_outer_origin_or_target,51458.15470659674177649339900338438137505642018354178495106246516774065
17075158,0x0489fed6c58c5b568344f20b95adc80aef8fcd2926c05862145b1429519095b4,0x28b5b8f7d73328ff0a8c9f5dac49caf1c60a82fcf7a9e48d1efeff9ab83d78d7,1,different_outer_origin_or_target,54588.61063012763082935882405606984739385756027959649639235479425376015
17075164,0x2922f7e450d74be889163efc6cb735bdb6ba7450234b2a1c765041a480e5919f,0x9d12ec5a8fedee1e1b58fb8595b2eb5e24a14cd70f8a03ea2d8cd8dd099ee758,1,outer_transaction_has_other_v2_v3_swaps,6.544843286177910330185707703654059234585619449616442896762098976670721E-26
17075178,0xe80b22491f0e1462f5d22c5fa2e0b71434ccb1a66e2314de598d2334c84ce9a6,0xab2dc38e87c8d4a877ca3595a16995ee2b2c7b734bcb9dc1450572bbc80e2ca6,1,different_outer_origin_or_target,963.9083457371900871892391001241124811633252054738947528720884210303155
17075187,0x3f676387a8884af20eed579d68a0bbaf061b377d4792f6a2567c1584e8cc50d5,0xc8a120c1ed08604b8e07aa4300430bbe1a1abf1b6c5da8559c2b00bfe2c8d7af,1,outer_transaction_has_other_v2_v3_swaps,0
17075189,0xb6db6416bd11ac98b72f91ba9e648128fee1d1433480647e5026266b032e6980,0x4d604da6da1f4d52784b3bb62dc9ebe15c3dc0b4e2a40eddb5f690dbae5e78fa,1,different_outer_origin_or_target,3590.143452537263189572534433760022258579045117541299900573673172497471
17075191,0x2b8810dde664d7a0e763e565870aa100763ecf5dcab6ac830b304cdf913577fd,0x83871cf17f00d1bafe1de3de23a381da80d40fa613408a69d2963b8725c454ad,1,outer_transaction_has_other_v2_v3_swaps,0.0009999999994736441522037365432977729742145807523421571560994805226593154
17075204,0xdb202e88437149644e6c37fadc82bba2fd8fc12cb4154583049aeda25123386f,0xfcacf694d0699ada4ab292fd8b31d27e53b77082b664ae818fc541cabfa3929b,1,different_outer_origin_or_target,212.4824265629423342580171531115729372691012829523978084411075279505200
17075205,0x9e93dd30051ac66e5f2ad5fa370e5443c90a793d8a48442d70678fe17cb172c5,0x8a9c30c0d1503d8ecab8397746bcc0b4dbfb62f44f4ed449b3159f94e9573b33,3,different_outer_origin_or_target,11057.65555357852997283420172253660214556970026036146615677691816673556
17075206,0x2d7fd87b37a3262e65f557db582e6b2f742cbe4b1e66a6a8e6ed1501385a6be2,0xdc8aa61149b9b3aa858118325af409ddb40a9394dca2e05ac441fb60b8a2c4b6,1,different_outer_origin_or_target,21237.87234006821368777947880278327054129827651836102862385061549410644
17075229,0xa1e41d690819cbea5a3f22cdc4e22b88f78738133962d005c8be1855e4236f0e,0x3902fbd676fb73b552a449becc351b2fe78b126fd334b8e9af25dc822a5ebfd2,3,buy_not_maximum_output,0
17075233,0x878eb06b067c0b851c2817fa5197788093639a20c40db7cbf6f372ba526e536b,0xc2b009b2ab2831bfcbc567b1af7907e35da1dd10775474e8360d6d967758c6df,1,outer_transaction_has_other_v2_v3_swaps,0
17075235,0x240fa2cbb633a7afb1b641a800a9ea6c0613008466f6540dbb7d82daa613e351,0x3198dc59944581599246d467e83d1d1cb112734f70c0eea43648ccca6d9b9ac6,2,different_outer_origin_or_target,149127.7893242544804327096854844957791281124193249198961251762729626547
17075235,0x4e59484a0b9f8cd5175401ee0ec23df06025b4eea053112ce341268bb60a667c,0x3198dc59944581599246d467e83d1d1cb112734f70c0eea43648ccca6d9b9ac6,1,different_outer_origin_or_target,15743.13045472138854605056685512175208224033181228942179393656636997942
17075245,0xcdb22edcfaf0309996d88ec969d9e2cf671d0a9e9a4c0e8a24bad074e087c2cc,0xbac504abea75a35b2780502026f4dba8c169300957adf84e4dcad03d2345959b,2,outer_transaction_has_other_v2_v3_swaps,0
17075257,0xbb199e910907ec110802eae7bd8258e9a0b7b3685bc5b98827129129d6e78677,0xbda250fdd8f515c42954c7c5dc36d4c78585c6140df4a1103995335bad6d5cd0,2,different_outer_origin_or_target,8034.357086158160142955481671027180472153722637181220665648051080259623
17075267,0x60dea92f0fe165371e95abcd2d7cbb197e8bff74f577c332737868cd77ef3c6d,0x1c3e1efb1515fa4bdc0785ed22f2348e5c5b3043ee33706006040104763e7735,2,buy_not_maximum_output,0
17075268,0xc7b236231b27283102f9f74d4ca8f2520c256451f9e26756efb70d0ff4fc0895,0x9533648e1223c26ed4c50ddff39d2d8d32f33fc5899629e9429006cc7fc0362c,4,different_outer_origin_or_target,4649.094423597420987511030573475967857317652314859879542522932799436220
17075268,0xf001139515bdb906e2407835352d5602ed0df333a7ef9bcfc223424fe81e34d9,0x9533648e1223c26ed4c50ddff39d2d8d32f33fc5899629e9429006cc7fc0362c,1,different_outer_origin_or_target,6667.862311045700818261656280862448377232098223153346587156485458499743
17075272,0xc298aade86a957d69f8707cb61787784069c7e3ede0072ab9bef5c915e11d873,0x9dfbc356f81e60001ef69a6babdc9dd22e47c6cf7fd7817247ec631c3d94e98e,1,inventory_mismatch,115129.6659185586906461803179327905074661561037782823200082564944380967
17075278,0x118c284a70462dd5d3b7cba3a298cc4d64caa58081748d7a5718b40b5b7b46a1,0xb364c1319c5d5bb5a29e24f0b928fc62a2d979152dc21d156f0a923990511df2,1,outer_transaction_has_other_v2_v3_swaps,0
17075283,0x9d7ec36cf4fe02b894de2f990479c0ef2fa52c1d5566c260791c398de23bf355,0x5bca47f649d8dd9c4f394bc12c671b975162af37c1e20eed2d63e226d36d9371,1,back_not_maximum_output,0.00002789509804545300697054718359326745958584173946405451017304172895293419
17075291,0x2dcd03a41c64487eb48c1f6ca5822adfe6d08d5025b657287dc64862d66897e1,0x5f1c4570d60bdc6ed5389f04f21ff6a1baae6d102a5b2918fcb3c7c7dca191cf,2,buy_not_maximum_output,0
17075293,0xd63d5428a5eea2992d283fb86e7da6a7e73b8a336b083704cc95517c71917447,0xb0c5da5799d2629d074084e11df5cd5df4ab469d22d04e49fd81914f66ac1f04,1,outer_transaction_has_other_v2_v3_swaps,0.0009999999994736441522038031987174687686249184609602379184537773924733816
17075298,0x24c2437fca6c21ffaaf5c270d0522154d8285cda53e7a91e23631a7a6ea10be4,0x035139c3ab1ef615685cf8bb266d3fe7a509d56ed951f8618e2c56c715f36106,1,inventory_mismatch,5406.853401787577631818339249303911831147150412147685410986742125571784
17075310,0x819052915da60ad9805c154db53f6327be0568897187da96b42206124f25d7b0,0x2799b7379c81951436935d75c268b1e2d0ff4cfb64b3840f92505c28118cf9b0,3,outer_transaction_has_other_v2_v3_swaps,0
17075317,0xa776816cdf95f598ad583a1c0a202c6caf03b95fd387359452925ee57a86d206,0x559f86c550a31eaee62919b610e06d332a497ee906af23ec84d2e71c68dc616f,1,outer_transaction_has_other_v2_v3_swaps,2.620059469293789493311077506500425915597891290914659805729120237658615E-25
17075320,0x365417940ac9bf1a0961407ed803ac76ea58b3a8b0d15c6488ecd898223703e8,0xedff588a96b3c9bac1bbbb1c31a9156b3a5d87d314cb5bd8e95c8f200889a128,2,buy_not_maximum_output,0
17075322,0x71bcccbe372c0de69af96fcb808b7e51d6f5425b1974f12c8be6114204f6ab45,0x11d750342d395e7a567e429b06fbba3b1e8201d1a752bea3d1df39d1217c2e95,1,outer_transaction_has_other_v2_v3_swaps,3.879373379780357731196997666128859811445545129648478533690898772936559E-25
17075325,0x3932e8b3dc3e92a6620155c4d5f3973c8bb33cfce1866d3f5d75212796a9cecd,0x731838a1444b5c4be6f35ea10a6deeaec889a92dca8a5ac4612a10bc1bfe7dcf,1,outer_transaction_has_other_v2_v3_swaps,0
17075326,0x73f1b30a853802b38f8d2a575f627aeba8e538a2e85ac23eeeeeb0721ef34c8b,0x12eeffd065e866717fd411ab1ddf46773350f28e8f62bff147f36dd9295f6599,1,buy_not_maximum_output,0
17075327,0xddac6cbaabcddd96c06865d9ce801631840ace91d09dfb993b257ce617b3fb10,0x405c13f562951776fcd6c47bf18b5a11e7da8630567363c4361e78205fb3ed9c,2,outer_transaction_has_other_v2_v3_swaps,0
17075330,0x021152921fc29d168c1c9fcd6707e1e49246adfc2e169b726047b26df2e0b5b4,0x9682f2452ce3cd826e109f88285f7b48e2b8067f2feecd7dc5674817686547ae,1,back_not_maximum_output,0.0004806855468574590959247453826623078511090754198589833496431014740489361
17075360,0x25d4de895e7d442e266dc030dbd4cf418700595cf9bdc7e740e3f017b890a97c,0x5ff0a288ea98e6204879d49f148195f2a60d7af34fb1f7c57f66f4a3f9e67f92,3,buy_not_maximum_output,0
17075391,0x4d0a0028f8203be85feade23b94a2c08de6f55db6190dfd5f4b9c348226ab9da,0x2a3fcceee51152dc6b1738703caa8065bc432a0d3b2459a21bdfc944ea536a9d,3,outer_transaction_has_other_v2_v3_swaps,0
17075396,0xa398ec532a213103aa4d1c471fbe3a35017ef38c609614ef4928476cd5406fd2,0xf6102170aec6a10f92c08230dd3c5b5b575917112113009f9a8805509b82628d,4,accepted,0
17075397,0xe372425f8a7203c84e4aaf7ee96209789342b3406385cbe7643052e27217e49c,0xa2bc06e33ee1599aaeb3c958b4f8aa4db67dcf2cce5391d834f8f6c76adaaff7,1,buy_not_maximum_output,0
17075402,0x7a36ae6672181709d5a511071d641a8427bdd9d08ea5c6d4d30519858d91a669,0x0efd7fe3c0c6b033c0381ad0cb41a49d9bfef63e667b79a159e41da402b1209e,3,buy_not_maximum_output,0
17075418,0x4e290b177a66bf389ea7ea03b8d58c44fd4fa63d2f073f1f352fd0faac65867d,0x1fe9111f711973ee5ec03d87b17ab5865c0d7adf0cab7e7b3a080182293186c8,3,buy_not_maximum_output,2.703506400846496055873337158690942679727021689690078128019568358059841E-25
17075420,0xb40b7db3f42faafc8d2a8ddca2454763702c55d29c09eaeade2a52faefe7e063,0x5c190f865f0b0770b5edfd50c11a4c2b43532dc349cccd6df054fe7cb2574edd,1,buy_not_maximum_output,0.0009999999994736441522037825412697387108797784146037887877423266522512377
17075427,0x8f533e672e61f8a1acff13126b2c1a2603d9842d2814e4a55044a456a12d81d7,0xae7c8ba9f9ab218568811c7f61ad5009be21ca020ef87be280d9dfef5e0eb025,2,outer_transaction_has_other_v2_v3_swaps,0
17075429,0x9ab5727fb46f94b5ac061b814e9f40fcb87c3a22449f7a5a313f15567fb7b426,0x3a493716788393f321dabfa6a4aa9cb1045600e874c9f84a76d99d48f40ed492,1,outer_transaction_has_other_v2_v3_swaps,0
17075440,0x5063991ebb1f05da82af6493fb2ee8e9fb9d29805e3411233a72f40751ae187f,0xc9d317e140b3c40cbbc9c6d654e0cbf3c1fdb135139c09deae98c2b66779818e,1,inventory_mismatch,25599.82424503348818503833481997844794250034802963665705933003005944862
17075442,0xaaf48922283bcbb993da39b414ebb91803517e4de38c477c19cab720141e7da6,0xbba894fe2ff7d7b3badb0e0bb5c8d81943c64c8d28cc7e7a9b64a9de20325e72,1,inventory_mismatch,4048.241464169118217594432195514682966568126782010091576769510413576112
17075444,0x3295942680256adcbe22ab64a96084ca8a89f9b10ed098cab72fa7876789b05e,0x198cecb2e40067e4ee476c107e0af213cdd477cbdc6d523dad097e891de08550,4,inventory_mismatch,30420.88664874349868554560083038705205823221081848025589769080605325388
17075452,0x1561d96efc7ee41034f1bb1651f484afd50b47decda37e5e3c7ad67c1f9e4ada,0xa369df5e45e9260643baa2b65753fb54bf1a67154d637912e77e8a2fc548eec5,1,outer_transaction_has_other_v2_v3_swaps,0
17075455,0xb4ae7b2d095e5b42a2888218958277d561de0d45875061bd66e88e336005ddb3,0x068e0a4ddc425d76849464514e34e5fa7f45cb81cf0b0c4c4b25b4d30267ada1,1,accepted,0
17075461,0xa290a5a816afee3e7541e1148919190613b4d47d20915648385669882c9d20d0,0x14e0f52f2302406cab6d8f9cb356e0d73cab6eb320931cbadfaa6f3545d31306,3,buy_not_maximum_output,0
17075468,0xdd391081697714836bad07a6389b21435a7f9c05aab8907a8888a04fa91a3d28,0x854cec21c4a7ad88fd3b86d004e2982cf8df12fa1f86e62c3a57e69038556042,1,different_outer_origin_or_target,3840.127591297298658398955802859335911820901250355910066155684836618774
17075472,0xcde128f02e8b8d5b83faf3bb4aec4f256849b288f1fdb20e16007fece7e68cee,0xf1fc708faa738a4ba7a605a24ba99d39a8f47e62b0454b1adf15f71b6f4ad61c,1,different_outer_origin_or_target,42225.86248510912842239467880350220522415329281264828818029407570213948
17075480,0xbff427300e0270533c30bf10e90f0d829802fd4f9e88b98b3e9b4f2025dbe0e6,0x1c411e22d8d314eb7da32fc0cf6e2b9b55a3e66a531ea47bb0e06cd795ff9012,1,outer_transaction_has_other_v2_v3_swaps,0
17075481,0x162bb4f5d50681a41c8018993da9809b00a7caea0b4a57013a7c799b622d5aa2,0x10b18f350f0046b3acc83d16026e68f4022830946cab264d0279ea3fedaf2aa5,3,outer_transaction_has_other_v2_v3_swaps,0
17075488,0xf662532694e41a41cca2929b662f7cbbb4d283f3723f231e6228b6bf1507a773,0x534b8940a0e861e316d0e1743ad96fbf4fe21be64bf9c3659e2dc36e9f318993,1,outer_transaction_has_other_v2_v3_swaps,0
17075497,0xa52fd109d92a9ef78f1e4de763460262f64a70e95c068443337a5bec84829161,0x4fedb84a386e5718b4a87cd3cd05260ad125588fa4b4b05b32449768487c3ddf,1,different_outer_origin_or_target,1730.717258152252060452804641812123907858872672222884855513999095893295
17075501,0xa720b815f57c8243577b146a1f917b62629e6c29ac842240bab34cc54aa30f63,0xd38f4ab602b0238c76037567718e62a991c5cc7be5a86cc7445d76016690fca8,1,outer_transaction_has_other_v2_v3_swaps,0.0009999999994736441522037664997375731555898166865869553211493200898552206
17075514,0xa383aaae2f9f8be7bd37036aa63344a175a8c72df983a2cb9e402ea8f66e2803,0xbbb6d990d490da4efedb4b7ce33c490d9f720c05084c69b1910ef801425ef54a,1,outer_transaction_has_other_v2_v3_swaps,1.233886980002330828255758626565699474123605761335320050737767456720349E-25
17075536,0xcd40c0f4ad366f92c08f8ece4a88c797d8a431dd33b00252b9c1f0ba66a38f40,0x4a08e32b50ea85b670a702d339f30e20ad13cfbe45c7db48ac4e6e8bcad2247e,2,outer_transaction_has_other_v2_v3_swaps,0
17075543,0x0c33a4a2caadb3d724f52af2bbe38aa8297cdf87b2cfd06fb7b6c26584d9f3cb,0x06bf4bd648e7ccd7f00de432a0efae20800619fdd8364e7ebb57d0e4889ebe23,2,outer_transaction_has_other_v2_v3_swaps,0
17075560,0x6132607483810295c41cb1dc2183b39bb1a08fc205a65e8d029c20d976844c10,0xf3c045d5d5417deab821fd3cc92b040e73c524cbe68b47986bd360a46621c433,1,buy_not_maximum_output,0.0009999999994736441522038047647109156756359160594267026609016804199421490
17075564,0x7901c3dcc21739e95fe3bb8588896793e6b9ad9a090497f95ec0996206bd323d,0xc4e3933b8278bfc346f5bde95bcbc0f231b23e2549e5cd6071102a6d097b1c84,1,outer_transaction_has_other_v2_v3_swaps,0
17075565,0xbde27ab9cdbe3f39343fd094538aa7eb1dcd5aa997b92f9cebeb82d893f52e54,0x7ef4e34fb63b994f31a2095cc429b4d12a896b0d1a91e9226a822d013cd72452,2,inventory_mismatch,3094.197819216987542323551533912174865282262666622421228199328655175255
17075582,0x8b22cf92e200a0bd65bea2bcf3d58505ffefe6d607050f5b22f0afcafb8b857b,0x71fd1bc2eda81fdbc82d46c934ac0754e61aae95e370119c9c7b1e8783f12309,4,buy_not_maximum_output,0
17075590,0xe8a10040ad8d88355a56bf0788639a7c6144064b9afbd0e2ecbf0b683f518b13,0x5a22344e04ae1d8085d160dcc8bb749b04c0fae715820b999cc948a12291bab4,1,back_not_maximum_output,0.0002793737954333354757875279696320101347583313616543519240441419129957347
17075605,0x272bd98021a9af34216e9b1100e6a4c12bed06ac514f31f245fe3d853b268f25,0x46793dbcc8a9307e2f1d4bd2ab96844bea71825c3f194d96d47b8d26520fd16e,1,different_outer_origin_or_target,7636.427445507687400581447266332488010114858255715298670675253115560180
17075612,0x1ff5f74dffce2bd09ed1ff9e53b8f81b5d6103ccacc3e665a73c0c5d1103f9dc,0x0c70079204e67234df13ea8331570a180a3995470a54d2a3456dd705763302af,1,outer_transaction_has_other_v2_v3_swaps,0.0009999999994736441522049303319674260020882383914690537983948027010418761
17075617,0xd670132b9e9881417df39b7603d67922cab4f51cd1e6f7acb2c16c4a7ca460a8,0xb2dc9a6eef6d7a86deccbead99f483063d3abd5cb5a8691053701913a6fc12f6,2,buy_not_maximum_output,4.067901966509345347448588169456153843900973842435087193476448822342341E-25
17075618,0xef1cfe23fe54d3990bd24f40bb6377e7d7eda6f24b79a973d548ef5fa5b44354,0xaaff04038e067f21977946bbc2258e00d3977813e753255ca05878e5a64e8b7c,1,different_outer_origin_or_target,15300.71293397472828469855091715133563805716380402679185948868860404587
17075624,0xc1c8cdc72cb14aa3fedd3b1ba377933c50e8c813e99c52ee5119032582c33a90,0x97d4e14009fe290744c5c7cf361673fac3e1c138dd2c7563e077eaa0b290416a,1,outer_transaction_has_other_v2_v3_swaps,0
17075625,0x831a524e759011d4ebf74b7b5beed2b6de3e25c49361406a44ae3c12452f1c90,0x0431ca5d93ae968df8678216dbaa170248934c7f1d5094bf0ae7708bf8e9c56c,2,outer_transaction_has_other_v2_v3_swaps,0
17075630,0x9e0fad67fab5715e3a3fd7ba8eab46b8205fc0093401b26eac6e8f3df8a750ba,0xe9ed7a0874a799ebb2b3186ace5d7e8a058ad7a7bcf2aac9a4187209bda86491,1,buy_not_maximum_output,0
17075636,0x4f8f6e951faa608c3f49110c656e0c48d122cd99111587f094949815cf6dcaa4,0x794771834946d54f7a566a32f0058f709294ab3b55f89c74bb740556e27de370,1,different_outer_origin_or_target,5255.684261817676793864166490021384373584679591576925703360325728380545
17075655,0xced7877cf1269175b01eab17630b0b0aaceff8f84e2029887874e3362dedc917,0x4f6df5df9cc975da8444a47f655d74f2dc351d714fa0a28dfd2440b4004aec37,2,different_outer_origin_or_target,28389.65775390733768698257783251518025910946878630645980482545504810313
17075655,0xaff87fdd869219124b3d5b2bc0c480be550ce6f15091069015ec3b9c83ceb099,0x4f6df5df9cc975da8444a47f655d74f2dc351d714fa0a28dfd2440b4004aec37,1,different_outer_origin_or_target,124555.8227447112730952324263020854168341059672896014782780908966497399
17075656,0x0ada55344cf62a77a798f7bf0a19d9ff7b7b468f2b0662f296d50a713be79bbf,0xd21bc86491c879ff1607f8b8c53e505fffbcb43813cf50568f53c053ac8ff10b,1,buy_not_maximum_output,0.0009999999994736441522039201923444154907902092582336584299204952323242669
17075666,0xd9e64e3151c9e5b357824a448e208a14eab2c96221c2b202ebb58a08f73268ce,0x157ea4d7a4f44c5f856eddb4387aae95bfaa399097f722dc03a13948173e0be9,1,outer_transaction_has_other_v2_v3_swaps,0
17075670,0x209f1f3bfca658ac42e9a56c909daf4811953d9cc2d7be48899f2c5ab7b02988,0x78873532d3b1b79c33f6191bdad9ee1e6e5ff71b41859132a13d50211cfe546a,1,different_outer_origin_or_target,4314.866187980146220466145818933031826116214502168530483479162575939034
17075672,0x46da62b72360bd92fffac62b929d175e65a2afbc4c2fadafb3be48366367ef2d,0x4fd5ab8ba2934f55c6b314313c6aa3696e6f5fe0f11024fbb386874f2137a639,4,accepted,0
17075675,0x9e2619d8b43335301ec38d24640e5b32de56fc911de91e1e82c7633211f91a38,0x661d4ee518a27b00acb1ae7e5dbaf99986752229baf4b36391d132b5e6b2d235,1,different_outer_origin_or_target,177596.4960511537656177348837289568836924066323902052814302508422561652
17075678,0x322941488a6f9b8d1e0bd24590e81ec1e24e608696ffb327d4bf84757fa861d6,0xa3d94d8b04b975c2be085e886a8ca31de865023e10e4369889d8dc4733950f33,4,buy_not_maximum_output,0
17075692,0x76ba1fd7d99da354f89561ac9b173a2c45bc616a5e85f0595eb30c6b8d347edd,0xe5ee9bf6e228c17a824968b7626dd54ff99b2984ddbf70eb57d42acaa723d322,1,buy_not_maximum_output,0
17075696,0xff369d330f50e488e681e8ab3c1a711d8345f9b7da080d7d42829ca457245f20,0x857e664dd82ac3b61c621bea7b11ce1aec2c88712464445f410243afabe5b3d6,3,outer_transaction_has_other_v2_v3_swaps,0
17075715,0x5de35256e6acebc2644914bdcb98a8d4b443961dce87f65fb94cbace850c587b,0xd10cef09edb4a17f54ff21f5624c599704f629856e1121dc27e5c13c00ae4ea6,1,inventory_mismatch,7433.670996246360010895263935804849570848614137402829798080415542125919
17075721,0x59ba27063ac24554ebc86115e078b6fb7650dfecf5e0090558c2ce5b8298f35e,0x194ef18f83a193f68fa511df48c5fe26ec4e5a1e3fe97f80c72ca2160c8b5717,1,different_outer_origin_or_target,15110.64035155384913570257846190973182027384103812359048438456096635788
17075722,0x1b5f71aa1b83b892502f3b6f00d5c1a3d48d400dc5d815ce5d413dbc3db5ff12,0x27bfe8c46917395ca6a35a0cb889687eb02892b0ab5f48c50c04901c8afcebc2,3,inventory_mismatch,4316.398320762228493715110682696657346233480185672017127756877866849273
17075726,0x0e15d427300fda3ea6a8ed6684492305ff1a9a14764fb826f2b88dbbc7f3a8a2,0x979e4a529cb334a8e7e9b57c9c41feb26073a2b552192b4932905d3208867d91,2,outer_transaction_has_other_v2_v3_swaps,0
17075738,0x0779ee45fbc621569080f73e946a1601a4d77553f29379cb0aefc007aaf57457,0x1307ec7e3fb972c24ca538e969462094534cd5c5fc8a5b0f28f2b9865927b50e,1,outer_transaction_has_other_v2_v3_swaps,0
17075741,0xcdfa9db9500043830d7faa11b0ea62c190b105253df71735629c52cb7cc93187,0xd85dd6c05c3cfdc850ac055521195579b0b5b1ccaaf3ab775245d6f89951df90,1,outer_transaction_has_other_v2_v3_swaps,0.0009999999994736441522037281856760126561083023712556592021475426256605192
17075748,0x5793abf8e234ec5d05ad96c920a85475fa7b7334e1ffa435ba3c2c0cb5276634,0x5274a07179e0bd85a2d6832b9540a7cc7d18b2dcfdc414bd8fff7f995ec20148,2,different_outer_origin_or_target,23509.10420563671760164195644017350853398809865442607287700839962290001
17075749,0xa8ddc3aa87a9c684bebfef5ca89257881d95e0f6d7ffb507a26b7bada907b9d5,0x814510324f7f0c211c00e2800f68031ae34722e6abf7f9ea9b0e455249b41d34,1,buy_not_maximum_output,0
17075752,0xc4f462efd7e8cf40f8895c3587bb4819fd4deb861d6175cf0817c12b9c9fc40c,0x6c92e922ef0563557006b1480201d8e15c8382bb7284e6ae674e1ce434b5cd98,2,buy_not_maximum_output,9.612253175836690494635637429823921867965366106092385819351553148536650E-26
17075756,0xbd8fa82f02dcc2da9b10b0c635494472656e6b9761ab157a1cba39bb254c140f,0x7ad4bcda64d647a9c44c97b05a6d7559a7e948520a3885752a42cdeee552e95b,1,outer_transaction_has_other_v2_v3_swaps,0
17075762,0x464d3d1d021d9027200f47c020daed9eb233858f7d17006b45fa555c7c9c3da5,0x0041138c729c312e60cf193e66562e35ff2949186f472a70e5c8d6508165c5ec,1,buy_not_maximum_output,0
17075765,0x80750a3afb4118a3df8039ad733101ae696fb60b6881c27bec21f0db18f124d5,0x08064be525c6300820fd6bf49a96f65858d1e84922021395b80c5929a7fea672,1,inventory_mismatch,59447.95253228172264258224971340363266660544905584578797498455996465391
17075769,0x79e7ef20d81f93f27442f1da69882f54dd6f7eb38af4decad23e37b2e0ec245e,0x367b69de093374dbbf180a029bcb208993f942cda90ac712284da6346edf7b9a,3,outer_transaction_has_other_v2_v3_swaps,0
17075793,0x35b6a7d992cc788d1180f3acb732c771f1fd2a91d102854deb87a63f876aec1c,0x84c73ec7d377e545f471475d862912734e5cee3914a224a5d96fa106375e4107,2,inventory_mismatch,57932.43871792310227917823749813346535571235459844213235706675591691667
17075796,0x81051929d820bdc0bec884133e21d82076dad974cc370f18a10b5c0ca74f9f09,0x9198858ec4358a1f8317b9d6295b9cbb168f634b2abe88abebf8b79cbab3abc3,1,outer_transaction_has_other_v2_v3_swaps,0.0009999999994736441522039211675149739470134553082504912969705494583595116
17075810,0xe09666053e3f4108eb4781cd2030839a579c521394ae6e0bff7a8ca78494b6c1,0x7aaf68e889a7eb83221ac81ea8df77d149ab10e87db3b8e465bf0801b7c65ef0,1,buy_not_maximum_output,0
17075813,0x281d12ef1dddd89d83a5b22bbb6bfe0e6f1848f0787fd5578734929e957b322c,0xf74d18277273449171149c7c93949a98492a01322ffc898a11c5bd24a330e960,4,buy_not_maximum_output,0
17075821,0xc762420f01f19ce709ab11aaa031adf9ccc24a37e1f648068fbedf24f1a4b3b4,0x7c9bb262057e38d28778a3d1889c4e61df8458305c81046769acfd52c36f9014,1,buy_not_maximum_output,0
17075827,0x53903beb74ca11de8d9964fa690e4861af5fc0b20e4d31e34cc73955a9bb80e6,0x7d696b5b2cb1d67a6b02b3e767cf0795cfcb2b4b4b2cb62600be6243bebe6d74,1,buy_not_maximum_output,1.717092065344936855689075743695009074094908496863348561130089243389148E-25
17075869,0xf26befa512a30f03b239df5fb92383006702e846ec9e9c0d454fe16334fe47d1,0xd556b157c412e84f13b5c79e445dfdf5e0c6534b297602c0df84bd01d8304720,1,buy_not_maximum_output,2.639688871095628822315182931487713045125830960030068293334597260580332E-25
17075874,0xb3c9c789da7ddceb0963ea1049a8ae826f9394d5e8b0d77d458be707785f959e,0xe904630462996008c50de7d55d51cf6d6fcc9c92eea303a08dec2477b3756b6c,2,outer_transaction_has_other_v2_v3_swaps,0
17075900,0xcb17b819c3d88ee45c536dbf420b497c743aa8675ad4fe2377725ca296de9e6e,0x3ed0c0d817ad3493adacfb74f50dee6b0f5288fb5459c6febb15a532581df56f,1,outer_transaction_has_other_v2_v3_swaps,0
17075901,0x2b9fdf78968bedce04589c2701821a413db2b1663425d79ecd5c4d0deebe208b,0x91f41de3eb1a9b9c17691c5f0637bd54db6c1c062e699a459918575c819e661e,1,outer_transaction_has_other_v2_v3_swaps,9.757304853917328275207464175965678595428921156247205667873201892009783E-26
17075912,0x3e413e651e6d0235348fcd8e3c2e6d8f9f5b59833491deb05f28152f470a643e,0xe29d0135f5f5da08dd4b847b6694ba14a3b72923663481b7be517f407b06fa9f,2,different_outer_origin_or_target,8338.951596136571205582293608190266411184617128731944276509107532310309
17075932,0x4029aa82ee6b4338f8815f204b7023d9f3e72a3271417d76ece34dc4cd5126e6,0xbb7a33ea1fa715c9e4a0b00f3e139a795e01e0176bf41c3deacf7f5804d7b117,2,outer_transaction_has_other_v2_v3_swaps,0
17075940,0x3e2eae4239409d96470a6790fb163272e0337114cc219ede7c6a9213b54056e9,0x2d6d4ef2c9817a15ca03cf88a04bfc9d11ed2478e2277cdf1cbb1e9e5aee37af,3,buy_not_maximum_output,0
17075959,0xc9f7af069d5faa4c14904fc1208a870d100e72c744c54ab77457d770ac30a774,0xded934ccdddc0978340ae6b5025ab142c9e3403bff75e70677ac6c825ee8782b,4,buy_not_maximum_output,0
17075962,0xe8a1c132d59b1892b65434cbc05783847de4c5ac86363501caae95096a72022e,0x718397016be7ed153689e26d7cc43d45647e4fc05812ec6bb7bf2830d9e7a4b8,3,buy_not_maximum_output,0
17075964,0x97518707ab8800debd76c40b8ec1ce7502c497ab77efb310e0cb2d70fe7776d0,0x41d06e10d0d76ece519f96beadbc0a3d7fd93ff08d4490a66a0bcc3fd6fe8faf,2,different_outer_origin_or_target,24063.97484646247400713276687380859136705549066827752184943798702604931
17075969,0x1befc223596eaa6d221f169953ed5517d34495e233e8b458ca2b31fe2b902507,0xa65fb6dc118359620bb5ffcd5e2ceb49fc325f34eaa1479872cdedd78779697f,1,outer_transaction_has_other_v2_v3_swaps,0.0009999999994736441522038112627309267646705499695456406545385077198733561
17075973,0xc3f16ef11e1a998b87bdd7b8fe669c5b2ee0739a10f2971d93ba9836d67139a0,0x035584515a9e948515e40d0e09644b4af8abadf4fe6906b6b5cb2ce1ecba8ef8,1,inventory_mismatch,3599.874311104382636478573642536427145338267877891048679771855235878799
17075976,0x13d5293853d0646dfb959ad17734c4c0a30985b29fe12f29178cf61b87cfeea4,0xd89b585cf509ff3042b898f4431823c861cdb3fd05e23f47aaa5b400a309ef0d,3,buy_not_maximum_output,0
17075985,0x9fe3a0cf0861b577d13dbb1975def0d4a1cdb7b7834b5520033a27398712c304,0xf51781ad76adc0ce7ca541fb05ac185b76460d1a72bd3a6f25207ea7607d503d,1,outer_transaction_has_other_v2_v3_swaps,0.0009999999994736441522038612870490936711630469211874071979074301974342139
17075989,0xb3c8c2424d07e4e647278e835df54be3028f092c7c47fd0fe110f4790a46668f,0x683171f940aaf9d78054abb7c197b4cac344bfd3ef2f89842050ff47e5a8aaea,1,inventory_mismatch,4190.782705990105877951869036187529129295819275816417317391899343400749
17075996,0xf260f44318bd7ed1ef5efdd17efd22ea5dec1d61554bfb4294a26cfb089a5ad6,0x4260a17fb4b0170b3bbe020a65b3a7b7add87d8cab0d6490c664a5df58c5dcf4,2,different_outer_origin_or_target,50821.85974492199024189906187088509427980282776833365373080610676109420
17075996,0x299098267fb6856f46dbd8d234c9c4fc9252bb0203f1ca83e3b04b64302b0062,0x4260a17fb4b0170b3bbe020a65b3a7b7add87d8cab0d6490c664a5df58c5dcf4,1,different_outer_origin_or_target,160.2269316265060536941825888419028582321761675246092447780502221720125
17076001,0xd1db5245fbf8f4927b7c1ebdc65244db427ed20ae8e258bff0f8b315a3618727,0x5b9dfc4d0a3602ae05bf54cc7d41a5d20c0ad34287e95c88df3d025ab186efd1,2,different_outer_origin_or_target,7982.349126391925109160572962564589655268403080013922550297493988175690
17076002,0x3aca3a744297bce901db96d606e6d4324968142299cfc74cbf0a71a756773e21,0xf95a4b1c4e89431a3418597e4caf2fe37fe292db728a3058b05fe125d064ff5f,2,outer_transaction_has_other_v2_v3_swaps,1.358960711210757879197772336321443257339587167361462232127465531736879E-25
17076005,0x3457a030e13b3fc20b5f93506bdd740725f36202d7f04c5fdae7e5d79e72c74c,0x4cfc3dcb9cabfa0406aaf808b401118554132a271a81b8a194724c6a63a3af68,1,outer_transaction_has_other_v2_v3_swaps,0
17076011,0xac0dd5ae72b78595221727d0b552884d2f16083dc6603425379307d290c81666,0x041e2782e572bf519cbf1db766669fd595de327ba60781697db59bec2a8b3b84,3,outer_transaction_has_other_v2_v3_swaps,0
17076012,0xda7328266f57f2dda1a0ee1cae5060cd267fbb0ffc8b2f5a4f585ed41dfa4ba7,0x70e64830671189e7833bd77f25c1e75d7f22918fd253b92418ed4865d0053140,1,different_outer_origin_or_target,4942.496066678578953349843674162830066432224787108365588302273628159338
17076019,0x4cf1394672737d32215abef819a0ce35da54294c24a7ceb0d4ea2d1abbcbb718,0xe34710097a5fd84c4cf89497da9f19b3372848ff199f31506bf633d701b31847,4,outer_transaction_has_other_v2_v3_swaps,0
17076042,0xb048d1ea7e95128bf387eed5db78c5f22e3a0663ac10912a02577eb7c1323f52,0xbda5c166619c86feca01c20b6a7ca3ecfff5d8379839b9cd31c8c39610e43526,1,inventory_mismatch,2710.499307230461333196489967670754862215836198491301893570072355929594
17076044,0xe5fe1ac484f913b2e49d349a1d1487442715c10b9add1baeb8414d519bd4d803,0xe7236b8f305556bfd9e5b2c2efd6992202c5dcee7dc4ab0fb1af0892fe32172f,1,back_not_maximum_output,0.0004739113759229699952798560152987130336129698842390173821978100603117719
17076063,0x57e5f8a16b68c365c1b56279a3dc3c3dd1fe05d8240708e0d53050b99df48cfc,0xa96f56a15229c78e78cedfb8631052336b720c2ae4a54acb451543c883adb6db,1,outer_transaction_has_other_v2_v3_swaps,0
17076065,0xb5acd9433e87b869efe1b17d8080f6544c1df3fc214e165a077cac183d3a8a4d,0x28513ddddd9af5af9e315d51773e66c73a5a26feeab437099308ce2e78b06f1d,2,buy_not_maximum_output,0
17076066,0xd688f274c59b35f65082462e6fd86084b4ff039bab0580e86823abec5e03c268,0xd1e962e175568fbbcab2da93ede30ca52b89bfb1d33a00c8e0d09000c1d8ed01,2,different_outer_origin_or_target,12506.36508850796884698573672799759802871814011406153240908021913610611
17076070,0xd23ff4d827d13000884166fa7d20bd6f32bdd37dc91ebedb6da962a6c60679a4,0x50c7146f33dde081098ea7c0db829f88ae3a8d5c7243e6e3267c1e6b12b0f756,3,inventory_mismatch,21034.48977535866974902214055674778456993653566242034020758752915919936
17076072,0x1c94aaecf0c004b7383c7cb2ae6903591bdfe3f84e5d732262bf09edbd9f1a6d,0x8d2b8361391ccecb547b96e931e66cfa66b7bbb8b64db7c0e6896138decff551,4,outer_transaction_has_other_v2_v3_swaps,0
17076075,0x5efedf7ca5017aa9d70d05fd542014cd96d3d6bc63cf4734dcebc38fdef3a565,0xf95d1705160b775a6fbc3c7b38bb02e75e04351c566b4bc3d8fbe0ee2233a851,1,outer_transaction_has_other_v2_v3_swaps,0
17076082,0xffc360a1ecd8209fa03714ed4a86b9a68c12bc2320740faa9aa8819854f4416e,0xdc6ac44304448a13f749e2b2e76a77622750d05cf1c48e8f556d4c357093561b,2,different_outer_origin_or_target,55815.82638051617111477658247549591987777221484683172404042426284275987
17076082,0x25f3387b3b91b700835180affa1eb633f680de690ee65bbca963c5f6d4770c78,0xdc6ac44304448a13f749e2b2e76a77622750d05cf1c48e8f556d4c357093561b,1,different_outer_origin_or_target,894.7899178341145415654352987963823968459941208692362615946816107214642
17076086,0x7951682d05b7a53ce3db53a04ae4c2b8f9e7553c7fc4a8eaee4642640831977d,0x78dd4272095b68c785e7f3e10fb69a10a0ceb479829d7688001857216c0ba60a,2,different_outer_origin_or_target,6479.528657533651649536141337374210694078084238097805767582191927242458
17076093,0x36e45a4880f44f04ad976908512c2d763298aa5cdd473ec4e69be27ea089535e,0x6f9686b025faf956964f29a83bc74fb4ea208e9d3aeed234518a3454c014e540,4,different_outer_origin_or_target,6270.109924191145401649975868807652957457019397365573427209557408614831
17076095,0x75292fc469647e346995058cb48d83c202de07a1bc59fed715f060a0d331b009,0xabb016b8c4bca4183d925c9cd1584cf0522ddb0c34bd8e4ba1bcd741f0dc7eb7,1,outer_transaction_has_other_v2_v3_swaps,0.0009999999994736441522038392314587701342083941386546595765591378845675774
17076102,0x210b233d6a7cf381f0889e95618e6a5002d4cd02c8fa0a26c1fe629623360f5a,0x95536828e6c1e351e5907f63e697512827710e1933743d48cbd326f328f75472,1,outer_transaction_has_other_v2_v3_swaps,0
17076106,0x78a612ffb24013f5a21394e382f7b4c26ddc78998ba8dec4995eb9eda09366a2,0x4ac3a171d5bf3f33b35f6a9d81c43831591a1bf050330f45b872f1dd324fea5e,3,inventory_mismatch,18969.02281537657171266752641255262425271830384105773822703921098697484
17076107,0x51f3b1b94e3f2cfe9102bd52a509631f7ed0ab9e02573ebc07c872a2c4e809c8,0xe3a3c18ca7e3120b9d0d8bdd553038d970956840ee8e51af47237a485212557f,1,buy_not_maximum_output,0
17076120,0x348bc824dbe4c69d9573e5382341fc2feafa807fa3a37ac61ab1842725a611bd,0x2b13a87d64fddfc5ccf27d27f5e0438e0505eb60526f653e21f30d7e3c983549,2,accepted,0
17076121,0x512d70527bd84554333faf710ff3a5eded8519cde744980c1fc52f1d9dbb47fa,0xcf9d2f4aade0023e1cd379f53bf690f9db19b17a4021fb0006f19831a87acc52,2,outer_transaction_has_other_v2_v3_swaps,2.815811169409782769497895391762661630018041764020390082410452079357696E-25
17076122,0x5bfe74d9448e0a8b91629c0b6986ab31d570bd2533575aef79f6a06be7dded81,0x9e1be5f149be57cdff568cb6a1461f212d9566afaa9fc8eac368349ea68ca5ad,1,different_outer_origin_or_target,32789.91017131265775778851453400967778995308168717123708736177108686986
17076124,0x3e1dd7395b947cfd8a0916818fe750a1aa0f0a231d496107624337011069ec9e,0x2fc4e826c310cfaebb3c3facae042dae4b1f47bbef16d287f052b15ad26e4cfd,1,outer_transaction_has_other_v2_v3_swaps,1.996521744284422488411477864437854717428573676207936139474686355920014E-25
17076130,0x770098f0676c452472192f33f82588af4b4a2478cb675dc855641ede9472397a,0x3f3c497fc85575c38dcbcc30cf0cdcfcb9869b24e5037d7fdf2196edc4f851b1,1,outer_transaction_has_other_v2_v3_swaps,1.695205888910793596250856136106181718151557983782336275899533741335706E-25
17076142,0xea52a331b0f5b2595094b1f0bf9df599c5acc1efb877a0b72f230f7f3a584f37,0x1de8dc39fea923314e664e117aabd5be8addbba18b103a2bdc1897cdcf7bcf3f,1,different_outer_origin_or_target,8892.380005766177379747824926517683293360492781208831838264451040929634
17076146,0x5616928d37d7d04a167d6676441b5832aabfc6a309becf32a573be47a675cbd7,0xa89035f6daba7e4ad80eaa05246e75bffc91f05e0f2199c3239f49bad7d7c6a4,1,outer_transaction_has_other_v2_v3_swaps,0
17076147,0x9a7fab877a732495e560fbf757c2d86c10858ecdbd5f1d10b64d0f2ad457e91c,0x41eff46b8da3b21d9e02f9b7efeed5522da0609b0072e0826f2ddc79cb0d813d,2,buy_not_maximum_output,0
17076156,0x1d523b689e3820f4ba14474749d9b0906af09434ff2bff10fc39287256f0fc85,0x2b07554d82a817367ca1db115440963093d5103ce5561d0b0db111fb4a84d7bd,3,outer_transaction_has_other_v2_v3_swaps,0
17076157,0xa09a38d68728217c8f7ca4205043644c579e4cbf2537a04dad0bdeb40d27a892,0xa23f0763f72062c018d0f9e349c8308ba8e99e0d95be6626801eb4f6a0c7b238,2,accepted,0
17076158,0x7be2fe4e834b03cfa1cb5704a6557b45d2da0c789a2221a21c5799c2b209be78,0xac441c1dae762d62616f8741f740bc75b6928270f3790ca9e84c18f9695f8c94,2,outer_transaction_has_other_v2_v3_swaps,0
17076162,0xc7266f8f4bf736db6898ff302be90af4dcc0ee0d42f706da3c314247139521a7,0x3034d12b05b619db8b0211fd4852f89918dd70ccdb8b828523982af843b31b74,1,outer_transaction_has_other_v2_v3_swaps,0
17076165,0xdb65418920109d161d78656f4f3bb381bbe2d129afb22c7da5bdd52c7cb86a61,0xf85614fecac24e5e45536a55a91045b5c9d5016f13a0f5451d3c1a63a65bed8e,1,buy_not_maximum_output,0
17076168,0xff0d837673e28ae75bce080714c210190f1e26ad7fab34663472abf95174cac4,0xb4064a6ecaeffce86501ad837bc5517a6427c622f144a81903bd967b30117efe,1,buy_not_maximum_output,0.0009999999994736441522036968285360160155098829758181369661178635896862381
17076171,0xa837723c22bac9f0be17ef9cba3b07b1273e8ab21b488c82aa730e4fe49abff8,0x496c9aebfe861a988b469b630c0bd23c7c7cbf5fda797953a8bf6073eb490d94,1,outer_transaction_has_other_v2_v3_swaps,0.0009999999994736441522038818432220918788084450292446568991776755654278094
17076172,0xd0b577b06bf35e280befc745af0a5ba895b7207d8ba7854109e307883c110e75,0x093c7b7f7f5929fb965253e020ca0995f1bfe334b1bcd52a0482e69d7f33645f,1,outer_transaction_has_other_v2_v3_swaps,0
17076173,0x6b94b0ab52f900dbf8c06e91a2cf792db2089f029119f09daf35386bb2e87504,0xf1ed2dfae5f6786606b10880ebb60b6d73e2b5a51788415d1864936943672d37,1,different_outer_origin_or_target,47698.41825914428157217355502885018683254814884405021664223766179946029
17076185,0x3c19d2c1ebaf89acbacabaaf1916949475a0e7e6781ea185fc7e696fe7bed2e7,0x7b5e0244b3c21538e6b1bccb34ce9e62bf165a42604d3c5295fa5e4fc1423641,1,outer_transaction_has_other_v2_v3_swaps,0
17076189,0x92ba28eb0d4e8ad6bd6525e2d16e8e08261622c30319cb6057baff01a1217cf7,0xfbd0fbeaee1011fdae0f096e174ab96625db387ce9c967af473668ba8a111e8b,2,buy_not_maximum_output,0
17076191,0xdc2626d682f3a1d7b3c7741cc15d97bd8dd18960823705ad29e42f6389daaa87,0x2213cd94158d2e812985fa8622fb75c684cf18797d0ce6869b4cd2a81093dde2,2,accepted,0
17076197,0xd05980e333a0c2bc9893fe60679d9391c8720ca76b4f40ace5fd22d0c827e7c7,0x206b5b62f77569b67e3bf3145a29b7e117c29c4502f30178da734c649a68c6a0,1,different_outer_origin_or_target,5805.501427139683297307911642010631694085733357509912912819974182724806
17076206,0xf9f0e455b36dcec0cf48eb211d30499b1815cec2f02a2cbd52681b83c637ba3d,0x74c8dbef20d77cd9c82bd64300de58a213c00eb8e3d0b9f3e7be05f8d4599de7,2,outer_transaction_has_other_v2_v3_swaps,0
17076208,0xd161b5f16dea4411036c2d4641edff21f198124f119c7b1cdac54f509ac5e5f9,0x4c2ea87a1797a540108d8e60a265d70fa2f950c053bd59e107acd4e4c2ce7291,1,outer_transaction_has_other_v2_v3_swaps,0
17076212,0xaa2eb2a69a57799511b555ba63280ea06b54678cba8b473e748158081a6182be,0xbc212e30f95f55d4a3423318a7f1683283623cbf5284478c9f2ce8cf55eba98c,1,outer_transaction_has_other_v2_v3_swaps,0
17076220,0xb8d4b40682896b9b2fadf6560a77acacbb6cdb59bcb5dd27b1303d5e341bbe84,0xd6e9a524f0c72117eb444d5f6793b9ad716c0a5354f09cb0936fe09d07c0c500,4,outer_transaction_has_other_v2_v3_swaps,0
17076230,0x302ae1a07cc94a443f85f1afe5fd0e46e790de3405c98ae0347e3c695668c9f6,0x5400afa7ffe9cb762a365d83969a8ecf1dfabbe6b0cb83e52c33c6637f4e2e08,1,buy_not_maximum_output,0
17076232,0x1a8dce9a0ef8467661dd0d6d7e5549948f39145a88ee168f0e32d7095ec2e729,0xba335fb67a675afb05c7add2f49450e8d699ccc89d065e542fe77063add6f795,1,inventory_mismatch,2672.358223419966449890740970816433271773489611302080236735293843610879
17076237,0x01856e76d97d61610770006f0f5104990343fd6d8fc7f00970d653fc57077bd2,0x52f4043e868cd2c07bfb251b1180dfaff463a01ef7fec7ac0799f79e621beb2e,2,outer_transaction_has_other_v2_v3_swaps,0
17076239,0xc0c84593427c5ca5d81474f2765d14e634995057d245f93fa5ef2bf0790baecf,0xc08dc2da1688eeacadf065c6beeab21f24cd708c8776e10470ea22fff27af87b,1,outer_transaction_has_other_v2_v3_swaps,0.0009999999994736441522038084288674781601940364913147230992723905291444062
17076245,0x5a3377d252c8ebff5514dfcd527dc3426e60879c3feda5aa698d9f66898e4293,0x4f7e98bb5e56acd69fb85efd2280201288bc551c279fe4c0a07fab21e3a049db,3,different_outer_origin_or_target,22227.17247284728493004103205801211058090589959270011238385461791965408
17076247,0x1f5f0fdab79267d2586df20edff320bd1e73c029d93611cb6a09f37f50f2e76c,0xf68429b3a0f502eca6c7f91cb2a3ec75760510b90e3230d1d832cfa0100ca1b0,1,inventory_mismatch,54368.28009379694013186028526607340271504970887585463168996620169279638
17076251,0x1fdc79516c10f4118ebc626e709126c0445fea3eb3803dbc82a47ce3dfbcd249,0xf056da0b44ca6f801343b83d4c8418ece44e418c7fa8b03fe7a74af326e240db,3,buy_not_maximum_output,0
17076259,0xda1c250097a033f8a6e30e4a435107c7ed9f5302b9476ced1d0611b7c2713cfe,0x33f241dda898e0b4a9e32f845fc948fb1b3de1ed8403fe288c81d0ac8570c341,1,outer_transaction_has_other_v2_v3_swaps,0.0009999999994736441522036963056915638188786710149430284260180805424130215
17076263,0x431c0530d1df6eb81c7153a8dbfb6163f45b33a867179cf680eac89177604cae,0x00789c3b2219234bf04c2e6d6f8ccbec3847f56b1e5f2a296320ece4c5900700,1,inventory_mismatch,165395.7566610703905671368101921716638499401314457156739550368868195724
17076268,0x65f3a1eab76f3916a365c29ee525f54591f26697f6db65a37f345454d54a5530,0x81c6ac02e9c9677f286d8e35157a1f322d086e48b6e6afa091becd28c698f51a,2,outer_transaction_has_other_v2_v3_swaps,0
17076278,0x41ebb2503d7b1e0de3a2b3993322221afc6da9dcc37b79000f8e278523392b93,0x60a14ee14daef446eab8bcd9c1197de96f18e037c01a90cc51ad59654a024dbd,3,outer_transaction_has_other_v2_v3_swaps,0
17076280,0xf7cae2de88e759c71a9cfe16fd55c45396bac753a3b3c116d9d2d2cc1b3314a2,0xa206d397be66ddaede1a44ff07a518ef965fe93acc8c158dd7256d8e283eb9e6,1,different_outer_origin_or_target,282.9507714684369476890768924144745848623603853937498619224091676662538
17076285,0x689822b15b7d56ebfcce8ebadb357ec669df8d22ba391036616128963b84e623,0x32ae0329710ecf950ca481ced907bb499c6fe96023357f9d1ac7a4c86dcb8157,1,outer_transaction_has_other_v2_v3_swaps,0
17076295,0xacbaa3f586efe08b006a02e7a00049774ee320eec1012f10caa5256af2c9ccbe,0xa0c8cc30c021bb1541791215d5b1de0e691d6e054826cbe0a3fcd541000a48f3,3,accepted,0
17076296,0x33528f36699138ee2f3286e8ff25e11899a43319d3769976704f49ece5d82e30,0xeacf04079e667e7330ba07319596e3360c0be3b10fd3e0a3ec1a556374df707d,3,inventory_mismatch,3088.636661099514175826237287664020197672622082583575395278848827089467
17076307,0x16680b4bf83414b37a7ac18e0b5550343dc9e8c9a9ae0e8977e6ea7bd189f622,0xc2e86d57e783277eb3c76ae3ee613b1dd890da4b4e4a1af4541abba9ee027161,1,different_outer_origin_or_target,16466.16127471692737055078241165621571219699761001425878788739023529206
17076313,0x666b56d6d934982a86f792caa9bbc5c1b06076a055c627b5184415fd3af3ff49,0x41cb63c66ea66614b1011c1122c527a15ef85ff61589b8f3663b63d7fef3b11a,2,buy_not_maximum_output,0
17076316,0x553e8a74a3189c4415c7315c1e0ac10d468a95b8eb3b1b14cd4c70dc609a04f2,0xaa0ecac3d2352c72299a4b386b6d7d7660d2001d61d6df3df734a23cb7bf9dc1,2,accepted,0
17076328,0x1934854c777365f9c30136cd2c6c52ecef55ef391b6e1ed0d5a286eabb83c189,0x09ef97f30dcd8dc94cc50a0b80795abd214e348fda6bd33bb4d21897b561df3f,1,outer_transaction_has_other_v2_v3_swaps,0
17076334,0x4f144d791fd2d9b042c8cac1ccb5ef8265e220d7fe411700c37978e5c5756cf1,0x4643c00b8965ab2032d31921af0040b931aa5d28fbdf93a96e16d9597fab316f,1,different_outer_origin_or_target,8150.790933577638509505158584766944565545587336485366655729302655504249
17076344,0xa8119f7eac4176a52bcf03df01de37ded3109302051acd8aab61f2040dc0cab6,0x3431acc688a8f74f7bd94fa9f5ea4b5a829bfe6547de990308521d7120e1711e,2,inventory_mismatch,5312.286952393251773030396470640130205013449539575733310974087534866273
17076348,0x151e30293e4bbd0f94a5e0687ebe7d2793382b15c97caf4a82ae56944d1dc0f8,0x7d4a98ca50010a8e47e49956996677f0c110512b342fb4a5b6df89bb463561fe,1,back_not_maximum_output,0.0002522622069486821608902150757873165627980778714826167798721472489122624
17076357,0x268df78383e2107a82185a654bc51204797e21d3a0f60a308434ca76d6d2399d,0xa77e314b75c749c2cf7168b26a02e40cc9fc89c75a549bf2f7531a4052a8d5b0,1,different_outer_origin_or_target,58932.94954809236641206817097200016161020756577040840366787686069764265
17076357,0xfbdff594386d0bc3697b0110c83b14d4b55c5b1296ddb74ce0c6a7a03004f764,0x280630d3369981c29b742a450435ea77a593a7832cd2f8e87d7804981180abde,1,different_outer_origin_or_target,4563.154938218885045187896253057807741382759422941817925878185977706684
17076376,0x75fc763b3f258f2387797ee341a7448901acdf4bf0703e1ebf4790ecfd39aa4b,0x852a0995efc7c2d8adb801e0a26b214bf9f1cd27327802592eebc780819e8247,4,outer_transaction_has_other_v2_v3_swaps,0
17076378,0xb3e7eef7fae176876b6cec998e1183d62173277ecd93402ca89862c6d79d9959,0x7be0c857f815420c859612a21f3f867ae9546e4123783d618445c88aa5d65bcf,2,different_outer_origin_or_target,7629.885032379229083961995377282311266563358221293818574148368654646038
17076378,0x05e4979d67df6d7d07457b77a648ac115955a513eff7fc6804ebc57a2f4482cf,0x7be0c857f815420c859612a21f3f867ae9546e4123783d618445c88aa5d65bcf,1,different_outer_origin_or_target,6042.630682938302373273267126234357756303164965272061166198215937938039
17076378,0xd2cf02eefac1516bcf4acd5980b1f617e731c43d7bb235be04ecb68fa1e662e3,0x07bea1dc762d89f958a72231fad8a15f803d81dd69c5525cac2564e354738c2c,2,different_outer_origin_or_target,59273.62986594843796809806800013667495353377092350081507794728628078625
17076378,0x68190c5ea0125fcdcde9a33f7314a74c6a531c1365681c2161176763fc95fa99,0x07bea1dc762d89f958a72231fad8a15f803d81dd69c5525cac2564e354738c2c,1,different_outer_origin_or_target,87035.92133468237329182276575405713410359261160416048160052803464924648
17076381,0x15b2c5d35d4d5cf1fe77642b43dc1d1ab0a4664d225ce83aab30f5692e0901b2,0xbf028aadcee8d4daa0e2aeb387fcedcf3c3801196de8ad67bebc85fd70c68d0c,4,buy_not_maximum_output,0
17076385,0x8846b909d5f477fe2d24dd83eeb7139c84ffe9b2323de23e39af999a68ad22e4,0xbb57844de1dc795130ae08f2320f1b569b3dc67315a0850eecb273c411ba1167,2,outer_transaction_has_other_v2_v3_swaps,4.056504605720476032763940668213692490393420715437848306701873852758631E-25
17076392,0x757ef78ee412b65639130c8e8db88319828caa34dc4e5c8c3576aa8f26930aaa,0x9fc103e16f0836ac003d409415406f17c30f2148a3a2db7d497d2f7b9f05944c,3,outer_transaction_has_other_v2_v3_swaps,2.421666708686861450084565919232389613002288797940931963369413497008029E-25
17076393,0xca0a578c1d62308c5ea6f398dd62a2b10f740d5e58fe13dcfdde73fbe007795b,0x40e528aaeffc8cfb7c584a8b711f03c2d1b502399c000fe8a1dac087610dc6e7,1,outer_transaction_has_other_v2_v3_swaps,0
17076396,0x63d97d2aeb0dccbfb67e27175b81bee2e9cb68646ba8c46ecee1df88918c0bb5,0x522a1e21db783ea60241b52582a4621c2fa5dbc71085fe46fabe6bb5d003f7b2,1,outer_transaction_has_other_v2_v3_swaps,0
17076403,0x48a3e3679f29bd5c6e9e9e39d7eb3efa9b0cd2971a0e37b9ba719bd76d4e3cc1,0x5e1fbc10897fbdcbbae98db557e0a21dff6e68e59a336cd599f51786d044be53,1,outer_transaction_has_other_v2_v3_swaps,0
17076436,0xcb38e3969d02199b7e39e4b1dea7abcf5c31463437e2019a0ae4baff4ce6eb85,0xf6fb7262a2a26a38bfbe2155e5be943a939fa46a736b742530ba484191820109,1,outer_transaction_has_other_v2_v3_swaps,0
17076444,0xe8021c06a266c555c6e780cc280dfeb6c4b947aa255a65f94fae89c09e9c3b38,0x1d1757d6bb1ee5b5e00b41960a0d252cf098c0b3a0e202c5fd11fa0c1c710b48,1,outer_transaction_has_other_v2_v3_swaps,0
17076450,0x99be43b2e9afba333bdf166e110401555e1297e8b9692bc6b9b534a408476461,0xf6cbb14c4a7b5eaae69513f9203b47d98cea17dd951edb996cc3f14ef50b7256,1,different_outer_origin_or_target,9036.952746553352632181319836071118012848739809655508169660294793594040
17076464,0x574d7055ffe26aea4ce8ebcaa7d15425c05c10a23d189aba7756f9efe6951d71,0xad0a324570c19b712e05f1924a2523617519271599560f50d9cd1adeb60087de,1,outer_transaction_has_other_v2_v3_swaps,0
17076470,0x9fb27aa1344a9c088fa78bcc9bb77b51f756e958a786b1d884b067478625e509,0x74330459bcc6e4243a86e01f1d06ca93a5052a04f64d142c3641a6927a590cc8,2,outer_transaction_has_other_v2_v3_swaps,0
17076478,0x3127b6959883bfeb993c15a6bebd6a949ce45b09b99ede4be6e154e20d0f2d5b,0x4cab14edd0b76312f672c42e53e2ddcfafb37ceb9a05eee440911699a6362890,1,buy_not_maximum_output,0
17076484,0x59e70eeb657e13ac84239e12460947abd880feea6d3f984a8ebd2fd4d5ccef4e,0xa76645f1057c77c3ee97facd2713840eb7629acce7a54b083d949aca50e979d1,1,inventory_mismatch,2192.762672792510148039897696724555729193268276601049032219408033095603
17076496,0xabf5ae9a5c7798bf7242923f37d23c0eed75c790b3a91b15d050fb3cab3e3156,0x40a735258206857ac3b85dc561fbbde1330d9dbb735337187e08707da5b7a1b2,1,different_outer_origin_or_target,6052.655121756426280407061217827590481558096828990772136642842565748556
17076509,0x6eb482fb55017124cf2988d4868af0d6ce130249e36d0c6e8f13611ed0171a86,0xe2eae44830daf9e36d58af26bc7f4b7ac75187f8ace387b99dea3cafb8e6ee72,2,outer_transaction_has_other_v2_v3_swaps,0
17076510,0x32bd766413fa3eaedd0109a008cc7d3b178216f1ca5bfb3c7aceec85bcae8432,0x1aceb3ef3f4089baf2ca01766d99410775c5cd5fe581bd02079e9423a13f63ad,1,inventory_mismatch,3422.263982574675834353989832854947434676195589721246359845245167026128
17076512,0x0c05c4ed722c48f309e4ebf07343c7d6a23bb9b0d74f82875c800d2f6cfbdd5b,0xd1e576ce456bb00885a1a41d7e60bab87e51017893ac43bb3697aac2fcf73e2e,1,different_outer_origin_or_target,53849.80998790203680747193650640396933534733313626307694129352656022249
17076515,0x75b605f684c54fc13f0fc7cb17d0b6d116b57aa9b1cacec2014454d447ae06e9,0x010ed395815352c978971b7ad07dbbc3fc69a92e00adda1a83e42a53380f231a,3,outer_transaction_has_other_v2_v3_swaps,0
17076533,0xb915cfcdc1836b3f44a57c7ba3a37d6c8a9c21cf2361f477955ebbc351dab45b,0xc1dcbadfc968e2bdefeb14c8b6a07e4bb477194d7692b0411d06b428d23dc417,2,outer_transaction_has_other_v2_v3_swaps,0
17076537,0x3adafa0689cb761477667b227d292461a28ef17def9e9966ad8e04a6fc223734,0xfa5b12c09a9b7e2d20fa837bfafd6d07d61e5337bf822fb41e12adef48bcca5a,1,outer_transaction_has_other_v2_v3_swaps,0.0009999999994736441522037744426738205954605098184438597692759270795711181
17076557,0x765085d96585db16fdc62fb1b202c2af169686ef6b75b6186bc463f51c3d6924,0x933fd781878f94fdcc11e77d418137768f22fb5303358f9ed0fe91a8ca991085,2,different_outer_origin_or_target,1829.409518249322573173779590358678675056381830821300164758030646262296
17076557,0x3bba323c46a2c42803bf3872e8267da18bf6e45584e6138afeef8c6083429c29,0x933fd781878f94fdcc11e77d418137768f22fb5303358f9ed0fe91a8ca991085,1,different_outer_origin_or_target,25683.89016056615981351705145792035055929558875971233118245577319935936
17076565,0xebb56641f3e4c2f3a2f379b02c6b6ffffcbf2d66c260f043ace401c6d917914c,0x45a3e42db487caace314b206d37cd76d326e91c8ebc6095851e04c48a8a065a3,1,outer_transaction_has_other_v2_v3_swaps,0
17076570,0xfd378dfd4ae42890b31f99cbf0cf65834b365cf7610ba1782ff25c08407400c6,0x37b7f0e4770a100e829a2873299f85ebce47d60892aa69c0fbd10a93e1b9c554,3,outer_transaction_has_other_v2_v3_swaps,0
17076571,0x1f700dff498292d2100d0d192cbd2026a50468cde9dff036dc8c6f915b26a363,0x1015d712188e5af11ae04d9f12c1711d80d5e458a8028c41ca5fe27592a666d5,4,outer_transaction_has_other_v2_v3_swaps,0
17076581,0x188d8eb3274305a3a64a30bd0905ef0f058e7039fea0bb5c0554f25af6635eb1,0xcbcea7576f04f0c75a22c50061b1c1456174d8ebe285db5d05fe73d8166e0199,2,different_outer_origin_or_target,5364.279130213722890755067664239673619812811264457312937482020204764192
17076581,0x1f44949dc34b50680c5b0c5b09e6acee35f6c8e6fe0827cb81a258b67566f67c,0xcbcea7576f04f0c75a22c50061b1c1456174d8ebe285db5d05fe73d8166e0199,1,different_outer_origin_or_target,709.8089683843242151992043821184650450247183315020682482550817012213310
17076591,0x9bd7b4bcc286e33859c081e49fc9bc0be040e51d9cdae595793432749cad6dff,0x78f969cbfe8e763526402cab805c7974fcfb5a443e076b3ef5eb68d9b40135b3,2,inventory_mismatch,265125.3075476996643020412991250234889793159844488707395841774504483829
17076597,0xf3c5578e465c032c6937c47281140f3723f7bb9a9b03f3765afedf3dc288d3be,0x51e541101eadfa5dfc8bffd68f8e7e7f1bea0e2ecca9ac7be1de1109150fafc2,4,accepted,0
17076603,0xd0f4a2b70ca9fdb8b65b259b2d620fbc45a86ddc766c8989e40a304b3ac2a4fe,0x35fb2980afce300b44ea1ac96cead5c4094ec2bd4f290113f63e5b397a2b70e0,4,outer_transaction_has_other_v2_v3_swaps,0
17076613,0xa14623a1dc84eba8e668b94c0de7dcd8a9dc666a2fd33ee683ada01b3ed353f0,0x12087484895bd9bc395a4d8e1abf98dad6735e77599bea285316c1baa8ce86d0,1,outer_transaction_has_other_v2_v3_swaps,9.125807297716105228421003685996207660250611456484872352907637734362014E-26
17076623,0xebd590a41a2abc2039f8492725dae42eae2f0e77799adb75bd79348929ad1963,0x216005f7dc0ca4f1a062e1796774ac5956e1ac7046a9fda1c5b0e358ef5881e7,1,outer_transaction_has_other_v2_v3_swaps,0
17076643,0x1b8066d09bf3e63648da5cf0b11c41091b9b93470ec5e12f6cb75a4bd6998040,0x792f36df51672bf56c0241da841557ff8ed79bb7615c00500516d4d6e6a0817a,3,outer_transaction_has_other_v2_v3_swaps,1.995390483776909518216368039764637954481027031258762853765908771908911E-25
17076645,0x6f5b68a5aa18248bc92c25ae927c532ad9314b2a4919d837d289ce65ecb7a7ef,0x67117ff72c087a60081a047d89848520a9eda23d629d89d4e76d2390b910a9ec,2,outer_transaction_has_other_v2_v3_swaps,0
17076659,0xeb34019a1bd3d2cc3f88e3d7195d4767fa144fde6ef32c8167cb1f5f014bc559,0x4e32a9aa482890af73e65225968a1ac773f5dbc51cd9aec9017d476c381e268c,3,different_outer_origin_or_target,411.0106738598682432504423082405304404543782662248144572295833892082731
17076661,0x082f477f847a448c209099552ec019189a39c1c3b8065cb37e1940b25ae6c57b,0xbfed042b0894d5a0c09b852d214ac8264eac9f814a07b336640575750069f39f,2,outer_transaction_has_other_v2_v3_swaps,0
17076665,0x959df8ffd03e1b2744bac496b75f1b947ec166d235725e1c36d7001f91b50fab,0xb041199bba56f745f2fa8e89a38d49e9ba1677c59ddc600d6eecbd3715ffbb4c,2,buy_not_maximum_output,0
17076668,0x10b7e6e44d42a0cff707c8ebe25df7cd322692e120c85dccd93dd9db8979342f,0x8e73190c94341a2f2f9be5212e4e3daa7d40c380e562e2d4f8f7a9650093f89a,1,buy_not_maximum_output,0
17076675,0x313c015117a61395cb37e55c089b1a96fe450b04d4960b80cc5e5d0d87804ab4,0x06970df833dc1ced70f5640124291d2da75e80645fa2c39538baee32eca02cd4,1,accepted,1.307597900054255924354508987833314095548844515954635327615202118316292E-24
17076680,0xdcbfa054ec5944c23423d511881be23d9d37412111240a408e6e26d43a87417b,0x0ae384eff4f106fbfeace8ef0bf587344d2d4b4780dcfe92ed8bc76a11955cff,1,inventory_mismatch,26685.76762575812084197776072526491753542345919748835680077396135935403
17076681,0xc1c7d27c11ed869ea73b7c6276dbd6350081eb6bd1769e93c1502b229fdc9850,0xd48421fc1016912cd0dc73b9635d39044fc429b2479e6dbbba51a4fe618fb8e2,3,outer_transaction_has_other_v2_v3_swaps,0
17076691,0xdce2461cd2d7037c3acfab4e31549064ecece5439d5b00f1b0b999838db6f116,0x29938dbe0dbc1b4243bbaf88d816625068927fad6c49a66960dca555c44927c7,2,outer_transaction_has_other_v2_v3_swaps,0
17076696,0x17fc5703ca89b33f79ecda1738f12343dc0d7c0db4d7af2cc975dea43bc37d7c,0x0c8dcf855e65c6f7b24763ecf60450258c1b703d79de044c1224a7d098d89854,1,outer_transaction_has_other_v2_v3_swaps,0
17076702,0x78a1b07bba440916a69d86f48373998e4d6d7642b3cf7a1960548afa337fd7de,0x86a5becc2179534586fb1b401dff97c8fedd83791cd8e2792c0bede04a907c78,1,back_not_maximum_output,0.0002480287568323985427138136330702415648791290096895512337335295644994230
17076717,0xef481e808f65fd1a03ead22001e34bc7914619667b4f8f16cda865be43fd807f,0x20b4935db4f961186d8cfa65e1394ab1bd7838d8d98b26bbd3d6e5bb5e60fe1e,1,outer_transaction_has_other_v2_v3_swaps,0
17076717,0xb8a26c0a6616aedd249fa643f1488d082a76b6988be1f579aebbe1546bc330ff,0x2d7e1303e17652072bb81afb2d5de72e11175c0d53265307aa44bdff8b34be8c,1,different_outer_origin_or_target,5783.365848369331205513653457423928676170995342296813516062657329401415
17076733,0x7e440f8591e36189a26399526d370e4ed07a391f77c2bdff54c52c13d389bf6c,0x4874697e9c874839ef34989833224b58901a660622c270cf3af17a7e31164cba,1,outer_transaction_has_other_v2_v3_swaps,1.297748400067472630295622732270639038376066631750026621141454626311620E-25
17076736,0xee25cb721512dc4d0e107f0be5e67c2d375547a235f609c63e5762125bc2252b,0xad8adeab16a2a1dc041362a8635c8f2c59e7fe15c0dadf7eb5e10e4aa69f10e9,3,outer_transaction_has_other_v2_v3_swaps,1.985967407069420155425612136573045315595828145146775687468431956917368E-25
17076750,0x132f5ffdc9c59a4b25a6889a4624e52cadbcccbf3c089e53bcde7998857e5501,0xb13a55ff9f0a13dbd96cd06610508b02711dbca62612b5da4170fcdf4158ecf9,4,outer_transaction_has_other_v2_v3_swaps,0
17076752,0x06821225dede5cbcc3a60c328f40ba84d3c4831511b77e1b21a251e1dd2e9935,0xb9c9c127440d0d526c9799bb4d7ce1c81b4a77e683bd7ae94b208b1e2df175cd,3,outer_transaction_has_other_v2_v3_swaps,0
17076754,0x98daa7c2eb3adda76bb98c9e0fa0a8b9dfc075cf41dc66ca953599a2a0ad9ba0,0x1009db9911b5bd6bc2a01fc8401f8a1fa6dc46bd3d6531b99ddc184466fc6014,3,outer_transaction_has_other_v2_v3_swaps,0
17076756,0x5ec28d1a1cfe24867c72bcbfa48d4bc80781681d4bc24049718db746adcd4b7e,0x2593002dcf0893a0ec5ab6f2dace3e415f79974981f25b26f1b38d164296babb,3,outer_transaction_has_other_v2_v3_swaps,0
17076760,0x3a41e6b190ec494397bcdb5494bb0598f2c191ca3004970d76c1caf715756e66,0x49ebe0eea7d55477be8f2fb858b7d85e66f59c2ab1bb1b27270f6ba923b6c276,1,outer_transaction_has_other_v2_v3_swaps,0
17076764,0x186137bb5b7e25cff16d6c69b591c4aec300a134d425532eb224a1bc609fb43f,0xba895a4de8e20774620a9547ac1548186df589e246c1a9770b145b35b02c1fb4,1,different_outer_origin_or_target,94717.56109189896456282069736707015453269129670856853127336674287674360
17076767,0x76851c80891a6642707e96509298515df1ed339e062e3e247c8eb2e1198d9f63,0x30ee83a87942719320426b60cfdd21d7fdf0161630f90f75f6680997c2055a0e,2,buy_not_maximum_output,0
17076772,0x9f70d10745b3aef4a002f73141817d0df79222d547a8184a5b57e93099783db0,0xa05d12af3805a46cdc9262f1f5c117106faf323a72dc54a58c06124edb65b9b6,2,different_outer_origin_or_target,644.3975961078572094445222920611418596015884519465118876730184189643598
17076772,0x23101e5eb50e74cd666bc9b4bacf3d8b899ebf234404947e5e8a229a5377c16f,0xa05d12af3805a46cdc9262f1f5c117106faf323a72dc54a58c06124edb65b9b6,1,different_outer_origin_or_target,7335.812784477809201320521658506064878131502184949943105427460752210635
17076775,0xccca6f73ab3b780fc34f27d4ff4f1e3c710ea27ed2307c101c1dfac2a0094a97,0xf56796f6be41a3411e2bd5d835eb569c94ca33d6333cb7305d19ba2b2d493320,1,inventory_mismatch,1545.486811617656885438484885870531318402432932315465922451420307132444
17076795,0x661dee4350e4bd3b165fef78bc18bb51acd361d5856631cb4b2791703a529ac5,0x0c305f97e2bd6cf37a0de6553005a3fafe7b8b7413f84f8e18575b87688fc456,1,outer_transaction_has_other_v2_v3_swaps,0
17076810,0x7440b7d413bb90c854b99c7bc8f4b10805038e7ab51c7c9053dd00a2b32f6fad,0x99f872b37aa25f2144fe7160fba769e59ff686f8f6a1d9bf9061451374ca4f07,1,outer_transaction_has_other_v2_v3_swaps,0
17076812,0xaff60487469a92384c710453541a9f9717541f9ce4726c6f3349d3a7b641dce6,0xba98d82ca7460fd04a3f1c1da9124b16daabc73d51429ad8f9d2d6cb7b18f629,1,outer_transaction_has_other_v2_v3_swaps,0
17076822,0xa02a7c894a21f7108300051e7e382caf659a042fc96049d327922b58a09138de,0x020a792b38e113a614a27784960322e8f8c822c65304977fb6076c32f22be24f,1,outer_transaction_has_other_v2_v3_swaps,0
17076825,0xb628a876edd5bb57e8d6ad367a6f509165fb5e38b6b572b5346b4ec9de377d5f,0x2fd713cc29a4094f2e954d8ae8572637d5376db98bb2810f862b7934e3ee38f9,1,outer_transaction_has_other_v2_v3_swaps,0
17076828,0x96512959fb5bac7adae84a4c2af2d8a65532e38748221f43f167a364787e1393,0xcbefe097964718780628d397e1f2a0bf3cf5b7290c98ca0468039fd14d8cb125,3,outer_transaction_has_other_v2_v3_swaps,0
17076852,0x77b19abd746d6dd2731032572a89a46fc6d99052da9ef42f1fb85f46c8f7e5b5,0x9ba24f7fe37be9943cad4c0406d73f9186a1acf7497db62e3724ed08a9537618,1,outer_transaction_has_other_v2_v3_swaps,0
17076855,0x6f3307b5adf91f545795374271c46a4b258c71d9e11aeefac9b174a6ea919d60,0xb75611fbc4e778fcc1eea6c3217699f6860e5275da0174c8f354a3965d250b0e,1,outer_transaction_has_other_v2_v3_swaps,0
17076857,0x9188fdb6acbd459b3356c347145419d4baa1d8afa9e75a14ffb3cc27bc4b7dd2,0xc5f0c300517d2f1337bc6c08af302f443c95971a5e191f44469422deb067c489,2,outer_transaction_has_other_v2_v3_swaps,0
17076861,0xc89a1e2806c4bf393a1ddfd493fa05834c39ef96053f982fdf4b6507de2d743e,0x61a547f105b02392b56a834108b272e01dc22147438c866aca129160758a739c,1,outer_transaction_has_other_v2_v3_swaps,0
17076865,0x8e11df2748cae1446ba198456fb0c7016b6e01d9ddd6cf75f48904c876094d54,0x5704fb2e7c6b42976195aabfde0d24a64e2c2b74c2a871d5c8808de06b003062,3,outer_transaction_has_other_v2_v3_swaps,0
17076866,0xc2360ec1852dbc236fb79291475774ff5c1165429b8aafc8ce8c4993cc5a2305,0x9543e80618da1e1b39b3b9a8638b61673716399fb1248af04327d0dd538384ec,1,outer_transaction_has_other_v2_v3_swaps,0
17076879,0xc05d591dbed2b8d9131d2eb070b2f59795a00696731d772d77db37c975cb4d26,0x2500aac5f65d9e67f41eae4d637581e5b57228f6cb85c2dab12d128b496cd446,3,different_outer_origin_or_target,84748.57172403520100718411039810094224964839477241226959792804207865508
17076886,0x5cb36f78813af2b5fb6a6159230e33325282ede27d3be573fd864ce046fe405e,0x0949b06f1265cf06d1261c91fbb5fc7503ddbcbb6deed465c4b94c6b2ae2aab6,1,outer_transaction_has_other_v2_v3_swaps,0
17076910,0xa3ba912819354f7fc276a7549300474207ca91c79957ac9b1d22fe0779856954,0x1741ae45dce735eb23930735739efe2117d0d18e156b233b2b9c6a35533c90b1,3,buy_not_maximum_output,0
17076918,0x82bdf21ccd99b0ba141a5351457b59f224a5e2b5f9f9513f12114dc40f50dcad,0x6bd45052fdf99c4bcbc62a032b860ecd04a966601e0bdb8117d295c8ec4a70fb,1,outer_transaction_has_other_v2_v3_swaps,0
17076921,0x1149b77a8bff19f0f91fa3a9a83d2193dabb89ecf4ef523cb51c69f521ad639b,0xb1d071510fc70977bc11cd77dd47280b944f7e5eec2c17916ee584d5001a387b,1,different_outer_origin_or_target,6656.345424466019800518563185567861105300248804318817669264181524364854
17076941,0xb3791af038a30b714e87f499e2628709712a9babe702c582d60bd5afda152e54,0xf356d009378d7fe667d963246ea8a8099302d8c7530d6cb3210295ba1766fe1c,3,different_outer_origin_or_target,18923.66944364318403281859255957793613001526850835939374701260263266939
17076942,0x7e7329d9705f94abcaf28ea3bbe7ad84fad72a53ead319b58393bea9433fff21,0x53ce1c9aea1af475dd194efccb54f12f76e81319e2d7ef28fbd483d4be92edbd,2,inventory_mismatch,1220.371847435252620217498924076127857486711307076518699634754838483255
17076975,0x4a6d9bab2642621580bcda56b30de054ef2591995e016edd71eeef85e61a4c25,0x088c19be80adf6d82bebe4cdd20a8d11ad847e1df6daa42e5ced9e46cae826cb,1,buy_not_maximum_output,0
17076987,0xfdcd513451415863510b07eae67b3c4a618dca8cbeb5d62630a3e38ee2e455e9,0x24ff6a95d6903aed013cd1d358c44779120f05d55d225b37a3ea885baec732ca,1,accepted,0
17076998,0xd8fcd06862a258d211f824dbe12b6ae0603ad0df3cf16840ec5769daa5c5c878,0x3fb54041e847e3bb7786ab3bb367949b26895113f71aa9d2d28bf79e09543d87,1,outer_transaction_has_other_v2_v3_swaps,0
17077016,0x697aec8d474ac83f609d421684f39a42f8031bf2e3799fcaf3626f30ed86abe2,0x080f37d50421c88c3e30b913dc722e6c5f3d373b4d4990745ecd77e2d89aeaa6,2,different_outer_origin_or_target,6343.443558278426163198136377253582792387645445768850876384425288680710
17077060,0x2d6317ae73cdb1e03461b8371872a8985708700ec2b8710b9cfe95841ec965df,0xfca405d271bb0a8fee354f2e0fb19dce2f8dd99bd81644f53fae5dd7f13a5c54,1,buy_not_maximum_output,0
17077086,0x998335a89a0afca7b3d7f02aa8d68dd39b503296d24caba0ae367a65446b4f51,0xecc965218806d04b762a0d35b436d0678f2dd7fdedb07b6fff494f5e31249f8b,1,outer_transaction_has_other_v2_v3_swaps,0
17077093,0xa1d0a7635927a08e65526336d53ceb9017504d2f85a8e83187d96e4901658569,0x55a06dfe087679e336fbc6f84c45245a8b2dffdc8c61747a41444a1f48fd6c90,1,different_outer_origin_or_target,6760.518063025750553435305754094070188958266728446118088819927818810143
17077094,0xbae5a69ee5e5b464cf4c9116894631f4cee296924a70e3a6e57249b247ea64dd,0x400b23998a0891e653b748371d473e4f2f37912782dc54ae2ffac5ec588b33f4,1,outer_transaction_has_other_v2_v3_swaps,1.142660997564247553594414991651512274028293596680117208672368158704160E-25
17077129,0x54e1b44327e4a6c54f40fbef97ffe07161c177ec92c7d2d0deef0434c40be7fb,0xed67a609d6da5ae9963b9aefc564a628103ad023963071d13603ff9ce24cc860,1,outer_transaction_has_other_v2_v3_swaps,0
17077152,0x91b24f80de0446fa866a1ccee4202f0b7e0e7e94f73c247f137e60c8c2fd804a,0x73397d0eeaf19c1d4f3bc6c7648985cec832d435ae0b4559363cfa699c8f0128,1,outer_transaction_has_other_v2_v3_swaps,0
17077159,0xdd799da5302a9ff459b4fb292763ab05f5f6d0705a5e805dfc03cdc06658219f,0x8d3197eb97f433912d0ce228513838bf5bac6b91dc2008f18a141881f4059daf,3,outer_transaction_has_other_v2_v3_swaps,0
17077183,0x65041ba8a579b422b57e356e90e9ece1ff8247f20b260108e97da20d547618c8,0xd93332f73cf203776a45321b421ad7acae3c6eae4a0a7481680c4fb6ba7b7089,2,outer_transaction_has_other_v2_v3_swaps,0
17077189,0x51c23e972530b435df7c5fdd2c5cb5e4bd0f4dcf755e279eb3441b5042610c51,0xc5b6141a56468bc6a96fce9e89b52a2ea7a9620e1ff33c328e03ba13b295fb63,1,inventory_mismatch,765.4035002151163411869479291258651850215696328113683410061694903226311
17077198,0xd06152e14b6b4e84fe55797073c9f4bf4a762febda3e80a34ed4ce89e63a1722,0x84685f88bd40594bbf51d90ac2e1a768ae20f0188d8689389830d8df3fb250d8,1,different_outer_origin_or_target,9544.530357066143577467167485179678840688416255582861238370971562184089
17077218,0x52a29ac4efa1487dcfa955349c587ce5bb080700cb7230b11cfb2a476feb0836,0xe18159d228a93feaab6fd8244f75d10d6c90667feee7e61eb6923b0952236f11,1,different_outer_origin_or_target,8731.277409727367552700527964281872422510780019066744884941154098830090
17077224,0xc86a4e4e2ae7b20471670a90892bf5f5dda222d99e7d21150bb9b0bc2e43ba7d,0x769b9036b13d16eeb70168577a2d32cb52fa7f9bd79ddf3dab824c267b7fd45d,2,inventory_mismatch,3796.398746494708365314598847460274592048125638052909455636474492486440
17077238,0xb12dd0da0e493a88c8c337a9e7b272a2e28c30c125441f8a840c07955b9c3eec,0xcb2811b9836f0937230c5e0a73ce8896e68a15e5d4f08cff75c5dda60f2ab7f7,1,outer_transaction_has_other_v2_v3_swaps,0
17077241,0x2cadde09546c6b6e6efb838924576774121b027264d08788d67c40e2dd18121f,0xe4d923e80ee56f7d79f961e55ec736c7a2f7e49611e453da84c05f7a33ec7141,2,outer_transaction_has_other_v2_v3_swaps,0
17077252,0x4229396ca41e8cbe3b56a04dbf45d3f72f3ba0ec30d21e21cd080f7f5996aada,0x34278a523e7b558b6b8bb4a0fe87d399910402f5368ee918d72566ecda8708ec,1,outer_transaction_has_other_v2_v3_swaps,0
17077272,0x8668aa11ae77d43359aadf2da77a3c1bbb5f4530f611041582b04066918e8ada,0x76a3a40a4b9f14264799087743487483d11ee18797527e6d36face879cb339e1,1,buy_not_maximum_output,0.0009999999994736441522036663887988826832612468639520185176674586099453955
17077279,0xca15e97d3a431e50bc8d25348b8a84e383eac92ab86c67e690a49f2a80e2d151,0x63c023e9c206365a559db20723830550f98cdd7169715bf013180425811120aa,3,different_outer_origin_or_target,4417.676000274533378072554218220386935059481404025451423862399199724463
17077288,0x912bf47de5da99776f085e3c7588692e2fa2494b5fd993b897a98c7f9f820a35,0x8449e2bdedcc9d39bb956c9f8c63a9c5f105a3db9ea55a357a96950a603307b7,2,outer_transaction_has_other_v2_v3_swaps,0
17077300,0x3128739c04b72e8d1eac9a9a81e2649ccf7a1d7e0ebbf9733c7f94fdfbb02dbe,0xcf5a3bfd2672f5268aca4cbd3aade93a2379e7ab458b9f5389069eb89e041427,4,outer_transaction_has_other_v2_v3_swaps,0
17077319,0x238f4dc2d8df6df64bdc99a4ee4750ed918c3dc1e9fbe0bcd4884d35f5088156,0x5e612a119276749a2a49ed6964fb1031cb1298ca0a6b8cb1bc54421e771ffb8f,2,buy_not_maximum_output,0
17077342,0xe8b9c14b84b8a3e1d159fd8dd5fa1faa7f3e35d33db1f04d1edb5508a21b2846,0x80ea896e4906d68c85e99c5a155489bccc77286fab7d734982bb559cbf7793ce,2,outer_transaction_has_other_v2_v3_swaps,0
17077350,0x10bdc69ab1b6671fb02830fb9e15d43867787e5aab4701194df30b7cb0c77044,0x0c213dde5b89fb9cc2edaa69982778037e9f0b6c578e9656e41693cad3e8c36b,1,outer_transaction_has_other_v2_v3_swaps,0.0009999999994736441522037947726253632355664831831216876943368399571441206
17077351,0x861d23248fb22fa474a88710f62fe76e80510b71ef998796aff06e4e94074189,0x944b26da1cc8e4a9c441558b9f97aa0568f65241e233a7ffedaa6a5cc31c752f,2,different_outer_origin_or_target,56658.11698834320014665224911949711119898268570241750246927205303070783
17077351,0x301afbb60deff10e2a8a63a89b9887a33fb85e2806570d5fc806c4aff99869bb,0x944b26da1cc8e4a9c441558b9f97aa0568f65241e233a7ffedaa6a5cc31c752f,1,different_outer_origin_or_target,17358.43503184357265060500949739747712873268028312828982744132797244005
17077357,0xe41b6d1d6203d7dc67ae21282f3882ad1e9f8804b6c186901b78e1c05572b16a,0x87c8e739f4749410d362f2942e1fb585983ae8b96e11ba644a4b4c40fe6f61bd,1,inventory_mismatch,3430.690134411386734891491242404243096738631964786427737916603317339549
17077360,0x3c22e16ffe9254f8323147d1a9764d1bda953976fe10bfbf9f9ca6a309f43762,0x6be989b1b7235e97b1a1ffc89ada9b70b0d716a630a0b0534c779a65c37ff9b8,2,outer_transaction_has_other_v2_v3_swaps,0
17077363,0xe777de859b9f945775f3eacc633a6ff0754bf06031ee4cda6c99a8589132d7e3,0x4ffeecc80fc7ed941eb3c401967a464f7c3607dc60a22d8b5c6c1df2228244de,1,outer_transaction_has_other_v2_v3_swaps,0
17077368,0x82c5b12bec252aa48bac89ef10f4b269781b2e1714b1755edebb638d7606745c,0x889c029500f0fec6894311a66ad6011ebc355ae05c14a697f4224d304ea177b6,1,accepted,0
17077374,0x5839e9d1bfd36cd6352c6ec2173eb780791f250b61ba957f93f683baecdda64a,0x1feb7d721d0b97ecb9f3043db373188c6349c4ba32c0b651b0563ca0ed7e4d09,3,outer_transaction_has_other_v2_v3_swaps,0
17077391,0xf0baa6ce5e1dc03bc17d3e98582707f73243335963850c73b46009f72a182346,0x56d1a5b81ecc0ede58ab6043e4214303c71a8a4cf3ea3d429187a1f80db4100b,3,outer_transaction_has_other_v2_v3_swaps,0
17077409,0x79c556d1c738cc8bd523d425d7b328000ef9cc28828228451aa2371f266e8eed,0x7f27cb66e8c7e749f3b9b206f59b99bea05fc78d5dcd1aa9f67c369e01838d93,1,inventory_mismatch,54223.20481575299169073175872868831103173553586237917300118152610656457
17077413,0x7d8806e240bf36d67f24835bebc004a8e46d085761ecc7d286d19a968026f0bd,0xe57b38703fb723bb9f92f894476fdcca5b7e9a16a73f7019b4687ea3e3f47384,4,outer_transaction_has_other_v2_v3_swaps,0
17077416,0xfd86e8300f3fe1c8f98c795ce42ef0b161df67ff1a8099b3d12620e53c1f61de,0x86e80102e882985df3aeec328e79be4f28afe99f829d9f91f29e1b26f6bc8522,4,outer_transaction_has_other_v2_v3_swaps,0
17077421,0x02b17d20facbef253172edc50dc20c568e9ac304b14205d29227eee1d41d3bdc,0x55e3871f48aadc8e474d634c3f2a4a6886620c07c07312b6c57d1ee027ce0d1d,2,buy_not_maximum_output,0
17077423,0x04a5de179e19d6d2511571108ed6541b0d6dc13576a4f1d577a1d7c9fe9ede74,0xb839c77bc23a9a9aa6713effa926b02a22165d632d48dac6844034af94c7d13b,1,inventory_mismatch,950.3412601207510401989214890678944127593982487930462630221380169536917
17077425,0x4defbe9a00c28b6f7fe2c03e0815ec9f5999bcb81769978f7beda400d9baaa26,0x7b4e3b07aac8ff4de05e5943b6518624a7e0443972fc21b9ba715d10778d89f1,2,different_outer_origin_or_target,0
17077429,0xe741be63cef66d56d2eb4c9a52cec2a4a8ab85dd43b75751568941a19a522198,0xa629b5875d0d52799d9e05fb5ccd4f3f5e47c29af11bcc7d545d2c3482ac9218,1,outer_transaction_has_other_v2_v3_swaps,0
17077431,0x9f5e622981ec1cd73ab0cdc903702daba721c689b37ebb0e1e119bb3a02a8c8a,0x224ac4928267687efbea729f6110dd0987980f398e3a93be8fc064c40d441e6f,2,inventory_mismatch,29827.88112972725663100710640294407509881592277100107388017860639778687
17077433,0xfc263eb6cd4d4244be37408f00656e96f3c555e64557937cd0fb76c392f95e63,0x8cc5c1f829dbc2ec53837faa189707c0c10e2088f4de2735e8c39dfa2436a19d,1,buy_not_maximum_output,0
17077440,0x7882c105817135b899262149d988758c11f0418ad854126d69fc5fea1cbb79a2,0x0543653d62fadb5a3d61d21ba1fccb4b55e87ee84c409aa49f3063fe8ecc0e66,1,outer_transaction_has_other_v2_v3_swaps,0
17077447,0x48ef34d01da02f8d4d2c84fcd088e942feb26d2fc1f3dde6ff69d70d02aaa0f1,0xce644ea49c6c3ac04aa78566015abfad03ec796330a7d6ae8fb71e01ef1f8204,1,outer_transaction_has_other_v2_v3_swaps,0
17077450,0x07c5f5d78ce5da0104a5b9dae4fa59a6be686f75a6312245e50d8dc6a3094079,0x112f3ee3d4e73025b068eb0cb211069ac4f70173f5b7656355193766a6e63ac1,1,outer_transaction_has_other_v2_v3_swaps,3.118211818229287124954486666884462010304713490439004321712595855335300E-25
17077456,0xf94e6adefafe3fbbaeaf9dbf14c8b6a115aa6413d1ec7134a7872b426745c8a5,0x6af944cd90e1c6d204e4b3966e47de662979b70863df43f1129edc4883ca0b5f,2,buy_not_maximum_output,0
17077463,0x2d87495a88b8ec2f4f7f2af42a460ef8d27452945faabd330ce7f7531d84a58a,0x29a1e3c65bd9bbeb3b9dd8233df79efbc1709604a287237685b4284f22c42e9c,2,outer_transaction_has_other_v2_v3_swaps,7.471928656054244968248612179452694051482007794497892446169737486829505E-26
17077475,0x2e34d3ebaef4d5fb7abb0a98e0c234d813c1bed90f249268edd302220204f8b8,0x606fa537107c713d7329725bafe5b31935b698d45f7dd069b0663d0f6429304e,1,buy_not_maximum_output,0
17077480,0x773ebc33294af42bb8a079448b1a663b4c3eadeb8de3bb0a4eea86c1cccd48fc,0xbd8363531b267371cbda2bb6f79d664d55de17da18113c16b6604a839354caa6,1,different_outer_origin_or_target,29934.85301038528874735964219535456343047125960204966767893642366634733
17077489,0x1afde6d4e8a398b52782c7c92967a1e5fa981422ad3975cf4ba2be156e5d9bd4,0xceb8645c23d73443c63688b30ca8d8327d80d45798cd77d5f981359af6f47c90,3,outer_transaction_has_other_v2_v3_swaps,0
17077490,0x76e726ca088fa8d9bb57e65b571fe6657fca17185ea6d166ce1761aa3d8a66b4,0x6d25bca57ea522302bf06c01f39fb75689dfa6d8a7ba0d34f7f2bc7f8698ec6e,2,outer_transaction_has_other_v2_v3_swaps,0
17077499,0x79b1707dce8149e40b8bcfd4f78ab67e77f7e3711f63a4ae8987913c52b2a93b,0x787d434e0e754509ee000ef78ba4af50ee0af87165f8cfddab93bfc8f019e584,2,buy_not_maximum_output,0
17077502,0xb1832190de3414b949442264722823fe2c94135bb2476514dde8257096cc668c,0x95b7ec5255b1ffb12d722748c015854e86550ea16918f5c8786fe6235aa5d0df,1,outer_transaction_has_other_v2_v3_swaps,0
17077505,0xfcb52a15593832964cc4fb6ee502051119ab249eda389ffb820bfc136d568005,0x508d97bb72b34d89e8ea23b4ac897215910d5cbc9d28151ff548c4d031e7439e,2,different_outer_origin_or_target,764.9742690999262626710795356669317485820400034830816602211143220745925
17077509,0x8f9ab2efca5f745757da7bcc63715c8b7941235a7679a0f5118f61c1aa4ba0a5,0xf7af811c22beb4fb3d3e70dbad4d698db39f7633eb812fa24c8bf186e030161a,1,buy_not_maximum_output,3.167636744355445210743635511597845995193624398036666619030435909607257E-10
17077514,0x69a80aa9d1b99fc39f78946326ccf48c32b83e9ea7ebf6541238277772925cee,0xe42ebcc62cb148c318667db7e9f4b08c87d1c5647904ae14d12774935d906250,1,outer_transaction_has_other_v2_v3_swaps,0
17077519,0x911a0ef0142b71be5f64811963cb6aaa17717acb1b501ef26045a8789e266ee6,0x194a97123eb62d7af18d92ecde93ece1dd1bcda15092bbada04912c0be2c6930,1,inventory_mismatch,5732.551561951480173762929232633720472434873160790371312575295998840958
17077534,0x3ffea8c3b2daacc92cb8308253c2c511961068387aaec10820c9097712aaf966,0x787aff74ebd87e64f6330200970ba684b5b52a946bb8061298d6bedbc2d66533,2,buy_not_maximum_output,0
17077545,0x1ce31a50a869431eea99f6ece96e460cea50a10ecd67e3dbe319722628d01e56,0xe23d6fcdecb5f443f27886b237fab250dd6e4d6a80aaa3785cea8bec63ab3885,3,accepted,0
17077548,0x67888465623dbaeff50546a987ff69a77906f46cb48bd8fc9967f7b2adb227dd,0xf27f32d7cf04ad02a74de1fb4d0da9cf8261ff6be2b76902363742d48245cd27,1,outer_transaction_has_other_v2_v3_swaps,0
17077556,0x42341a7b3b1955605fde0e89323548b1cb82d94fb5dc2f3aa72ba12efb4e736b,0xd08028600eaf81dac83f3c25010e1d8b3fdda20c74a290e9782e7429c6ded6fe,2,outer_transaction_has_other_v2_v3_swaps,2.973368017446690072457721651948326925524788179935584581859033222031813E-25
17077563,0x31db482a5fef5996a4d75bcd90e372a4fe406526952fcc3a6458fda1665fd850,0x1da058ee9cb249e22e8f5e03ed162f726df3094ce5a5d1d200e4de0cac13d799,3,buy_not_maximum_output,0
17077564,0x19c256c34c2d9cf36a305bfab84e93a3e7dcd62bfb8d1b4a2c936cedd17a0870,0x930fd71bf3c81da28a30cad6e6a758be9ff3546597821ca8df7cd4fdee07237a,1,different_outer_origin_or_target,14706.36826060741524344502525119332550773198422115363376608413383319733
17077565,0x01f5dc80a43a45fefb30041b57c88049523621522f7e78ea528a64fc15de301f,0x6bd22bef607f001ea09ce5a841379135da720e3d88323ee1512e4ae6f5f2d8a4,1,inventory_mismatch,2411.808704608202836597166711567956788323873998101812805396147601357966
17077576,0xb4849a817844d2aa67429758f41ae0c1503f7f697e2972fdcc3fe9ad43a9165f,0xa829f541056b10df30fcd630f34b1f43eb775f46ee22be27ce9563283461b98c,2,different_outer_origin_or_target,7329.773685215309285855178752642214060401390826250898493757268438488941
17077580,0xd48f45eb910f999c0cffe75d9ad79627f71f490e2030fbb7c2c7cfa6571d6ea1,0x8686c38f3850ce150f07cfab984b8786f73a51d548320dbd137ade37b0e2e4b2,1,outer_transaction_has_other_v2_v3_swaps,0
17077581,0x4a062c509ce256df4ef51af296e79eb10d207fd36cc08de42c4cd3c5361a0aa5,0x378de3bbd7eba420408548147a156a6922d2de428aa76564b5bb1460ff4ac0ce,1,outer_transaction_has_other_v2_v3_swaps,0.0009999999994736441522037804532679515104885872032331295597802809909205764
17077584,0x22a17fac4ad1c854658313a91a9d3600853fe002182770ec06340e23839dc5bb,0x4309131289315c80538aa3e5e2ecebc177b551f99dedcd56067bfd0895054709,2,inventory_mismatch,2270.051537267733234781659479582050113940408034923052668302788368090195
17077585,0xc45bc34005c330b27335d327fe4b5405485e99aaf17718316dc2db37372c1b98,0xcb96349bf0e78e12af140bb2d08e97bfef421b7125d5aac8f06d074ba1b157ce,3,outer_transaction_has_other_v2_v3_swaps,0
17077596,0xfcf96599e22c91b05199ec1fdd9c61a865ea5bbf79cd7c767d3cc52ac5005cdc,0x03727ea9ba4d1da9482257d4ad8596998ca3133d2d823a6750b62543321f49bf,1,outer_transaction_has_other_v2_v3_swaps,5.246556379271748385263647475655872108839290943173400583047787997798222E-25
17077605,0xf466b45b1a8d9b24a0a02051a666a6d54d030fba8a439b13ae06ccc8c3dc6cf5,0x0db69bd95b780a7dc50b9ad3d97ee53c63e3643970bd2c8a136dfe2cd818dbf1,3,different_outer_origin_or_target,34546.17865618161192873966536672862095369531642307256070877909769829718
17077610,0xaad6201481f8449d4b05a7f20c7aeb813a8d396c62664df9509c40fa229202ff,0xec4e8c66a73c37e3504a8e50d7299852430c3aac2dac81457aa6ad226be655eb,1,different_outer_origin_or_target,2079.299569215027819477465962019618223364871738025093088512973993225568
17077616,0x6ce88b4fe8f8f5dfcdbcd444202df571790816e782645cf7f6e8dcc7afcb9dab,0x1d75d066cbffbc9434dc395419c727d51b8b39719a6b0f1f642eeb9b5d406d3a,1,buy_not_maximum_output,1.106305597655354362126136514041040480813630990846652512677674812289476E-25
17077619,0xe3bb8637f3c6b528e808cd6dc54f4e43da1746f436caf398930536e3b7b1bd03,0xbc85c865bc9b63193f3f07763f7533b8e459d7a536f2f0750f35e701133a0c88,2,outer_transaction_has_other_v2_v3_swaps,0
17077625,0x9ad744c2b871f46739f7e5b5d47a77768c796a8695c0c987aea29edde5fcc27f,0x0c29ecc9160675c389bed620c28b20d1aa4c1c3bdb5df09196c85eb80e7a0261,2,different_outer_origin_or_target,16517.11300975055168320786025432156010911213375608418347160195529343941
17077628,0x104f17883a3a3652ecb89d15b0001f4738dd688926f304219b0538e28758e180,0x693f307cb88abcb98afdee03039d076656f3683afbf3e6e085697d3f39c0b0c4,2,outer_transaction_has_other_v2_v3_swaps,0
17077636,0x9fd22c4a38a98cce594ab44c0656ad030481c7f972055c37f0ea0d245261462a,0x6825d27c4d4758d5621757c82c3ceaa65aa09e91071c5029ca77cbc0308d4c67,1,different_outer_origin_or_target,0
17077644,0xd491b0a1e092c25a4f5354b9217d40ffc5f0728c8fa4e1356b5e1458bced39e0,0x7189f98c7f231172972394a6f89a785d65dce13edc1196327d9e1d7262cff120,1,outer_transaction_has_other_v2_v3_swaps,7.349009149208517117606651730745220822550939568902669767052648735509696E-26
17077647,0x0956b0bb260a6ed010eda705ef0c23fce43f30fb22934d689d7268759e03c025,0xa1ebf717def70c5b3088efc04958d42f29031b44ba547d5ee06d67c9cb9f2386,1,outer_transaction_has_other_v2_v3_swaps,0
17077651,0x9e9a7b5d911620da7068d11d8f06725480f023be436f41c4eadff14fece88335,0x9c24f40231e3f1df64d462e55b315832e465518c546f3acd8f17f16198aa59ee,3,different_outer_origin_or_target,104808.5427825534877139859531080516978473188842301192373032809394026531
17077651,0x0a07bde6dbff05f48dcbea40f39e08af801755f54186edee59b560c1d0607ad9,0x9c24f40231e3f1df64d462e55b315832e465518c546f3acd8f17f16198aa59ee,1,different_outer_origin_or_target,51070.74255751458304078574570504682395763213245985763049305589051589167
17077660,0x7293f4340ce8060cfe2ea0cf6f9f4f7871837de04bf0297682688dc9f2aaffb6,0x42aa4e7c49e6ed88a386c70b34b8a44edc268d8077331ce3229ea4c3e62b90b8,1,buy_not_maximum_output,0
17077661,0xd22562264fba921eb066f9478972a8474322c5c333dfa2f30b254fadaa851861,0x16ba179547f3aec24fb1c68742188af09925ea8f82a706e86c1ad149f559045d,1,outer_transaction_has_other_v2_v3_swaps,0
17077662,0xafcb0e056455c71523c6fd83c80563e009739dbe82ebc7fcfc6d60b83ece55d7,0x7a0cbb2ced128948cd5b4a84ccf1fe7d03fdc10cd1acc402359a79c5c9bf7d62,1,back_not_maximum_output,0.0009534349167634463193455441594499137221821024660437914795473514217623598
17077677,0x7e1eb7ecdaeb8f34b78b05b0d592dd572ab2deb80c2d5f8787419dbd9650fafa,0x2ebf6239389edb9f2846c18c22b6d261b91f2788a917bf9d4d7bf5bfb21b2316,1,outer_transaction_has_other_v2_v3_swaps,0
17077687,0xbedcf44a97013c64dc96a7cbf53d0c410898224286dc989291a9f40f4c9d0077,0x5aca2985e4e87fe1d7d02dbeca409a1d9f34f762b79d48fb479561e292b1ecbe,1,outer_transaction_has_other_v2_v3_swaps,0.0009999999994736441522039058059269743922373500647467671180710932182327048
17077702,0x7ec4baf0e455dab6b5c9bbb69304ff68ae6c3adb253c56451feafb376798cfaf,0x83e8064e122d50d9fd37cd650840773ee7c80c6dfe3c5598fa038eab1687fb64,3,inventory_mismatch,1686.271215106070652145554141813203275857888184638911996124444854481858
17077706,0x0d6c1bf9b92e6edb473cd6e6b66eaa183148cf748b30b4c117842d7baa54bfd8,0xb5f39b2da0d7cf7b239ba500ab6a1b9719570e87bf0093a49c572227fa3bb2b9,2,inventory_mismatch,102373.2471185103762376957067279145456127600816526846788944363169616167
17077712,0x1d88b584942e74b59f33b2b333c771c40ce8fe60d0caf0d2889e5d0812e9284e,0x6a619c5f87b04c8f6f23013e758a1b399bccf2bca09afd26dd8feca116fa5d8e,3,different_outer_origin_or_target,17391.01643675282899499074169923722982681322138168172054399104414538989
17077712,0x588331431b42616b223b022f4aa8966c783a6651ec1384d2e703e64b94c632a2,0x6a619c5f87b04c8f6f23013e758a1b399bccf2bca09afd26dd8feca116fa5d8e,2,different_outer_origin_or_target,58579.44771673626018102294538361043680995986514022457029125120871115313
17077712,0xd0df074e4106301da86e5ab57234e87453a6a9c61f9a834ca0b8dca2311df212,0x6a619c5f87b04c8f6f23013e758a1b399bccf2bca09afd26dd8feca116fa5d8e,1,different_outer_origin_or_target,35768.13352991623353703906659544107280194337613929194325027482217220384
17077725,0x10ebfd28319a8b8735e3d84cf8f2b7df3ca5a7b81b20d991c5e5cd710fe325c7,0xedce001cfc0685091bbd8a9228df9647cc21c3ad797007ba2da78f20d8b16e96,2,different_outer_origin_or_target,97781.48218100639079409931995903635943323647518016947669168903529659763
17077725,0x10da36fc156a96dcf6e2a8843f5d653d1e0db74e7f5e868b23f6349b6dbb1633,0xedce001cfc0685091bbd8a9228df9647cc21c3ad797007ba2da78f20d8b16e96,1,different_outer_origin_or_target,24037.57647411800011392573456905409406780809666369603769497033785684867
17077726,0x3ea0b2de9ddd9abef0159380f6d650c8190e5b6e688b34059385db497d29c4de,0xe13df278a81f1441d1eee246bb268d3eacef1616310067242f67f1e89ebf1f2a,1,outer_transaction_has_other_v2_v3_swaps,0
17077731,0x96403f0c89d5fa1461ad671b822640696925675b3b8902e990a3cd5d25469008,0x9084034aa2ce3cc2c8ec81c76f6616646f15847091607f55b728d9bacbf1f80f,1,outer_transaction_has_other_v2_v3_swaps,0
17077739,0x0366572dd1f61709a04afdc7f0b3c1fc694258a229afbe692eaf78eed71c535d,0xd9e1891d699c37067425843a7d323e43d87651b82c35d8f2f770b640ed69b729,4,outer_transaction_has_other_v2_v3_swaps,0
17077743,0x5c5d7cf001cf0d9de5ad17f025b2d3f188e2c7ef4cf9f0427c06d0b0f2f20fd8,0xb669228c1ca80133e50189138501eeeb5a80e983296597cac2d201b86b5f4cf5,1,different_outer_origin_or_target,4801.888618282059661371257764212480757183357349078622560164696163601449
17077750,0x8f9d7adb8757f3a8a3ba1dc099df5d366fbd5201c78e4895f4e9aa011981f2c0,0x62b35b1560279e1d293d772e577968e28ce32c661d95fdb5ccdf619e0daaf5b7,2,outer_transaction_has_other_v2_v3_swaps,0
17077756,0xaf4d7bca446dabe090757784164c025fdd9081b438c71b495a58af6b13010385,0x56f80c8e14513e7eb615c32917eb05a6ba6e733e23aa01a91b062efff3740a2b,2,outer_transaction_has_other_v2_v3_swaps,0
17077770,0x82547db2a5be3a7e56eec0d3bb53a10587e2ec0c2f1a111c3383181a2703081e,0xc50d24e8b5d69d24d602f9db1bbdc0e96ed7e123269a4cf2903cb0b9a00e70ae,1,buy_not_maximum_output,0
17077785,0xb08b2fa8ebb99cecc3b1146c487705b6774e395c9e113c729196dd60c10fa4d7,0xa4e0199bc621d85e0cb4b4f46e8b1d3fa4031ca0d93a26ef0f1d8ee45ac9daf8,2,outer_transaction_has_other_v2_v3_swaps,0
17077789,0x0cae560d3451615112df040326e7315d3ed9ecb6b2440dd79da1dda10ff51c34,0xef6f0bd1eb655a89816f1dfe670576eb29921e7090442fa3eff2780da88ac3f3,1,back_not_maximum_output,0
17077795,0xb04fc456cf84da1567cad302b0096d8329386b505152a4a03f03fbe8abf0114a,0x75f4a1a5783cccbb5b8941ba8d08192112918402cd79be2edd4dc999e7f1eb6f,1,accepted,0
17077796,0x46bf8f2f09e4776fe0c77f519fb414bd9d63be54a09a9d0beee9893978b535d6,0xa8ba7630d1da53d7e89ef7d474955f32fd8e1ce9fbaaa6f9afd62a020d52de80,2,outer_transaction_has_other_v2_v3_swaps,0
17077804,0x365a98089a368ddb7fa89934bfdd6d1465a0a07827191a83128722af93bdf654,0xc54686809a0430e3d069d9436d379979a0db034c51e725479bc6000137c3d6ff,3,outer_transaction_has_other_v2_v3_swaps,0
17077811,0xad6204fd30a87ad7fd87747eb0483dab6d1acd821513f83faab0589b2e349669,0xf639f2fb60008381e2d5da065a8fefe305cde7105db986bb1a5417ecdc23754c,1,outer_transaction_has_other_v2_v3_swaps,0
17077823,0xfd958eae221a8cc1735aa224ca3dca2a8d82ea986cf7080a1d59e59a34790914,0x3f88dc3306f4a8315d5a0076165eae719c0342fa2f21b1fd5fe18fa1beb0cd9b,1,different_outer_origin_or_target,1634.808175788000329314809760551737462210414329519809594668136921157805
17077838,0xcd143b8c6293f14df062110d67ab91371085ba777b4815c364069435e793a126,0xd068e578e3d63c8cf5a72c0aaf1847255e68211d4a6638ef325827ab2ca1facb,4,outer_transaction_has_other_v2_v3_swaps,0
17077851,0x8f7a90f90e80999a83d6441a9814dada3d78a1ffab2dc4f38312fc85ed6ddc25,0x6393384d8cf18d56c200579c52893fd742e8f38152f6dee4f15960d335ab19e6,2,inventory_mismatch,2170.606267480954445171504671374255309378659714040894179708709148993824
17077855,0x80e23d1d378cf3a916abf4c14db565ac31161cdeeec6eb8056ced48c7e39e8e5,0x865cdf7f26e4cdddda84da8b2467d7babc5b2a8e97cbd13c5c4a70c2780603fa,1,outer_transaction_has_other_v2_v3_swaps,0
17077857,0xe88e66ea847609b0c2d3aaa8da58a1ed08eef83f4d51f32a06db2c8fd07e4cde,0x03e15ad76e46371b4c17ec0d8512dd710bfe8a3a6bdfef36556d9520aaad0992,2,different_outer_origin_or_target,3644.476191427203369733843248833857050640211635916302407414405105610468
17077857,0x6201e4b8405a5b4d0849095217128ad5b10b118be60ff9c97537f19fa8e7c1c0,0x03e15ad76e46371b4c17ec0d8512dd710bfe8a3a6bdfef36556d9520aaad0992,1,different_outer_origin_or_target,6053.624707564300164439004385140747614814086871668860957642079715920008
17077873,0x8bc865cce505a0b62063b70bba774104c030f75402cd2234b083533b5edcad9c,0x570022fa438ad7dcd398ec1ccabf0779e3614d84505cbac61cf792dace7a6700,3,outer_transaction_has_other_v2_v3_swaps,0
17077896,0x88b0391f47e59b640ea34296be57fd2a6edfdde253423a439ca301c656c85d21,0x76263be37578feec47f118e46c8fa38776086701763a3f8a4e7b3c5ae5e4e658,1,outer_transaction_has_other_v2_v3_swaps,0
17077906,0x36ec0ac49fbc582e47a92f40ae9ad7ac1eb982554fdcd64edc90136d48f87d09,0x037b679c7497cc2c6abf1786df9ed429bebac49595c41f2cf40b6b0ed97144c3,1,buy_not_maximum_output,0
17077907,0x13d88c15752591444c6514cacd92e5b4093f8800c6d6ade72657e309c2ff708f,0xc5f7788f1b3a2a4c586df585a9a2c58fd6356de820384c2020822881e02424a0,1,outer_transaction_has_other_v2_v3_swaps,0
17077924,0x6b48a724d2e57f4470d20ec575b91ef6455335d5d6a414d49ab8baad2dedd7f2,0x4d2fa393e5018e2da288a00fd906fc3785b732155c8e3af47075a3b46cc1d896,1,outer_transaction_has_other_v2_v3_swaps,0
17077926,0x347ed4e001c7389a2c4c16f9291df2a0aa38e7134826e128c50b04c82d1af01d,0xcdfa0060f0f68d0e7a24839465bebc624e4ea3ef0f9d38bf89b1da8533187fe9,1,different_outer_origin_or_target,6272.784264291401847748407291373478403172087908730787580476925526349038
17077927,0xfa4a286b9b315998b92dae819ccdcce1ca3f7579039e868cb88f49f06ac78e7e,0x56f863d47e00289dac358ea71c822901f666d0d940a7815e0326f7e622d7ca7c,1,inventory_mismatch,189924.4748134860840522853832526692892271705208374980801086843675669108
17077933,0x289a70a44020b733e33ac34305f0e39c47d2047aa67d88ff623d8d6ba05102d8,0x5ae44d5c72c72a71e3ddaa17aa2a128781e49fac9d2b12e478ae12edf65d2489,2,outer_transaction_has_other_v2_v3_swaps,0
17077944,0xdee259c5097dd681d41063789e541f87e2a5c715a5ea1bc45fe5b1f60ebc99c4,0x359d78d4a7bb0b829a34d07fd9282a6456f787de1853e55151ec25db5a197090,1,outer_transaction_has_other_v2_v3_swaps,0
17077951,0xcb9c13dd714ac3c98f35d5d1b8b6a435b7a30ad64ca6dbae1beeadd26c5c5642,0xcfe822696f34dc47547bb5daefa4a4438e5545debd3cb4ac03be6ec71720af3e,1,buy_not_maximum_output,0
17077952,0x195a8b71dfe47d6495537907cdb1dab88f2dfee78391984818ff759c86fb6ea2,0x6fd680b27e3a53c6dca419b61c2e50a246647aba7b7370a0b1ca745eecbf07f1,1,outer_transaction_has_other_v2_v3_swaps,0.0009999999994736441522037903687949127701633902596558382586468654972425498
17077956,0xe460ce833abc033ef6e850b9895e55885da6cd0934c751a851ae57d3292f0588,0xf0f7de7647641b81ffd8f56b26d9d3511e2da47136adb7f5666bea0718c03f1d,3,outer_transaction_has_other_v2_v3_swaps,0
17077958,0x8f5e6908ed637360b4f1fac875b6b85707c0d100a1b29c9a712a147bfdc55936,0x7b7927517cc5a4c4259142341922757b9946365762aa3189f47fd6fc8b96a014,1,outer_transaction_has_other_v2_v3_swaps,0
17077963,0xb6aeb5dc77cf2efd87885861f679bb8c3aef303dcbcc83625dcc9d03f692790a,0x42c8e75e0ba6557eeaadb217baa410be45d9fe0d15783ce971ee3317fb7ba43a,3,buy_not_maximum_output,0
17077975,0x3f2e67b11962bfae28a5dca0f5582458b5c1565509a07f76e7b1091fee5b2484,0x8713c5353618442ffdf4210c34cb56c9f06a8355ea55cf17cc80aa5fc451fe73,2,outer_transaction_has_other_v2_v3_swaps,0
17077977,0x6a59cb5718d6328b968ba077213a669f4d590f5c75e2c0917eedea4ed25de3e0,0xe1457b39933dea5a95f71ed325c308b5908fc2b6115905734506ae0692de7f14,2,outer_transaction_has_other_v2_v3_swaps,0
17077986,0x09b9bc97c47d5cde726462049316d896507147bfc1f113af9ebf366b88f82f6c,0xd0d63729c4bc71818abfd02524dd6e8dbb303fbcc5eef0f69b283215adaf8da7,1,buy_not_maximum_output,6.253601554343758462148905343551011278841115985769212552011091555388708E-25
17077990,0x505f96a373baae94f5fe95693ea490e85bdd9ed65c46cd7ba97fadf5eb5fd4b3,0x560691efa9a0c535ffc23c30b6816822a5069748fdd6ada32dd2c77ac743368f,1,inventory_mismatch,20426.21946300368622537044232709825638278895075868002606847750416268714
17077993,0x9baf74774d8d9c5a757b894beeb93c3a836ce15f0deaf4610705602ed284645c,0x11e2bee1c42227c65c013dffa3c0282a16750e0c81630c5c8c0fa20e5e491748,1,buy_not_maximum_output,0.0009999999994736441522042729423738578103466844134559700657446334955451594
17077994,0x47a1a574536485a6ac3ed6720dc51d5d38dfdbad711d0df5609798660f0fd1fe,0xfdb7c44576804781d64cd9e6ce66c75b173b6ea53ba5ddb36722c3ce512be8cd,1,outer_transaction_has_other_v2_v3_swaps,0.0009999999994736441522037150913015574618825283736930135803666229887205105
17077995,0xa9773295ba224bd1dffc6dabc80766d867866a11ba395e5ddbf92cdc27285ab3,0x9acf804e12e9544b8b126c266b531c057a5fb58ed036bd2cddb45e3264954c9a,3,outer_transaction_has_other_v2_v3_swaps,0
17077998,0x35532fde829c43f3b331db320946db5722dc8595ef6bacd6872430cd7d3d2cda,0xeb86faf7fca6b348a51c817fffc8d86249b8aaa5a3323b78ff1ae8cefcd65be8,1,outer_transaction_has_other_v2_v3_swaps,0
17078000,0xd1a34f339b153ff4644bea43f49b747e71b4745aa110ff085fcd3d9faf1c833a,0x40ef6df7b807218eab32f95610804a2fd5322d1ab0c38bd31a339bd7b068abb3,1,outer_transaction_has_other_v2_v3_swaps,0
17078006,0xc5172feabb123005800bb719824cef875d1cfa30fac8f193ab0ec08b9c7fc1fa,0x2e43b49695f8a58100b62de75a8db7e97b577478925a5ae6ee790e443f95a78d,2,outer_transaction_has_other_v2_v3_swaps,0
17078010,0x3f27e659adc805a6a2d58ce4929ca2af9b31246e79213eff99eb371df4ec92ed,0xe8dfe83ba68a62d566299c05a392a1cc5754ed059b75ce8df8328e6c56d3acec,1,different_outer_origin_or_target,590216.0099690353386775364396554897785245288559606046324223783409811692
17078012,0x0c26baf1cd1cbdb77af5b19869aeb3168efbb98db07e6357129fdce329c24ea7,0x1b47682526075677a6c306ac5c8f2a2521f081313ba9b3c23429ff09eae9a02d,1,outer_transaction_has_other_v2_v3_swaps,0.0009999999994736441522037760251992716554501803968018587168761575633085623
17078019,0x33172ae46e6f85d23f47bab19a775e38a6cc5054df782433b8d100008457c489,0xf8c5d0a9fba29801b197ea8258b019707323e9e039720f94370cb7639dbec629,1,outer_transaction_has_other_v2_v3_swaps,0.0009999999994736441522055145451945497190259134554340263554918782638079249
17078025,0x15ab5af5bf1f9c87f7a827baa48438eb196012d749b4a36a4002d1fafbddd09d,0x36f1e47fd0928169cd8e3df733babf263dcf6934db0eee65bb70bbffc9a210d1,2,inventory_mismatch,9889.780316950845407042078028736338011917489088577357262638599757652550
17078027,0x717284eaa7cc509ac5ec01360b0f6850dd5dbc9bd77783bcd80dabf99ec1de1e,0xdd175d99f35fbcfaa9a4628d6d0c061196fd24da668f666d8723d2385377d6b6,2,different_outer_origin_or_target,945.6045117837786102551526805251722714021537951807364300507653363482911
17078031,0x6f7b010dc4423cb5d5117a275232329e4e7ef131e4151f700d6f22c28354cb01,0x0cda2237a645a660c4ce85558aef448b911d3eab02400b32609e165332bd7c1e,2,different_outer_origin_or_target,124883.8100227440593094833182232845631194113835258307827095763781853989
17078036,0xab7937dfe3dfeaf945ac76081772e331367515b6156cf143bc08a13b52ae2bac,0xd4d305f29495d9132e83cd44217adeb764558dd0e986c234c14d496843f17b38,1,accepted,0.009999999999942744179553129222987698539646355680032856831511843319551281
17078036,0x4c3f7902e37bb122654d4440f43b0968e7838b054d36ce810527050b17eea077,0x19d528fccc1f12a5e3f43a0ec32b9a5f029a13c39e3ff7555375a2917e7c5b7f,1,accepted,0.009999999999963674514777020377279947994814044351499085823935530075946764
17078041,0x7ef8c4a7db1bc52120dd9e14029d0142ab947e545457ec68290b90de4e24ac45,0x32feaf33c97e4f0a91ac09f1bf58176b27c2286e7f0f7bdb028c20efee354a68,1,different_outer_origin_or_target,9744.136216751662886392554504953694547379188807064704159837064256982764
17078045,0xe67cd027375e13fb34a02abb5497e3240c16eec6b234eaf0ef11209fa10b06d1,0x7c2ddaae527c6704ce96c66a6be664bdd7711908cdb490a4d18702cf84ff0b0d,2,different_outer_origin_or_target,0
17078046,0x7c60f5427e996ba49096e6fea83191e53d5847b244568fba4d4c3b83334bbf4f,0x963ebfaee8e3648cb260407d68531f66ded2b2955ec68603551f578c93d2037e,3,different_outer_origin_or_target,22250.55439621115299124552291692468178339260490026130424231279251911400
17078048,0xa89b505cb7d64396f141ec2c15b01567e6368ddd2e2b6c4ade92d9a6baacca1a,0x9329ffa99bf5b53a9d18b402e5f1808ef6685a879302d1f7019496dd6d1a9bdb,2,outer_transaction_has_other_v2_v3_swaps,0
17078053,0x07200eaed106f83a4eae0c20fc3cfa80ec9c1a6bb89d676d0955ede46ccfcab5,0x0d33f46620dff2a784ffe36b34f6f84084722191b07f2f436662f0a5e380e5f0,4,different_outer_origin_or_target,7688.246817139617073135789708091338381228353513809384267729806581223675
17078053,0x758e7fabb9a997f09d72d9ab80e24a250fa52e2749b72d4ba6614e5476f39bc0,0x0d33f46620dff2a784ffe36b34f6f84084722191b07f2f436662f0a5e380e5f0,1,inventory_mismatch,13006.86650395605000619866478094334982641813761964154806233859897456069
17078057,0x6caddf3fe0fc733d99301bada4b4730c4cf63a62e5f1c7c212f20a19016eee2d,0x552f02e8f8e14d949878dd9ca6df27273c338662036bccf700fafa05d13311c3,1,outer_transaction_has_other_v2_v3_swaps,0.0009999999994736441522037412812777028865844155832032553650911136306593963
17078061,0x752b45511f0ed7f7dc9e082ed3cde189febc2924855bfbb0878a34875c27be80,0x84b5626ca589e618be9e80d986e50eccdaeb91207de4443eb9c0a7a9bb3db125,2,different_outer_origin_or_target,5084.813073087033752775736282111400593991747436932457206061459512512339
17078075,0x865919bac0ce7bd0edd84f8f902c72e67960d497d817750b42668e935a1ea1a7,0x853b00d1688dc5e1cd55eb3f694dc3995098e3d29224161a9b73818d2e5e9552,1,different_outer_origin_or_target,441213.7263502771653778078130004153953794273427750336803680816620312270
17078079,0xe29fe974920dccd4ba7636a43667d612af5e567cdeb8a4a572f025483ed97b2d,0x51c47e8b04f87321a863757f255d2d19b21833322661a0d4eea047bb061b4aee,1,different_outer_origin_or_target,55451.47171644874124775181741570277810697576063962343109352234492778724
17078086,0x55b77e2d964fb2fc9f3829147ca575d575a0bac9c772c174792b30a26469e862,0xf78509d5b957467351d14a2efa59e75ec6137946bc6c3fc921fc12d360c2287d,1,different_outer_origin_or_target,4037.915350829357596550451994966390032476825798475302510849595824436025
17078087,0x8500134370275e4fbf94b860e73d46f66c2d0b5a1812f8c4cf5c69d275626fcb,0xd20937b8e1b6ce1ac0c447cfe2ca1c7068b613766db66771b24dd208d355fd88,1,buy_not_maximum_output,1.732481136524553412329323345012425315055419537040756890727785536333761E-25
17078095,0xdbcda2040d85449ab04a7f212a6b44141277a2a74062eaa793b1aadc75433680,0x69fe7088d6a8abf952b7e0d7379f502153570fb3ec4eb7d746d8164985582d92,4,outer_transaction_has_other_v2_v3_swaps,0
17078103,0xe9c03080cb7f25bee7553964b27651aec59a147524f7249fde21c1686e245e2d,0xe3de53036e10820db4b440aa4d58dd539ee35a5a3efad4717fe0b66f3d1ffe12,1,different_outer_origin_or_target,6480.460507140892801267668529136024823568262072177030540413099283580277
17078105,0xf5c8259ba4b7e05b0c59e7f429f9c4040bb80f94eafb1bc34af0181d04c2dd7c,0x37c295bd48788887d05574aee3d7b57af081993656193284a44590e253810687,1,buy_not_maximum_output,0
17078114,0xc0e797dcef23ca8b7ad9ba35ade515ca27e2f4a9c3a29d66a59e739036e017d8,0xa568236827b914f2a965b93b8719a443604c758eece16304ffa74ef48a66d48e,1,outer_transaction_has_other_v2_v3_swaps,0.0009999999994736441522041932619686321012072156393921096140538433300672246
17078118,0xe16ea61d1e2d0c8bf7d1f39f712e99e32c121ce7b457c2142e557387493b3930,0x671d1d87be228f665f0344c996618d9e265da4249839afb59c6de1fd8f7fb9c3,2,buy_not_maximum_output,0
17078121,0xa4b7c0435c26fb6010afa70ead815c4227702191ae3cbae909b3940639bc04f4,0xc4711fa764aec0310aebff58ab41def85437fb093a0258cd4b6e0ed2f20ec218,1,back_not_maximum_output,0.0004994379441386597376565457718485118983712303252489672167188814110572084
17078122,0x5792162cfa8fd7b07c28e2f18bb3fe46165b0ba337ca8ae0373bec5fd811e6ae,0xadf3dd62e4a21701a1f025333fdfda27d51b22e0134f4ffbef7892fde65451eb,2,outer_transaction_has_other_v2_v3_swaps,0
17078125,0x43e02a90a467cbed82f59aaab3005a13021079d037c647b91d0718948ca4d794,0xa39be9c7a0f99c6edc4c3b1fa3a079af3e18ac64b8eb2feb7760fca56f606470,2,outer_transaction_has_other_v2_v3_swaps,0
17078126,0x2d40a07b8f67e5dc852db3b2e0e0030951fd61183130b73a87645d1d87f96609,0xb8e3caeec98e37a4dde08ff9956af4003da09e329e0c30bddba72756f700da82,3,buy_not_maximum_output,6.095698674043940672388685710418089337085106712522436001313456759230299E-12
17078130,0xf9cb5eca653543616529ef29290df04ebe2995d71c172098b65e88638ae05bd3,0x54bca05858b5afe0d9d72520e8b4c6d3d6090682330650d8a6104f44bdc9fd74,4,outer_transaction_has_other_v2_v3_swaps,0
17078131,0x966618ece7780c2c981d205b5e0bbbf53b3efcaa3f7ddea3bea41c3eebf08924,0x9fbbd819fceae968fa0f3e3e5400d9792899b94282e5ac5ed14bdb6f32ed0671,1,outer_transaction_has_other_v2_v3_swaps,0
17078137,0x568b8ecf381e2595939ce4cf38a9617d78170a724e66e8d1233c74028b1fd530,0x3ab20416171d52ef784c3a87f42bc9e583cf753b9dda8a1b420ba8b925276f05,2,different_outer_origin_or_target,5.835226827294471599025616688183452541185271376248133876017158676053475
17078139,0x2891896b0965173352d4a744e4603ffc1f88b024f89c14bb229dfb2b41759159,0x1bcb7e34ba1d36248f2e84d80b0d0f8f250f955de201fde4262cf9aa8eec9110,4,outer_transaction_has_other_v2_v3_swaps,0
17078147,0xc10c6b5b46a0b38c92a4f7196ca8045c60541146477bdc223241b604cd99406c,0x281431b1a0b3db7ce9f6acb4bdbc5955b1271a38abf483a1dcfd818c0b05faee,1,outer_transaction_has_other_v2_v3_swaps,0
17078149,0x5160eac7b9d07b431d3fdb169d79b362885bc414cf5e8587eb2e4753af358378,0xe38b0a29a39379ea463e7d4fd8b5fb83840c34348c4d4107acca1b3601b6e983,2,outer_transaction_has_other_v2_v3_swaps,0
17078150,0xeab302423b63c5214e9856146e622ac79300bb2421eb8e6210b12607341265f9,0x0b47e794572750cc40f83ef2c716f083b23091daa846db70611b5bf7e2a37fce,1,different_outer_origin_or_target,237338.4517755572620435220095789327632355919827549549229741528413933806
17078161,0x2cb2dc578a47fab040fe183d056b7c7563e98c2e8f0b6df79099c7c002d17589,0x3ff6571ba2c5126d104182257d40f60304e99e10f7f4f3345e3aa3df9a2b7f61,2,outer_transaction_has_other_v2_v3_swaps,1.144284138124725103146654540773744299665698903844816094886729959157561E-25
17078167,0xd482eb934573ef59fc2038580ab68ac3c0f8458e2bf42a9616178c3280292dac,0x7a0962a417dcbae1edfcc0f4032f949814c30c7a7ba7f8e152a924dd136d3d6e,2,buy_not_maximum_output,0
17078171,0xa839792d7b7ce1ae01a041780a6928efde7359e7de2e4c72378de7e676e43800,0xc8b5a6b8c51f2d857918c715326a63516020bfac7889bf53dabd4a5f08b0e771,4,buy_not_maximum_output,0
17078173,0x28500e4b99e80d88aba9c16bc3073d88bb3ac0ebb8272f29cc08c61fed007031,0x4973fed6043da814914015c06fdb849d24ba7fc2ec85f66faa72e9974240cd39,1,buy_not_maximum_output,0
17078177,0xfd5d4544074696c83423219b55f35b9af452261bace6b6410cf210a97562b8e9,0x078c0bb6265324c474a210ecbaf490b2e6d7aab9a04bfbfb565caeb004c35ce6,2,different_outer_origin_or_target,57362.29373105119806274818862224883373098610235920366095772731335571924
17078177,0xbe189863a967e45544ab01c438badd14af013619cdbe19a50cccfcc7cb53a7be,0x078c0bb6265324c474a210ecbaf490b2e6d7aab9a04bfbfb565caeb004c35ce6,1,different_outer_origin_or_target,19434.62002900608621453159327002709765433008239589153504482530430517823
17078187,0x4781eb3276781fcbadf82dd98b566e4dfdb37c8df11036634493a322244a4410,0xcba22d5371aa8ac4af38441c4047e47a5151135145b1f191ac66cd42db8d8732,2,outer_transaction_has_other_v2_v3_swaps,0
17078188,0x0f208bbe57b20776cc1a1ff4ce5033c8318376e00d2188855b4b77109c9cd25f,0xbae38060278d8267b7277110e0f04abffa295758fab852d2203b7ca9efff8930,1,accepted,0
17078189,0xe8967d11d961bba79dae217cecec9fac04e68121a839f3d39280881deeb51041,0x901649fd14cf6835b5ec5e9ca1d24d83bb08b700aedd7477c1cc22c51a14cfdd,1,outer_transaction_has_other_v2_v3_swaps,0.0009999999994736441522037979209362351120767176927279610437495081933937630
17078192,0x7ecbe1b91b775032c97d818071be4bd510c78891dc0b24b5cfaefea0b2bae576,0xa3b04b5d83011e3911f8c1a1ea4b4ca1bd57580ca5d9dbc0bac96d086b8541c8,1,buy_not_maximum_output,0
17078196,0xe3a57bd065d5a4b5a0309c8800485856981bb560ed382b3535d2d6defbea913c,0x1af21534b51f6836016c310960c4149e1d420a2c790dccd0ff925d625010b87b,1,accepted,0.009999999999617909405198728988832838125354979000277228481740303075977146
17078196,0x1221eaaed535c89ba16de30511134cc884396f3ddb4efc4577c1e84e24295f80,0x56a218dcc6eaa6d71c6197f58f9040e613f423938dfa64f9f4f015d888a095b2,1,accepted,0.01000000000115962931237246330954850732522691884028254871546365951274257
17078200,0xf9391960a46d8017b75138d85b185ad05727e16e8532f3e3904b69605054ac3f,0x26979b00f8aecbd341887604ef95eb82482b90e437a890788ba1ff5860b1cf47,1,outer_transaction_has_other_v2_v3_swaps,0.0009999999994736441522038566800984774003235440134504223218289260802951175
17078207,0x7e36155b872c57c0fe7e915b29b14286f60623c1edecca20c40d18fa46a9f51f,0x33f12204bfa3bc09bd81c2b9e64ad14311fc4d5da9e727ebf8f4749e28ca9121,1,buy_not_maximum_output,0.0009999999994736441522042343390816683037462146336636006009096146254386690
17078216,0x4b0a053a7d0f2943731084426ece7a6c3b6374e5c988e6d96a5eefed2a8dd5a4,0xdee3beac63107bb26ce488fa47c3a5df604b7b0acdea735c18812275b2c36040,3,buy_not_maximum_output,1.546546096737711254474436078398276967324560035690217980194763699931617E-25
17078219,0x8dedb7ebadd1219593319ba9d740ffad2a30777d7c0657ae76205171924e614f,0xf8576b1f78266e0be5f11adb6acff46b1492a52a64d2f42e54dcaafd712bc3f0,3,buy_not_maximum_output,4.052488932639015294902432943430487448323625070280676433712348364322810E-25
17078225,0x4cca1e2c9f67923db204cdfc20ca922feeedbf61288bfdffa0bcc1bd70933508,0x554f80455367596dfb7973116fc696f949f8557d559c244caffd1090ffa72a93,1,buy_not_maximum_output,0
17078237,0xfa3c8e400c36a8ad4a529fb82ff6146f7c39cdf94ddfefd9ea6c507b111478f8,0x61617a6cbffaf12f1f12a28e7018aed350edebae069c04b60a0a323abed078ef,1,outer_transaction_has_other_v2_v3_swaps,0.0009999999994736441522037140734299126666100124809357596558223524468631376
17078239,0x9310ffcbbdfd196fc476c4c5f48e168f491cd315196c416b6f9ceea06307c15c,0x690441e6f67f20b9c83cff6aa6e15b525149d07ce517b0eb35b7d20371dc54fd,1,buy_not_maximum_output,0
17078242,0x686d2a6db433849bd80b0f0e56a0263e62ecb79c198bfc681ffc2c23d9709fb0,0x6a9c73d9f79889005a463c49fa8dc7d8cc813234b2bf3f38d863d9efb571db4f,3,outer_transaction_has_other_v2_v3_swaps,0
17078244,0xed3e3b4dedd9a62933c56980bea97704aa9bbd3f56d1ec09e06258e3c5c82a05,0xf6a3739c489039b43718c02456429eb32fc36dc022646600f57098cb07f1bcea,3,different_outer_origin_or_target,42561.65843215229968457303199209542625194787929970849105268627956455979
17078244,0xfbf821a558c6f8ab00b11f348f889b0a8c1f7f27a930850b7225627d9263b7d4,0xf6a3739c489039b43718c02456429eb32fc36dc022646600f57098cb07f1bcea,1,different_outer_origin_or_target,34034.63968098933625780541245643263432942680565161141304265939955111775
17078245,0x7ceec0713aa6eac424d458ba181f9f33741b350731b77c357917d86385b9b64e,0xfb27abae54037d4ac77a13cff559961e2734545a9ba3a9c1cd6150e57c4dd6f9,1,outer_transaction_has_other_v2_v3_swaps,0
17078268,0xa5050b6281d7647b7960aba39ddaf7036e8b95975c871026301e110cd38b026c,0xc918c08565874608032d734f53c6215e8af258043cb00d0f49e774a16cfda7b5,2,different_outer_origin_or_target,2708.938681857004423773953905387746061395443588613024449128022512245591
17078276,0x5a13eb8c7fae36cc2d111fefa54a550b2e4af75849ef298462fa90ee76257c5e,0xb413003e9ccbcb71232980f6f89dbf3bf9b2e83fc4e511c1e49fb658c19896f6,3,buy_not_maximum_output,0
17078282,0x13b17c50a60d8305a8626326e702ba500e72cd0284d547f5e828d5e2190022cf,0xf1cbdc4afe09e509ff4234fb32c4bebe8f15612cea572f8e7552118435438ff5,1,different_outer_origin_or_target,18211.28063216902473990401738059363085144589943529503395341695413939578
17078285,0x46133e9344dea04ccd2c7f2591eefc1eae695557085a56768778a6847209e8b9,0xf18b4fd89564a223754f571b924dbf55fd08e40416001d54a2344e26742e07db,1,different_outer_origin_or_target,12214.13646322306513574907819384844623818182676207260127191182863240902
17078289,0x265e3e29bb3e32b4717877abec02f975f1f9c0d527bbbfce93b2b47abd620e6b,0x40a3f52bad19584b28e52dffadef6a2d954dd1c2c13f123999c2f2e834540cfc,3,different_outer_origin_or_target,4004.776092651023704206842145790877564112409713286482711511443226408522
17078289,0x11427f227f322c3684fc525629254df6ce6cfe604fd08f7b75ffcdf119432c32,0x40a3f52bad19584b28e52dffadef6a2d954dd1c2c13f123999c2f2e834540cfc,1,different_outer_origin_or_target,3711.826366175464980977645082625983285246627036089626294686772218357917
17078293,0xf67ef809bd0f9f0cd1de5c4c61b958270b362f872d82b0c1e1a5c3b895aab517,0xb84c62a88cc938e6c99b1c76c8d8f341b8525e0c7fcaa5f6e174c21f3b8b9377,1,buy_not_maximum_output,0
17078297,0x2ee8a1aaeb39bdba98da8e5f59cc705bbc0fe950e85c1f2cfcc2f720264f2365,0xa8f303ec4555fe8d36ef352ec25651dbb0bd48411471a74808f401e8ae87f09b,3,outer_transaction_has_other_v2_v3_swaps,0
17078305,0x48a02739097d64fd2403335a675447b3ad67e1dbfd2a18ebd1c94ec4cdffec5c,0x74ca8502549651169e5ca51bc752ee2e47989d6cdf44e16aa90ee647ace7462e,3,buy_not_maximum_output,0
17078310,0x28d296bded1216cceedf69553f514cfc2e7eff68f024730d64c48f42a118d4d3,0x129a6f64144c3a5a77369af43baad4bddd4b6d55fc0d56b31352085242523184,1,outer_transaction_has_other_v2_v3_swaps,4.492548825271844820945695280195991465333395898860425877879019145311315E-25
17078311,0x4bb971b939e8468cbe13c6615128866288a2175e38b014cc39e65a1a80f1acec,0xb41f76b4808fd1e4a7a68d37e40f87ae9590b9b257b97d7249b59ea98a8f6671,2,different_outer_origin_or_target,50343.49144171155679994469412891610479251546179639871252900343905583576
17078316,0x2183d6fcdf6cfd864528fac2a6f01fe254384f11351bf0ee3fd83ea0f2c8d6a3,0x665c82615840feb8eb0001b911239c61cdaeebca2d640af7042fb0446d15944e,1,accepted,0
17078317,0x73e36bc5bcaab9dc1dc3f1082443a16840444fc1fe746fa93fec5fbabb4a8186,0xbe60189c82880f915b61b27e360c137aee19874aec61568cd5cf82d3dbac02c8,4,buy_not_maximum_output,3.779630966802052706442089201835297532178324826321450574283614663271498E-12
17078322,0x481b07ed7656bfa52b0c2ad53aabb2651dc4af57e9cd3a6deb4e2c90fa54eabb,0xc073e942ee0eb0abb0bbfbdce7edf18b5ecf5412b3fb08390134fc80c0ac2160,1,different_outer_origin_or_target,8747.076992792998232070403447119984351363406420496142420020523305375325
17078324,0x68b187a1dfdef12b54400688846305b89b7d48e4ec9b62e840f77d2529bad53b,0x5e9c5bfee4b95b4263b8a627ed41fe4a8b42ae90b0fb70961deb0dbbab08f49a,1,inventory_mismatch,59691.05485022297662643462779272975151500444006049119231790339050313856
17078325,0xa506ee12f651d4e5ee56b57f46a23bcb195cda7f49817c6048d730fad0998b86,0xeeed34257086ac3d2a6f38d9208dcfb82ba3700c653b86fca5a0da900e8210eb,3,inventory_mismatch,4511.127508516616290300284522191117575989934250137502352672930328644279
17078326,0xac4d216df6559cee21b9af14a1a4818c9dedf63826dc6d6e5b2918b30a0633f7,0x3a5bbd210295b767e9b855cfe444a8383571a5f35c84afabae116aaf5797ef28,2,outer_transaction_has_other_v2_v3_swaps,0
17078329,0x0e868da51bc36ffa7c272120adeb394bae055cca4834ad7488b0f7667b04ad97,0x9fc5fae19cc0ebffd38e03696f66cdbccdac79ad04e713f2d67edf86865479e4,2,accepted,0
17078330,0xac839fe1508b6f3b41f345dd7c87b66b578eeb4b2de299edc09483d38a30c52a,0xeb6be4cd910f65c54663da80ef8bc509604f96ffd70a92008730ff5247fa4357,4,different_outer_origin_or_target,95547.79463463855024612429661122097656476134155139386990403947522202268
17078330,0x44d437bf9529ae3dd03adad468cbe745d8fdbf2bed8546cc5c6720ba927cee5a,0xeb6be4cd910f65c54663da80ef8bc509604f96ffd70a92008730ff5247fa4357,1,different_outer_origin_or_target,1046.596631375805821023782390317286593371409308127851457756120698907455
17078333,0xd65834140ef96a0af89b8b2e4eeb6b632c2cc25e14e706dcbe04f159a1c0758a,0xc59e361106068bac6cd6c6e33019844467f6e8ecbe5f97e8f78fe6381b67ce45,1,outer_transaction_has_other_v2_v3_swaps,0
17078336,0x45512ed6cad5e3c288ba6d8a889cd5169ebd25dd905d474044ac31be53375822,0x52dc3d1b07f357649db1dd8e7a73228a80132b98467c6f3dd6a247519694ad2b,2,outer_transaction_has_other_v2_v3_swaps,4.889129809929160914817318222575210944914988083628934232507918300850162E-25
17078337,0xeff07402ef3113a6f2a1c492968617182696f072ade120c89fb79709ffe562c5,0x36d9d9336f6095ff79c0634c8116e23074bd4b8961617eeae2a96a12ad3672b5,1,outer_transaction_has_other_v2_v3_swaps,0
17078342,0x2cb1f6f92af798a8ee9eeeb3865de37de4495f18c3ae2f73b0f2144775a69fbc,0x2cc685b537bd71c8306ec5d470bd33cd818d053c56b19efef832420d6807317d,1,buy_not_maximum_output,1.628505028731699870609569669410238405777780113172905691852373658667478E-25
17078342,0xe96ddd1318e4617d28dd29fe9eb20042c66d4f1ed1ca6eeaa2108db6d38dd855,0x7ee877ee5b80dc9069149b0e31460e9440960370fcf7e6b99544e8b961b61c41,2,different_outer_origin_or_target,6277.064462631012714648835385170146464178799876173815408028894266489083
17078342,0x26b648b75ad3381feaf360f008be75bf03c0c0ec991da2ee7d52b55356441740,0x7ee877ee5b80dc9069149b0e31460e9440960370fcf7e6b99544e8b961b61c41,1,different_outer_origin_or_target,7637.844897978559506626363431845253475210873528854521130104855186102712
17078345,0x7b80af97d491fa885bfff28c7b6e224715800977a8c4fe962204ae1bfbc5752c,0x2fd52c39630b7d8d431287adbaef4b25316d66b44d35396c4d050cb756f0ef0d,1,buy_not_maximum_output,0
17078347,0x2ec0cec5bdf8c44b73a42de220ae2c50e10183163be3cef7477b4681f97f2ca4,0x5f079c1fab74574d786b4892a3a70560269cb944d6865182b58732f024aa8455,1,different_outer_origin_or_target,767.3497029325733207774493700917698259629345347119616191642847426256858
17078348,0xa8a88e32d60553a75488435d828b185e1e7c66bba9b213ce198cf4249060bfad,0x21c00cfe8a7ea3331a7831fa7e331dce23889b544bc13c20fb3111671421b461,1,different_outer_origin_or_target,5984.143042359073232800686936193939334873120578207509341076137487308930
17078349,0x3ca5327412bf3935b7c6cece7fab011e8a1bc34afa3f91c26aa8382df77c95a1,0xf9cca1f447c09ee65110b3aa4d16631ca79ac938a76db8dc438797b9cbd3e916,1,outer_transaction_has_other_v2_v3_swaps,0
17078353,0x649aca0e03b109f3fd2b109a3a9fdf8e9bfe5ee234198c49cbb441b579b886c8,0xe45091d412603a7aae7c88ef6fee31e67391029eaa0482ee6eb61f8fb8b31755,1,outer_transaction_has_other_v2_v3_swaps,0
17078364,0xda2d11fae8dd5726d805a8e41418eff2af52be169f9d56a4f02d65dad7fec094,0xe794669d6820a061b8a814bc8c2c90081091f94597677ba4ad5196f0e2dada1d,1,outer_transaction_has_other_v2_v3_swaps,0
17078369,0x4bb48bef8c63c7df4378d605ba327d63c76ccdbe3fc99483c4e2008a0420ce93,0x0b28af9ddaa0c65904ea0254b771c9b4470846b846e41764c6f7c0582cad071d,4,outer_transaction_has_other_v2_v3_swaps,0
17078375,0x5512ab58386f330de63087182348845707edc2ce131363c9b7297975ba6e9761,0x1ab984d378d7316b5c5204f6de8cb3fcd091d233ac2174a1116cf5e65d42727f,1,different_outer_origin_or_target,15838.38966453202133220331184580464310189927014374857139615990865795730
17078376,0xbb5c444c851712bb3c66a0d8d6f52ed226e2735d4ae236c8d03e1d313bd20651,0xf054ea52cc6b859ea102a88f5f34482c2488decfe1dad98f8062d2674f281f49,1,accepted,0
17078387,0x5f3302c34ad679d880984a078e58778a7068d3e3e42398bcded1dac3a608051b,0xd8096486bd8799bc1789a34fd0b0d541c411db13ef917152ef858b07ddf4b75d,1,buy_not_maximum_output,0
17078394,0x711d0a468f733e210b6d79f0c1664ae098ac39dac65cdc8bd00a3992edd20802,0xe8fda0392166c29ea4df7a3fe35bb83bfd96dba8e73870998354584a42fa5404,3,buy_not_maximum_output,0
17078395,0x452a147fc93d8acd206bc81d122e8d99a79ec87524c6ce15f82f53eb01516faa,0x6a7fb5255a9276791e308ed6149ea4913bcedb37ea5150f0f11a20235729e82c,2,outer_transaction_has_other_v2_v3_swaps,0
17078397,0x84a8c656effb2f4c0dfd482b5722de3505809cf3538b08c333549aa1100b20f9,0x5ba2020bc58f818505e450c67891a4fc0ff080238fb98ed798920b076d8a6df8,1,different_outer_origin_or_target,40015.44562382734155138275877169169517060293750647144621710746255298894
17078403,0xf63bec68a0848fdc97df79791f9775035e7e429cd4d14c5b3b6a0781e5197c7f,0x26d7f09930045511013adab021b629cb968f0b1812577af65e3fa29cc06f45c7,1,outer_transaction_has_other_v2_v3_swaps,0
17078417,0x152201455efa8481e9bafb88603772178e53505ac3a8683803a7b2d43483bc33,0xd6d42e2b4fb5d28328710efebdcb83e3b5679e8120241e66b5c2f4324ddf790b,1,outer_transaction_has_other_v2_v3_swaps,0.0009999999994736441522041964219320872926465800873158888879435509905886703
17078425,0xf9b0af347558f803d0f49f7dfca89c3c3839c0ba6942554a000431ba41720269,0xfdb7a7f9ca15b65185713789494d00b204c31dd5d8de4bfdaca06a38e635caba,2,buy_not_maximum_output,0
17078431,0xed3c0446fc0e52b0db95c94d60bfd09416729b19008c167bd87c9418f5f1eccf,0x3f57b58bce4fb2ebce58928205bcd40a10efd119a3da2a99efcee59a12b6d855,1,buy_not_maximum_output,0
17078434,0x492d075bf1dc97c41487d7b571ced4a4d167455e1a137745066bf8c7d9b86cfa,0x98431085fbea577b9567179afbefbf160394c9149e7778b1c84248e3c47283c2,1,different_outer_origin_or_target,7814.902291263252476121369190158372376670537589426844443575386557684995
17078438,0xfe4b5e144853bcf8ab76a659e5cd6d744df264a8015d0b50bfa64429b817b892,0xab1ffb663d3f60a69fdfae3bcec22ed454653a6fa8c965484407d89fb7330d87,4,buy_not_maximum_output,1.022002752366212827230588501525057787614154922498071532180665669190038E-24
17078439,0x770e91752e9fee7ee49ce4b08ad3bd262b72a26023c765437404249e03a6327a,0xa6ff64029f3684a0a7d1b0936b79e5eb8a521494017f85c9f27f223a8e4a531e,1,buy_not_maximum_output,0
17078440,0x98bd8cdd83f104f0e68fc9452a214e2e8e76af55a2b1ca7b75a22e68c5b7a42b,0x29c0ba5a4dc4a2d308bd7a537f43cf7f6cd64ea4b467a7afdc23cae17893b794,1,outer_transaction_has_other_v2_v3_swaps,0.0009999999994736441522038892319163295345120006250830741731572463875276883
17078442,0xc4dd04cf17562ac541fd4123bd68d513fddd1afe484668ce6512b911e55592c8,0x71eaa71c038d84031f2b324f58c239a518eac24e7f5dce242c2a561cd2bc78e2,1,different_outer_origin_or_target,101993.4938611235825749056978359035420907148794227131723088819605870392
17078443,0x2da79e61a1e026533c75d455426395f8ce83f07b8f4cab88652d7c5e7076f27a,0x21f517ebac724f1eee9645f586ad3b10666ed0784dd475e7303805daf61a4f86,1,outer_transaction_has_other_v2_v3_swaps,2.434000832735227146904603357733303366712005112933169089698456951518383E-25
17078452,0x913aa1cf0fec5a5adeedee62910793c2df0895e98a74c8c0e61143d626f392dc,0xc86bae689531732cc6c4849e57fad948d654857d72ee46776693e195b92c807e,4,different_outer_origin_or_target,14971.83659286561605701578454845563755279051716156694911361836722005660
17078452,0x2a257574fcb4c687ff1b9e58dc2eff6f50f428c566408000f317716a19150fc8,0xc86bae689531732cc6c4849e57fad948d654857d72ee46776693e195b92c807e,1,different_outer_origin_or_target,6679.207282268364402699843741315099500162740623184126395593115344994858
17078453,0x5c2b6151d60a467b3e1934d3bdac3ca0928a48d16c85f345e87bf790f470d190,0x286c0411ae2b31feff4eb6c04189131a6816f6a40814ca6d9054ca89c03cea77,2,outer_transaction_has_other_v2_v3_swaps,5.987762537579060583991310067411612913696730475158291358905564831483165E-25
17078459,0xc277fada598b610742b45a4d10c596ebea71e4310f391a0119cd6faa8d2c55f8,0x15f3688e83353675791a8c66f1ad92ec96077153c5e430017894258248fe73cd,2,outer_transaction_has_other_v2_v3_swaps,8.276398887945393135916113393801393380498924593398552266224795287355665E-25
17078461,0x777c433ab5a4b3ae26c6349b771688cbadded03dffeeda46f214f32a3ecdb0ae,0x0e0c68b6cc0a9f17154eefee01d7876987e131c80f78c5acc746c6eb9eda5a42,1,different_outer_origin_or_target,276147.3067416866405684689357249187326492689313335118685145325429499051
17078464,0x8e3f1b58b4a1ea5463ae2c495b02b9f89c9baa2232cf2c617732267263a1f639,0xf6804ed01a22bd9eb40d3e40b81c46f39bba0d81b113723e98735ef551e9c5b3,4,inventory_mismatch,69639.26700152757277137956956774522127768561824333877235116186159205386
17078465,0xc95b06fd9de3e9b3f1a500bf72df83e72e9c9ca5a6a3198c63a808068702aa3b,0x3cc4f93be196147831dbde1a2b354415267fc4e2b78958ce340f6651d7402fc4,3,outer_transaction_has_other_v2_v3_swaps,0
17078468,0xb7b7e6abc10df2a0b5bac459bf8f8cead384c2d361d6d2112a6b6fb39f29a66a,0x095b41d86977bd765d8aae2daf5cc8dcd1f295486fd79a34a9d552ddc972cebc,2,buy_not_maximum_output,0
17078474,0x89dc5372d3436f7fd2e3e89d6369427be49e5bcc2995dd5b3ffb3dd9cdf17794,0x0199b70240a1b65dad98e9ca6150104ae5f8c154ceca2e2d8c4b3712d9b95265,3,buy_not_maximum_output,0
17078483,0xf10c1d970bcbe83a890de200e9790a2b2a5a62a418fdeaeaa22f61e0bf525324,0xe3b6cbf4453fd83e34afbebceb8c72967bb474a444d06c7572f807885d016bdd,4,inventory_mismatch,39445.77512888212175020975459862351899959966398361434399345146398739785
17078486,0x5f5c2c3aeff7d584e2fb756e0fddedd3289bd24486a8e669876907cbf59b5add,0xf3360434ff4feeaf476ea20af4662d03ca6c946167cd996dd404ed2100a4f913,1,different_outer_origin_or_target,3048.717604967319156269668256710049529495544381903751853186406830943471
17078491,0xdf2d8820f355f42791a86ec7d054f43d64851476f79b577ff693f97559955414,0xd2b9d6de570428aa6aa156997e4ae78e8301446bf148f9c4bf190ee697580d5e,1,outer_transaction_has_other_v2_v3_swaps,0
17078494,0x596baa3f7f75a0b797b5e13160ce39b521606c514740c67221c0e7dbc8a1a54e,0xbbfd67984e2ff44d615a5bb1ae22bd513bb62f30f08b364f45547f377d8022e1,1,buy_not_maximum_output,0
17078496,0xc1e0cd6e6a5811ef56e6ecb14ef5a0d48998b5f4a7887ba29d8491bf3e78f6cc,0x9df34d794f9c8c1a47c7b8e44cd0aa6ad47b17888d8b5d23723623c9d66a6682,1,different_outer_origin_or_target,7234.929231076010598616250916154441554180911308457996416480433345822051
17078498,0x653f7979dcb969cf6b05de25f86b7637f842f69c5a61a5c8f6038d8d0d62c46d,0x115d7ead55c3ddd5a358b02fe360cfa1a802f432df1c674c22a453504fadb613,4,outer_transaction_has_other_v2_v3_swaps,0
17078500,0x53624cda8afb9c6d961e10757f7e8552055b5338baa249480c9f65ea4cf758e4,0xb2dd9d75bebef9204de1d719643ab2e1469da1c879baf40b3de18db002df9be3,1,different_outer_origin_or_target,4993.703385128651242261124629775594821351739949358713457312374002313266
17078503,0x0b3a52e2a1321ad6799e9215d5e951ec933b8999419b3ba5b4dd43e8ec6564a8,0x299c3b1d4cee32aa3be6f86623d6d948fdb4a909770ded77ef48769ca40206e3,3,outer_transaction_has_other_v2_v3_swaps,0
17078507,0x8f56e9fd45ffc0b955f24c4cf935134a04838c28deed10e6e2f540d2a7a8a8aa,0x58dd68f12c2b9b386aaf9442bb4d9083f27523e4d138e1da766e20ed4a48bbed,2,buy_not_maximum_output,0
17078515,0x047204cab793eb41335bcd5b9edd458ab33dd5ba850c65b32f3db4a36fe6068b,0x54f17658584a26c93e2e6749c6c6f8032babf2cb60bafbf3f5fc705d614c93c2,3,outer_transaction_has_other_v2_v3_swaps,0
17078518,0x7683294730238b6f880a92d840ade3bcfe72a9fba6c19606de920c738d16c622,0xa3bd622608bd793c14e58d573ec1cf1c2f70922ff57af890fc02c6b9def47c8b,1,outer_transaction_has_other_v2_v3_swaps,0
17078521,0x9d08dc23b4263e4575a2981ff918f18323cb5d0130fb88edbbbe16a84e7eb018,0x5199703af212cadb4300a9949cf347c86eb067bbe727ffd4e90d1bfa5842f3a5,1,inventory_mismatch,87608.53092178810037873979612334212322883610807653583239097324859597829
17078523,0x2321dfb2dcc329378c6c7e06220c2ec9874aa6b3e9b8f565ee4c69ea1bf391b6,0x94c51aee0c41a8a93481af06e531c6566a940dc6c4cb0b67d41ae57969dc4604,2,different_outer_origin_or_target,0
17078531,0x5cf05c4ef488b7e3cec405dd7377ca85bf420131593245f1902c6c6892d2908e,0xa274978b5cca771fe38d637fb05cf2c3174751c477fe359a1e3e58b99deda3cb,2,different_outer_origin_or_target,5679.222041806280227567332232793950154059713102531177033866865065551305
17078531,0x95342dbe38f5a03203b0dfa772120a3408bead4decfe88f329aab79f43cb2998,0xa274978b5cca771fe38d637fb05cf2c3174751c477fe359a1e3e58b99deda3cb,1,different_outer_origin_or_target,4211.273631296571210016831780266829414997334061257818762607630256327132
17078532,0x2570f9f8f7d5e8972be672e8e5b65ea6f070896364e929c7393969e64fb40815,0xc143e08bd00b66426e8f90897c3971e6c449bfc930bd467638692d686760465c,1,inventory_mismatch,2078.384641879551993078853091676130774860906275709666226132992295077617
17078534,0x4c6108bc3742a5457ce4852e5b895b139aed3ea57422cdeefd610c39a404ce42,0xf7a250005aa82c3791771bf4eef0e20d039d5305d23e85e3473cc15d19024928,1,different_outer_origin_or_target,22433.93132638360680661060789428869006420263175335610162317769671093121
17078539,0x005b9fbdedb8212fdda5ddf7ee6ca72694a0e1725c2ba3b7d6275f8a85a9bc86,0x9ca24c58bb3876f1c2521f1a425e7d1386f04ec772b551049fe16f3c84993529,2,different_outer_origin_or_target,69977.84231410416247331875299287991322038282899891655562325999279607275
17078539,0xb31e654693be05ec395c921b407a199779b4d299769f7d69a009bfcabaa46772,0x9ca24c58bb3876f1c2521f1a425e7d1386f04ec772b551049fe16f3c84993529,1,different_outer_origin_or_target,10902.22976239866278263538133205043066265757854134095285735007926135149
17078543,0x9af4f3c97b2170d00a2e64e2bc35eca0ca6a33a7b7bf51516cbd0d57ffda7de8,0x9eb4cae22666c47b5a222b70bf6cd75eac4382fbb620705984245d979ab9ed26,3,accepted,0
17078546,0xc17e61242e99cc6951034d07cb90e6aecd5d0317e2328f0c3ebd10565f53c32e,0xa3fff39181850f361f297280056d1f700d4b2b19ba2ce44d8ebdc9e827e72824,4,inventory_mismatch,50608.53044325391126464801408658143550716826426250668979234306259400804
17078554,0x398304085f1b36095a861906f0962fd201fea26eb1c3f28255ed5bb35eb84e30,0xe9c734e8da7317c615b80419a5afbe1def2ac67b71e899f93cd5dcaffe97effd,1,accepted,0
17078563,0xd283e35b4311d05452052c3b5bba621298c2e7bc6a01727391b716e9ce98506f,0xef0d89e41b0256d1e46b74ffd748e5e8a22e7e710087ff084223a7f0ab54f89f,1,accepted,0
17078564,0x0cb284879d66561d43cfe801ea96b9e972bc4710043b1b1945c2bc577a16619e,0x3e4bdc4485bd70a7f312489380ec4ab7f016684f91ae7b8e08dee97f8f0f84a6,1,different_outer_origin_or_target,585.3286646648259314573873300211768343932107506439822756588219235536070
17078566,0x0eed83a90eea5edacb8baa101f6b94873ebd27490ddaebe6eb3025f32f3bffcb,0xa0918f589508f8d584c86423ff8dab9f3f541d5a63863cd721a6e7d8e3960711,1,outer_transaction_has_other_v2_v3_swaps,0
17078574,0xf587c9939ddee4c84a96f57a463bb8e74f1e343d9e2e30f12c5bfb864e2dcffc,0xa477d223520fb1d443a41ce022d96b82e8acc2801750a549c23b73eb29c65ce0,4,different_outer_origin_or_target,15105.54068072809476393624142280951883739502618949718561564387405543758
17078574,0x2ae5a27d36b4d417a60a730ccd82e5a251e72d9586d3f82f43682b1865756243,0xa477d223520fb1d443a41ce022d96b82e8acc2801750a549c23b73eb29c65ce0,3,different_outer_origin_or_target,5907.747328327250973674615938006485356449312653544027398936721808131856
17078574,0x515039db05d7153b4512f93c2464c55eeb1881442c93010d7678a2c009dc9099,0xa477d223520fb1d443a41ce022d96b82e8acc2801750a549c23b73eb29c65ce0,2,different_outer_origin_or_target,15241.19177880655121903660786714480320556809790945468615997943017377451
17078574,0x30aeff2d3229735a942f73a29d0ecbe122a993862e45e8874940db1831edea92,0xa477d223520fb1d443a41ce022d96b82e8acc2801750a549c23b73eb29c65ce0,1,different_outer_origin_or_target,7585.964408768664454246159123369447745340916880946699274501333117677658
17078578,0x2987a67ce189558d877faa3fee882f8e6f09b3c6e9fe344d1bf171f7c36f62e1,0xc38962ecd3145677bc9d8d13193c5c49904195ee8e191c42a823dd808a8d5e57,1,different_outer_origin_or_target,31969.23531475473648467106571512715815398225276432740705118704914910121
17078580,0x19255c2c2c31acc5ad1eeb1e63f5a6203fedae1cea2948756c17a7dc8fd50a2b,0xfaaf5bfa5da379ecf376b5dddc86387ad4ac7e136c893ea1e4681d114fa369d3,2,different_outer_origin_or_target,2753.075168747304225853278048119362240586222882272188137273954983263591
17078587,0xe53245d7b41412b4b515e6a737b3bedf0f8867b91ee025ea643ff06825ad652d,0x5f87d3d8708680f7fdc85a8dc1ef66f80b97c7ace788ce0c1563111778f58035,3,buy_not_maximum_output,0
17078589,0x1dd9a8d74a621207e4f48d1933d68f7d87a2b6c1ba588430cd19f09e0274701d,0x79ec393aeb1591512535893a276b0e38c53034717396d79308f0c22dd1b0a7c4,3,different_outer_origin_or_target,171468.6367743481011341515196858314279325162316539159225787051078648923
17078589,0x8cef55d83bc0383cf39e863885c69d98213658f6d7255428c8decf7b52bc63f5,0x79ec393aeb1591512535893a276b0e38c53034717396d79308f0c22dd1b0a7c4,2,different_outer_origin_or_target,99199.05740917582401887540185835008445268289261507932080647276646492426
17078590,0xdee32760d59e915c0288c5e3ee53a0f7fd4d81b7001d9d64f6194a9aecb85cae,0x06e3f720c23ce713811bb2263163e1f6330a5bd109cd1699bce2b739407d8d27,3,outer_transaction_has_other_v2_v3_swaps,1.669025034963686644183297455595424140725141731781209708431177453296696E-25
17078593,0x79b8232607c73b543a499acfc855d5d8c769eda92d0ba4b2e547ba6ca6b0be1d,0xe3530c63659122329a3f0ac938b578a2a985204f517a9c89158a7ec0a76ec3d3,1,accepted,0
17078594,0x4d6ac815064bb99e4d3eab72834d0bd820f21a512b9a9a3a1a00e4586881f98b,0x557354ee36ec40f21f3499293c5042f6daf24d8857d607a221934efd76da11a9,1,buy_not_maximum_output,0.0009999999994736441522036781462791864236049251047239145173461356500883175
17078597,0xf714d50b17a649f780c092dda84df78fb5a3327b95598c9864befe5be71661ec,0x8ca82e416deacfda1d730f28fb6fa2ea77f3fc96248478f5ef8fc8be67b25fb0,1,different_outer_origin_or_target,122431.8799559103314736344576961113055282534077993046569506975086526071
17078601,0x9c74636f4f0329b07784bd5a9d4edc221100d8e5e92bca751382771e8174d991,0x8eb531fac5087923ffe62b1a9e950b07e18b69c7331c48673b050e4c5f23ac4a,3,buy_not_maximum_output,1.833708817895506853619665093278134037293507104934325765799187884011946E-12
17078602,0x520f07097b022efeaf48ee1a39f68891c6057e0074506f6ee2fe58d974a4002d,0xb9b9aa5efdb0c98b6b0840a127db35c44714734941bf3dadfbdbbdc183bab0cd,1,different_outer_origin_or_target,7249.764209345227444754543309077762912339906595918657956848360064670849
17078603,0x4fcfd04b3708b3bba095ddb1e87ee7e43441157ce5835a18afe8badc73e335d5,0x517562870a495292dc95d32f50a924af032347abacddbc19bf4b4abb7a9c19f0,2,different_outer_origin_or_target,452.1965674782796945686606522751236039299689701960234601020236164080220
17078605,0xef8b393e2466335c6598c7bab4a12105843ce8b050c106c9c4ebc0d334e84db6,0x7b3907d013f8d9a2500dd40c7582cba98708f8a7d64b4ed8a18e451ef2de714e,2,different_outer_origin_or_target,7394.473540102472144551460871961146629216047587766067760022060810517766
17078606,0xb947076b2687bc3eba49e9390a4c50a8e969a39a5db02d654417e6a26977f50c,0x32c976bac2da48d0e5882581a3b3e87fc19760285aa7fb80ea94a8ce05eade62,1,different_outer_origin_or_target,20519.25069538938680248741461670693029656235231283147381821793672991556
17078607,0x210d7e48c2e62394d455f7f2cf6cf6eff76b39cd8ef0e22c970ce615e1322267,0x6315c53808c63132c7d8ef5483278b842b34e379772e059aabb55e83c0fcc478,2,different_outer_origin_or_target,74634.96747791719753221353434566614120858806615233478263881542047035968
17078607,0x0cf9fb69f3a066b65de895a4348a0b41635f4f9c743343b5ac4067ce2b799641,0x6315c53808c63132c7d8ef5483278b842b34e379772e059aabb55e83c0fcc478,1,different_outer_origin_or_target,3774.371723217873236245714017312283641602292932091185745361252724075546
17078609,0x222b1bc9e5cb38bb30b33ac4adbda5914dc7706f241d33761b113c20f7ecf046,0xfc7d3daab54a4070cb2eddaf1a6220160d8ac1fc805bedbb62747529e2b37eab,1,buy_not_maximum_output,3.797148058868171574428656697096018309922270250023093117825592989820080E-25
17078611,0x35ad0571e858312706d8e32060547b761a121fc06658724cbd3e77c96b777674,0xa385454bee071748b004a7e384b71ca88c128bcbdb1c9f97a3085933ee06632b,3,buy_not_maximum_output,0
17078618,0x90f34344b258277c28c626095c5fb810bb4f5d9aebd694ea70cc3a07f0156f14,0x27858a5c3fa35d5787f6863afb4f4db4e883d42f79d45b7bd21e8b4b5dd16246,1,different_outer_origin_or_target,11948.91875043735820689432136265269557197591136465545177290361827041477
17078621,0x5f5c4ecfbdb788dda0b69d1da5dd1180283308a837c974e03222617e04ffe7ef,0x8237bdc53c9f0f1edaedf9a6db5054df29b9e4c5de98b13274ccde153b667fa4,1,inventory_mismatch,2102.633762555805696641778521304998381069068374905386275839196644653236
17078625,0x4799b4c5ac29d5e7c3dc0b4707f7a8b64f338cc4754a26ceb8749445fc2f36b5,0xc77b6cbafd08c726696698a6ec5a758bc415e70fa26eba1decce69e6f3a79984,1,buy_not_maximum_output,1.481765498718222920168543372383958391970401457893480642078800757740251E-25
17078628,0xe9c9cbe20014be4ff182f991000b2102633252f7ee5fe60cca61bf06045f6584,0x1ef6b7ad470b94500e6374e678b759d0e204632fee7a67c3ce2a21ec668c8629,1,different_outer_origin_or_target,1968.311371204850416252522729866577293173896547550031711280151860562153
17078629,0x0eefd1000c4380ffc20591d169e082d20d454582d2bed6921651d7245b36d311,0xb3c935f019811d14ce4ce88a36724bb76de5a368d03ab1db07fbf4698a76392b,1,different_outer_origin_or_target,602.2536427057212456474112148004304750157702114234403745521744532202382
17078632,0x0ac9c9bfeca25ea4ea3d7bff99eeeedd8fa7f9e4dbbc7fc86317ace1cc490f85,0xaeca4ab3db18bcda33ebce4eb2356ce20191edbbd46a1a2d1b6395b15f3c860d,2,different_outer_origin_or_target,68340.33501294208785953562279868898272775125061615382590070340702231389
17078632,0xde240d28ddc7264f78f0c35c34ce57d5928aa39ef5753fdd2a66d348874cfbbe,0xaeca4ab3db18bcda33ebce4eb2356ce20191edbbd46a1a2d1b6395b15f3c860d,1,different_outer_origin_or_target,238388.9635240161796578315921506931692960917150677226926585218484663675
17078637,0x1b720d9c71a66900e8deeaf0e4201bf6a2b091b0fa1dfa9a07f0dd2deb9a36c1,0xbe954c902e04e5c9f7a50ba24f9bda6ac2c02cb804c5f1bb3f83abe986b209d9,2,outer_transaction_has_other_v2_v3_swaps,0
17078638,0x4e299716a07084c6c1d4a0a55137fb6c4cb05d79acf055f1275730004ce2e5a7,0xd73adec608ace1d1bd7018615c77663e97d4c0b61a310e7b6bf489fb017625e4,1,different_outer_origin_or_target,205422.5561021746998888270278737718285562927090305352785263864861734987
17078641,0x2efe06bea54775d1e732ea41bb6caa07a274998ea8e2e1c614c4bc7862d185cf,0x1c47e7da226155b44b3aa0a1855bae62a8d2f1fb48121900ac4cbd67d653b2fb,1,buy_not_maximum_output,0
17078644,0xd5699676d908202b0ee1a74e2a7c9d50d73a90da6ade81008b64405189ee268d,0xea2f5b03c4631b23c9b6952f0c73249f81f7f38221318d404ba4223f6f61adb8,1,outer_transaction_has_other_v2_v3_swaps,4.627574777280676422265440546574346023267642409397682642604467230380506E-25
17078647,0xbb9153469a79c8aeab28c7b4004ad7599b4ba490fd5ce175c5f2bf615f83a0ac,0x3fbef48ac7a82df905fde45ec56944978850da8c02d8fd593f43ec25d2e25556,2,outer_transaction_has_other_v2_v3_swaps,0
17078653,0xe2b75fdafdbd1a400ceb9efa43b895f415a56c99537f9cedaf56de190bbf8ab9,0xaf437f2df2d8343083ab4af31919eef0fd8a20ae061f2c7361d17ceac2c20b39,4,buy_not_maximum_output,5.177482980898689894186332771049448307736992577873836930930299959215143E-12
17078658,0xbd5142c4e18ccf614cf16451f598d4fb3ebc7b0dd70e8f2c076958b513b3b51b,0x12768b69fa75004b58fb6c9c08ff8890eff74d95de3e96da0c9153d9279f30ba,1,outer_transaction_has_other_v2_v3_swaps,0
17078667,0xe2c9f86080a04f0dac5fafe0e1f187edcb0143a8047f22e1ef2c824332567dff,0x13f56329768f0f8fc31a84405b2fb070af4e7058b67fa50dec075f7cea7f4ef0,1,outer_transaction_has_other_v2_v3_swaps,0
17078668,0x3bb8032808dc464f704b1d64f24752b268074fca30e047990598152ad226f73b,0x99314e1616fb9d45122c006640abea84a16af2e19aa7ad70ab3f48a7436c6f5c,1,different_outer_origin_or_target,8654.217310056722511036754927567448333047905314145008411601029777779753
17078672,0x26197ca9a350221d867ee5ecf2910f69c83b9ffca4284b530dbd807b279a2956,0xe39bc4d9790c676d8778d7723449ceb8a267d8b9cb38485009ff14adb375f20b,1,outer_transaction_has_other_v2_v3_swaps,0
17078674,0x433600eef27194bb8168247884a9592f6e2efc4523217b4d92330d6257efd387,0x063e1758ad5f667329dbdfcd094f3505994191c579de97f04effc8a21bd693e6,1,outer_transaction_has_other_v2_v3_swaps,0
17078690,0xf3ecc8f5562dd0116598cfc02c8e63aee7cb8c465d6da234d2468c2cdcb3e440,0xd7ff673ffd1b1035fbb12d8c8cf266a957d93227b65e86d71e0d8a55374e378f,1,outer_transaction_has_other_v2_v3_swaps,0
17078699,0x151442fb9f5019c53b087bed8958706a8f67dcc2e4422ce920a68e99c46be93f,0x64ed30ae53e8e8fc3eacf19ed8775120429490d49b3ddd3a7eeffcb624db2062,3,different_outer_origin_or_target,578423.5227150795007798683675505128707535786788878741787737114688753096
17078715,0x2b6c9aa1626da1f51b94ed37e95d731e428d40d4a54681855ef3660e9918d005,0x77521e925bd5b7647ae557245522e131e1660d8e32fbdeab09e844edde2e95b9,3,accepted,0
17078722,0xd6bcbae267253426211a11fef6b93f52e927f3e4fafa08bf68e11ab6ddf7f640,0x6bb6322f29614d6dfef4a8b71acc3be22bba1f374db8c9bb8a192329b35c1c9f,2,different_outer_origin_or_target,1426.187917797252104315800020381373659832791368361424327179900330930916
17078725,0x2d5e97ff7723ee4bc27991bf714b3ef33447ec3386068d18eac5f94c79ff3461,0x9e02b87d3573ae608da0e403a5ef9303b4b8b76d6740ac74f7a61e89c3d8437e,1,different_outer_origin_or_target,27.44265858679552091878249501679918371693201187165084884854907829023857
17078743,0xf1eaf157be0269ee496ff64b79ec03c9775e745f964cef4275ec4a86f5ce6cbb,0xa44811dde26aeb2d1280e11589c6903ab32636fb50b4917041c5970b2406e36f,1,different_outer_origin_or_target,30800.89605218705101248259525807597595859349383218291350604151623019063
17078749,0x918150d62ed49d48388ffe9432d4a06852ea4df079e1cc1d6ea0860ce48ca34f,0x6adc0944789b3fe5ec10c30190bc0709ee03fb5db27eea06b8eb351d237f72e7,1,outer_transaction_has_other_v2_v3_swaps,0.0009999999994736441522038358152159219338606701066237479592181176317500187
17078753,0x247088897a03547a4e8a4b0546bb8711d371a3ac5ed149769427f3192e29dff8,0x356cfe864620eace98f6b6c0c0838720a430ed48125854429e59bf4e5d7ff3c4,4,accepted,0
17078754,0x83b1232c173ce89a95a563420d3e0eb602da870ed801e961883992046dc09825,0x1211f744e762f6bf8045cefac2098d0a3bdcd852b273e8d92d1b571c6a6e9398,1,outer_transaction_has_other_v2_v3_swaps,0
17078755,0xffdca278458d0c136ac77affd715ce20f6da3615d1fcb1650516035d68bb41bf,0x0d2f96e22b96d01af9a46f3a640ea05f97214a125e5681562d31dcfe29216a49,1,different_outer_origin_or_target,9187.138940079506898672216563666022076397904087991858426943934931259671
17078767,0x153ef57e160529ebf6a8d5dd56df00919f232a66445f1f096bbbe18092d9c42b,0xa921bc6a2c1a04409b49b9c7b651b07ce91bf771e2fb27a272968e37ca627cc8,2,outer_transaction_has_other_v2_v3_swaps,0
17078773,0xb21f3bba73b69482440527a9bdc4bbdfc97e735be573d0d5f46a946fa2c1e7eb,0xaf07e30a7a07c528ea3ca95acf37879e9bb8ca30a420114f17b144050f236975,1,outer_transaction_has_other_v2_v3_swaps,0.0009999999994736441522041936287119698902521598278785198630257670151052484
17078782,0xd55358f7ac9751b41bec6d83e8fc98735aecbd402b76670938d3dd446c17a6e1,0xef45290f875925c0b21b34f5bd09877f149f081832a0d7916b924293e07312d8,4,different_outer_origin_or_target,5151.478158821246134403444951742616558748375882460286406540308357030893
17078783,0xcba0e6a8f8588c1638f176dff7baaa0b80b4c57d9f0cf100b21b24f3e8abf56c,0x2f57227b74aad078f6c6ec81dc20a60c1c148b094db2110d8cf4309cf5ae2ca1,1,buy_not_maximum_output,0
17078801,0x047f591a7d33d6c0dc216d9fc980a3c21fef5e0630ae178e3badce0e3a0c67be,0xeae5fdfe040d6ab09705a8247e3a9ad588d4d383e7e5f1e219445c8796dfac8b,3,buy_not_maximum_output,0
17078810,0xecdd395d25d3bc895d724bf0325c8480ef23044d075b8061e24a8375349364e7,0xb3a86dce3d4457b7b5ad972d759cfeb23580595729815c14f2c61c9a9bfd90f6,2,different_outer_origin_or_target,3158.954328725035546755115328382675913276165303056681908380202564180601
17078810,0x226d04f4e73888624a2b500085236a5976e2ecc65a4f89dc6145e3a27adda290,0xb3a86dce3d4457b7b5ad972d759cfeb23580595729815c14f2c61c9a9bfd90f6,1,different_outer_origin_or_target,5707.818719771339163629216108238916022861369649907954906821277168301049
17078813,0x791a41bdc6becbd6d10624628f87a78734f640a9e301d2e8f9fa8b21aa755646,0x209fd952d979c774fa0f619b043b927949102b690d5b0e3eac82e88dd14d15ff,3,different_outer_origin_or_target,4474.448009406927545377081653075579743348012989526965751470208423675325
17078813,0x0f2d8e0943f471f4cac9683172757ff9fb1aadea2bd8d53418df4ff8d1e5de1e,0x209fd952d979c774fa0f619b043b927949102b690d5b0e3eac82e88dd14d15ff,1,different_outer_origin_or_target,17691.11025439160105332205984223447418864542534765315768675691187198087
17078818,0xc79810135542f561b1eee3def7554369ec3334dd28ee8d97c5dd4eb1e49db03c,0xe7b26d58a3506e4efe586396e182bd41c20ee15575178ab6abc92c692e50079a,1,accepted,0
17078824,0x39e33e32ed448e5ac4a08dd0aa159ca61f59d071a7a1a1f74af4b4e28303245e,0x43f2c76894b7568eb60847912b9788cbce47d3595275e2561f2e0ee3c9ea5973,1,different_outer_origin_or_target,29017.49056141475888836218675526316212276556173710714537054654363791087
17078825,0x86ef340f8f672c80c2a61d0198c1380632e9a4a4715dd1cc9870f76dda4e268b,0x87e5bceee05ff11abb5a43c83000d4198bb98be706c82b4ff6004c64554f71b4,2,inventory_mismatch,5783.830977643212448580704781687779586028672135035451712886104727712853
17078842,0xaacb3b964f93cc4cbacbcac823211aecbac1fd0441f31e40621feeea72a232f5,0xae6735e830939097c4d81b68f2232227ee3715c098b48062c79ee57648de29e2,3,buy_not_maximum_output,0
17078846,0xa52ae45fd46bbb8ac979b25ae26a695835832911efd9e4a59b36a02d76d176b3,0x252e9031def394a95d11c640037f55d4811abac1ce7e60f909896094983f88f1,4,different_outer_origin_or_target,0
17078848,0x621fe4818cecb473e6716c8c2fe7b03adcdb5aeb71c73f46eb9e28cfcbd29e8f,0xa13c2e52947db630e6f653220d9a8074833532cd843633ebf30e3bedffbcd28d,2,outer_transaction_has_other_v2_v3_swaps,3.576275900407728713566533631418647266063998239044071291419523824029557E-25
17078852,0xa8f2d5cbf8392f27b39911f4192641d7ee0a0677ad8b37d0ca4b27587d44fae0,0x2dd8d6449231250c68eb5c1fdefcae6060529557bb9b4c8b42340603259733fe,1,different_outer_origin_or_target,9338.551176754911306627100103267105740454099147178963319201906224279532
17078853,0xd37e23f31329fbf91af8eeaa0d1b0d3f061561ba8d3a8d9d1c42b672ec5c6f76,0xb9746c57bf3f70fda7a05805c3c3766c1ae376918c62d55f65b7e2cdd4e8081c,1,different_outer_origin_or_target,471.4473359880789793672557008354946828823054389503834029556720647821875
17078857,0x336eb528474875b22bab2b899c609816ed2ad6e51ed01dce80014eba5dacd9b0,0xd47c0bca39eb4734f2db49bef5cac9f8b059b501660cd5600b5af0b3dd0bf1ab,1,inventory_mismatch,594.6065864688504195466441798865162011738141374920533425471545567595440
17078859,0x46866f9e4cb0adbf3051c927e94bf3e2dc677514ba7e4acee58f6e0aa83ded23,0x21e1ef8912a8876a11ad2d8fa3b16fdcbe573dc9bb23518a9f35431708b1a157,1,accepted,4.097897653224379887539501166079568105167803475016508633825386317970642E-25
17078860,0x30cabd5570fac4ea923f67cf6533748ded5abde938588532d512e31790005e58,0xf89d2a27b145ded2cf7bc0b72818cf6686a57444304c080b8f988e9f3345c245,1,different_outer_origin_or_target,6686.115711402701162836434642128250670315643320192604000357341555860928
17078862,0xbafc71ce537b5185778ad559371f13fcc6e2d8b571ddd17ce19560d337b9691b,0x339ab3d0e3ba74a582fccdafa40b1accdab4b3baa59e98e16957fa780178da02,1,outer_transaction_has_other_v2_v3_swaps,0
17078875,0xc509da1e9f5e29e979ec58b0a5bd84508ef1b46c7a1af9197f8aa295764b94fb,0x8984dd23e297b14d556c95aa61ebdd42892d59f518f44d271a77e78a86ca36c5,1,different_outer_origin_or_target,7143.654883907064417424381219146315889605043174340548381153327109423059
17078877,0xcb6b8931d491f6c25cb4f2a782afd135a1049d626ff79e02f96c0412b52acf6a,0xd67b2e8d973f7f500a1a6b242ece4700cda38ce4f55d0ec5dcec800c23c906db,4,buy_not_maximum_output,0
17078879,0xb38309774275030e98a5d092a2f462e71d85b250f4d0e292c606a5fd25812c67,0x457444c3cb6f7bcd61a7ed129e66a9da7ac0613faf8731463d50077c42422137,1,different_outer_origin_or_target,8672.807422070002739504059686337440814585878743618349019840353228317274
17078896,0xaa9daef20877828de1d981cec246573b7687a2b5aed51b05f61d87e81ad99a86,0xa4b26d2d76806d18a94822fb7679feea6a5143fdc5e3cabd1ddc6708a7fad082,2,different_outer_origin_or_target,16875.87219374055594309986555630697550866653566558198300431891577486172
17078904,0x3b8c2e3a4c48eeb1d64c7fef7dc71020a52366ee3aed8a014db84a1967908704,0xd9fad061bab522c659cdb377010c158862b7d816f40c3341970609908a2d35ab,4,outer_transaction_has_other_v2_v3_swaps,0
17078908,0xfd28f36de3ebe516ea7a117b6b1a0f676d92e983d5c3fb9985525759ae80ee63,0xa7c79d2bc5271b32af9d15065cb889194c3bf3a3c683660aceda287da748b364,2,buy_not_maximum_output,4.524754567349997506880694945213987664958298659840202192811830117293482E-25
17078916,0xb10e8f7be57448b393ec3b5c7c2e956d78094f52c5c5124a83d5ab722d860b24,0x8ee16edb17ac4e2bf2f22992b935b258e3d8830c5d539dd458cc4d97529acf4c,1,outer_transaction_has_other_v2_v3_swaps,0
17078919,0x19f0e8189c5052636b623ff3613f793cbc035dfcef3a48d8c21b793441f01688,0xfb2f55054d07ac5df2afb2db93740d62847641cdc0950b701c49414182084cd1,4,buy_not_maximum_output,3.153410084885990541404606280251379525887125517920236075142709070946919E-12
17078920,0x163292305c6e628f3d8447c2ebfb763a369c822e083c5c1cda992b36de1483b7,0xdb899823b1db501780e456b7f1cc3c30f7cf9b2bfab9ce12d7869f9c43b294d1,1,outer_transaction_has_other_v2_v3_swaps,0
17078927,0xf8ab2b345cfa321c5d8176ac5350e7c062d6900e57b3b9fd67e7f65cd2fe6524,0x592defba26f714d4ea28e55a0099600c842a4a37b73b83f3b0b43b76c2e2919d,2,outer_transaction_has_other_v2_v3_swaps,0
17078932,0xcba6e0f555ef369bf252d5bac7184a52668cc882722c3c922fc70c0b126b9270,0x2fad94197d66407064f9570558099967a2c42c1dc48846d213d9be6b8bd97fba,1,buy_not_maximum_output,0
17078959,0x5e382b8cf971d2e5830bfd4639ae587822a25415ca44dd4b0ca72dd14149e7f4,0xdf2d5b5022fc7f93bae9ef56cad936b838e308feb554ef8a1034c1a5ca68815d,2,buy_not_maximum_output,0
17078969,0xffc8ad4cc5182569d0f6e8667d69c9bb792fdb059325e10467051fc9c320709b,0xda8e6f97b1035516a595f9a94c8efdd01a5db72d1ed45cc158712ba7c800d5a8,1,outer_transaction_has_other_v2_v3_swaps,0
17078986,0x6ed8d72eb7ecfeea74c5137cfa580c8d524156269ce4a812501bf18c768a48e2,0x5da6d26c7c7f5ce3018f485d763a5b982df24016b2909dd665130d884970c5da,1,outer_transaction_has_other_v2_v3_swaps,0
17079010,0x6908ef1f29e3c47da4bb53d53714015dca91e99b4f3e03028fea12ce09203db9,0xd5f3f8dd6ead7dfe351c609b517f0ee979ef25d042b3184c14b319def84cca6d,1,different_outer_origin_or_target,249.0948727142987222989166789498352976211584815870933077280022904332612
17079024,0x94567d6a9ee797f4983d0dd8cd8428cc0efa19405dd8425a103d09b18f92ab96,0x39be558bf9fcc851c95738d06f21bd7bba5f1514205cd2e7ac0fe4d9788eec1b,1,outer_transaction_has_other_v2_v3_swaps,0
17079042,0x71d03630a9bb56dfb09b825c3fc555cd14038cb28269d8eaf98b774ce2113e5c,0xe88d1d017480c661cc7a871a05c4a14abfa83428abef2b6f47659fafdfa8f993,2,outer_transaction_has_other_v2_v3_swaps,3.795143624237995518460046761682294709824666785299721807777034758234810E-25
17079044,0x1ca8131fc25d2b58d4b84b51a22ce3e34627cd2c67453ebb20cfadf2ce27b1ef,0xa4c5fdd3a3affbe712361e18d080f9114c75accf38ea90fb2b5dbbce0803a8a2,1,different_outer_origin_or_target,295717.8260353419872138432550763944364025920355600534894354053303005873
17079059,0x934731562262add87159d2574843a73aa73a6e905e69d8d9a2fcf4ff16d9ed86,0xbe6a0643fded3c8a1a6e1e2729f006348e08377ba26afe023b3b11c83c9b50f2,2,outer_transaction_has_other_v2_v3_swaps,1.372934389823908939244740439052586749081136989249798063702875033606281E-24
17079111,0xae5e2d122bd4d59a5f05c950cb9cbda3f1a56a736126021a5d108cc88c131f74,0x3445fac9eaa5edbb391dab6ff084c99309d2e3d6e4c652540b7a2ac221643e29,3,outer_transaction_has_other_v2_v3_swaps,0
17079206,0x3ed8be9ee24764b5abd059785170fb0c89cf6ef6779bf702d3ca130c24c62192,0xae83081c419ecb5841dc44a72ec8880e52c3c2c32fc3adc75316e19b7c50f031,2,buy_not_maximum_output,4.923854598208792548723424933647121900238900698405990344894885646631045E-25
17079217,0xaa8b6ea4d4c1922be1753c62915d9487affe3c22293df148dd76de41c028a2f8,0x89a4a27a80516cd0bd833c1bf00e95d58f2ff15d18bc41495a1f652db554931f,1,buy_not_maximum_output,4.026023860021516494843018193550926863911539170317733282246726605548706E-12
17079228,0xd348540055148a9d3a71d49f82aef9fa68fe4c3e041d4aae97946aa7608a0455,0xda765023a20c156cadf57a298275cecb214896d91abb44ee5a10a0b14f1ddf04,1,buy_not_maximum_output,0.0009999999994736441522037979013068252569762589157203345678764640552532700
17079237,0xf89cab9281aa7bf7cbce417e501651298f885ebb0d930a44bd85ae4d6fcc1d4b,0x625494a4a127fe6bba532c9b43a50463806903f6d029cbb46dc8f41309b8722b,1,different_outer_origin_or_target,41261.72604421452411057826335702799651995874221064874812149354190102379
17079243,0x5b2b8f7d40ccce88847121b7365f0955482acdea55d8a0662804103316c6b610,0x6d54086716fbcba43251de1d91633941642e4a20c20f173045e9f5676b31048e,2,outer_transaction_has_other_v2_v3_swaps,2.855805569280004606506267976740731784051493234917751089565191244150801E-25
17079256,0xe5ee8158e8da2b3d746b1203b108f03bdf6172fc902072bb84e0e020917a0eda,0x4fe0ec0559d3ceb522b5715afb1a90c36cebf53051e45033bd9683a57e28e2c7,1,different_outer_origin_or_target,602.2989127713153037985971697120614314623119208899750493472662827070990
17079259,0x8ffad8ecbf898b50bbd3b0991b2061dfa7cf5ceab7d7fd943d581f8cf116d4a4,0xd83c84c54e05a7574089b05f73366a21d2fc1e3902234c8bb69e295ed71b97b6,2,different_outer_origin_or_target,2041.157537743318473292531096788850949794283570799365204889586478194286
17079260,0x98af9c195918bee308644555cd1821ca4ce99b0783cc078e4d77e40288c72398,0x1556ef840d7cb26935591ef4b8d7be76164c00c89e506be2ec42a40d59fa286e,3,accepted,0
17079263,0x9aa7db321de1b7fb52987a3cf683829c59a8380d9638e8359d9c6395d66312ef,0x6224171c5772777fe759d68cead5f383abb1936739c6cbe04d58b610e5b0f102,1,different_outer_origin_or_target,0
17079266,0x268584e1011bf9838381303ece09a879619ce70502bb547d47565c8ff7f9f411,0xa72d255b054a774eea6f4348f8894893a330396c10bb2319cb28b3f40072d1d6,1,different_outer_origin_or_target,4238.978330619747295136482346319007473043692995534753572386942265073180
17079275,0x5861d8e2c566837cce9ee5c492dc923ae59cd3f41c92bc90f8bed39ccdf42728,0x513825d392628160852f09a218119b5851bfe0d893fddbe584b9a8866f374759,2,accepted,0
17079278,0xe11eec5b6666a0f1c7572c3002ccd315d68176b5575d7731900a7da516745ac9,0x69dbe5d23fd2b38830b8e63013d0522bea962ef04e7e4acb28a748bb38b05a15,4,accepted,0
17079282,0xdbeeab54d0eaaada3e7c8e65222638d88eddbcfdb88540e7c777f46e947d0788,0xc19ae03beba5464887b9e7a70dfa9f5bcfecbcca0c3279e19b12494da946e632,1,buy_not_maximum_output,0.0009999999994736441522037317895287436070460403136282931839288090632480562
17079286,0xafac76bea8b8e1218328132c9c04eb2bdf553ac04d95c53601d795704ebb2f5f,0x09a01e6e8d46c9307a7f1deda5c50149bbd3239e61b6f4565951e9b4b97301e6,1,outer_transaction_has_other_v2_v3_swaps,0
17079286,0x6315aea24aa1d13747ccd067c4f3f72de22575aef3db1ad5ef44688bae027f26,0x69202a1337f40146b567bbd76719e8bab63bcc3dfd31f00e505de156398682ae,1,different_outer_origin_or_target,8871.523573754670763239483724435007044388875657783588446771745603491048
17079289,0x5513345132084766241ae3dcc7bcb802d18db44cdc015c078ea46429706f2f1c,0x00218bdda5ecf0eff45f4a91de5117295a8a3c0f2d77cde77940f61f2759233c,2,inventory_mismatch,9157.931856059540957605014281864013781125086558543683593145719895728972
17079289,0x8bce27d078a80f5db22d4b5664e77fc6c455c9e3ad90a7f0e03cfc4032df1cf3,0x1d739851dbce6b4e71fb69b2de014af689ff21135d65e6b3036d0301b6964489,1,different_outer_origin_or_target,13262.75295530054390652422724963299944588255724623790516433787038769756
17079291,0xbd6ce6548610b1a9aa300cbb799a6531370f8359949d885d25b07697479b3683,0x16b065704b56354ef10057b10eba5cecd6c68337568384b449ea9036a50f6959,2,outer_transaction_has_other_v2_v3_swaps,0
17079293,0xe0a14e3f5dca1e8e4b2483a46da16f8fa35be9cf284db8b4ed629f7f52435684,0x13a0b82c22483b1be8d3d884a1899491167fb8699a4ab12787137ad45fb1fe43,1,different_outer_origin_or_target,1467391.758597798825587731382565752394085329673175051455103364623548047
17079294,0x639250cf3fd5579b2f468884f920735f59e44f23d9945ae81f213ba14a95f4f2,0x64cfe4e4517e1679bc7a0573183317848eb50b9596ae2bbf1567c00a6d914230,3,accepted,0
17079296,0xe2ccdc2b56d3cb67871923875ac5d7eb0d3beb51fdb46d27e0bb19ce6eebd1d4,0xda46a21a80eb47315b51b9352d73b0bfdccb7350162d35049d315fd60a8aa741,3,inventory_mismatch,6135.547375740653388078793297050236974609801802205350237425248091489951
17079297,0xa58f40b080abd399830ebf2736396eadc7375b5b3a58e7d4244b9fce6bcbacd9,0x42803f65557964f240fa4c7c8e8b72a3af2c5f01c3cf122cb50873111f82ed3a,2,outer_transaction_has_other_v2_v3_swaps,5.319906069745642616961598190112056345090756620160352289963302079149953E-25
17079302,0x58f0c18ef68f9b0ed8824b26e94699363ca4114ea2f71892dadf27ca57b06181,0xbcce246dea03d4d1548c6787333586db61207f9a0a489298396eaaa7102f64db,3,outer_transaction_has_other_v2_v3_swaps,0
17079303,0xfa9e8e5eb4de894a49c7d07d3d742247c38dcc74dbffbba20513009475064161,0x7aa92ed63eaab12f76f7e2e5abb4c558ac590be62f886b54aaa5851e9f9ec7e4,3,inventory_mismatch,90859.59112490702859124898472842253479749531660092103463084193545497833
17079303,0x7441742b9b249319a0ab6e1ec4bc7cf0eaeb0d8b05175ab122b3878c8a479eb2,0xed6c9ad434b78b4392d9c57bdc7a815f212bb02045d4e2dc9894cc793e222400,1,different_outer_origin_or_target,1732.942480328559148876917275129829572543496596857642243090716229211185
17079306,0xff387d48614fd234d519278ecdee013bd1e4ffba7c0e91d2405eaa0b6ec2bb5e,0xe7700e9330f9889c9701aefb5cc9190ea9de9770177c07e7d2898c075c839077,1,buy_not_maximum_output,0
17079309,0x52d17236e3fa696861ebd379a05990733087bde7e73341cbb9c571e6df6f8a04,0x10a8d60f1c57aae4bdc7313e3582f0485117a5420bddd6da248737d26e8d2b77,2,different_outer_origin_or_target,10350.22310038914833610101800295779699874801481110572846033142390806922
17079309,0x7e3c8ff495068bef5cae86684de32b9ba92e368952607e685614759ac0ee68bf,0x10a8d60f1c57aae4bdc7313e3582f0485117a5420bddd6da248737d26e8d2b77,1,different_outer_origin_or_target,1973.040543331939481204168373933442301811641085764187199830138180713365
17079318,0x8e34b4610621bcb793004ce6636708515fc9498702521c99d8216c01cd8d48a6,0x7cf0398453ec124e101d25f4b0948ee326d7bc8150c3c5c461c0e4890e5eee01,1,buy_not_maximum_output,0.0009999999994736441522038242912311152168359342436342946684398448529023839
17079320,0x4400a0818ee11bdba20775507f1360c6d075d19045a36fd907553597b3a5a343,0xd7ad47d5fdab15a98a32ae179ed50cbeadf756b1732fb6deded1812490aa4055,1,outer_transaction_has_other_v2_v3_swaps,0.0009999999994736441522038568779240649222400637282703286903411024890937162
17079320,0xfdf59968c8267ac68ef1084072e4a57d01adf86c8d59d520f34c8ae834bdf9d4,0xd3b7161c57f7eef3f3ab0f22ddc4c38293a8b8ccad73c4a64e77f7c14312322e,3,different_outer_origin_or_target,3.031399749746683788379866110246578768661594989094365365232128051929471
17079321,0x083b27ac9001b99d3a1a0fe876bcfbf664615e81ef716a0430cf62dd89676fca,0x759938a2669b0e5fe58b0b7b2563a059460ba3cf0aa7679f4fdb973862f60ed8,1,back_not_maximum_output,1.599007814898199684232494866642906179898943379753899917806269996898053E-25
17079323,0x74943e5347d82e9c0000c2b5ed38602cd935329136a0cacb8d402d1ccf242dad,0x26b4a99260540776c276bb31c2d5c7ec0f7173e976e32ce66aeeb2c7011bff31,1,inventory_mismatch,2021.452825531791812032908031481836750737994772127214541209508814778580
17079325,0xa45fb5e01ef074461ab30d4750e6772aa83d04cead4f7de580869a9784f9614a,0x9687f859fbf2eec7a312b4e84d0037766993d103f2dc5e2f08722f067c824958,4,buy_not_maximum_output,0
17079326,0x93c90a6d3aac89bca87dfeba50e6e6f33e291720096ed23a011a6341d18fd6de,0xd79448d19f28bc77d523807fc3748ae2bfe951621c5aba5bea352953f2b8b631,1,outer_transaction_has_other_v2_v3_swaps,0.0009999999994736441522043983486472822119143191532813988669971707692245489
17079328,0xedff56234036fc3aa521e19ffa77f7825184ba3b70ee7f62bfebef08a27a2d78,0x12d6250fc3f8ccdfcaa7b3faf1575032e7c8c1756b5f5ca6cfb0c0c0753af44f,3,buy_not_maximum_output,0
17079332,0xf85a3433eba739776f771ef7305843a281f015e760be3e1de76f87a8fd1c9773,0x8918aae41e776ec9401a9af5cc8ed29936c91c255eb0b2de34bd0567ee915b4a,2,outer_transaction_has_other_v2_v3_swaps,0
17079337,0xe4f42a74d8c4d3df12ec21dab60bae39d3af4b7d1de6726a23bf51764f2648f6,0x625cd53c61e88fa5c765ceda5fef0bc7a4d0a035fbc13d34c6fa5d5b87757a98,1,outer_transaction_has_other_v2_v3_swaps,0.0009999999994736441522039242671827755413951673218449734879170815843513352
17079342,0x5aab7ef6220bc9f181ab3292b0041251d821897bf86132c06f6b9e06d1999ced,0x35c07217b5194b94e546517682802c82a2159ccfd39fabdae52457ee85b9d80e,1,different_outer_origin_or_target,6646.059610123165566886165877645288677962196710357148103327774050172462
17079350,0x00a6c50f5b64f017952444d0ad266a0ad3e6ea09316dd8ccd059f8aaedf4ca91,0xa0c24a9b6ea284934c243ec07c50e84805fe93e1d9a5d60c1aab1be4da19ff2a,1,outer_transaction_has_other_v2_v3_swaps,0
17079351,0x3990db812a03a34e38652cf978177b0844bab8b66a6b3aa039371fb46e45c7c9,0x78855e3a520ecab128a6af67219c39eb119c45d0abda462e81d58ca2a0fad9d8,3,inventory_mismatch,8378.610744243894278607274342534866488573545689535815285599836340591535
17079354,0x512f088e5d1f2f99b393d46a8951b3f8657f6367195aac87a4a7c80b0a418dc6,0xf0b529b3da498121b3bc77e49d381914798ede31c54a737e0898814c6335980b,1,outer_transaction_has_other_v2_v3_swaps,0
17079364,0xe3beefcd42c6d08ff37be1db84d1029871f155f970dbfb7603b92406fefaa926,0xeb8837ec4001599f14102ea2805bdebdbc03e6771d3ed59540123be477647eda,1,different_outer_origin_or_target,65351.60599584141307017172045265106217576296332575403863690105045904268
17079366,0xdf786395c29a2af36cc0ad44ab6c0bba11025deb6566320b10fca71fa06adc6b,0x6806cfef8ffb09f0962122d02d6cc2cf640baefcd1ce904a1b56627d2d5e92f2,1,outer_transaction_has_other_v2_v3_swaps,0
17079366,0x04d7acc223fcaf8f525a614e9cb50f125d7f9a75dd65722ccdae4e4770e0f309,0xff176574f4bae48ec17869389a4597d4af7456939f4da048911d3b976d5c30c1,1,different_outer_origin_or_target,8694.354503688249209472947848383601901518975453351415009535337520528322
17079367,0x4d0dcfaa89ca585d98ee70a79e20441c1da5814bd8d242976f4b92cad500ab9d,0xd1b347fbf4325ae1702338758b1c7ff13aa7393465c180d5a14b865a57f170bb,1,outer_transaction_has_other_v2_v3_swaps,0.0009999999994736441522039757255123213022710682951744430264475215246722339
17079370,0x79e24d75f1b36aa01437bc70d9c6f1b890ac210641cf6d491414799676c099e1,0x77a902bff1e50b6ddb51b868a3edfe6f8793fbb7807ce67892800e71d8903458,3,outer_transaction_has_other_v2_v3_swaps,0
17079377,0xdecbcbced199b72bf43f7a09c32cc88074be23adbc7dd3c0d5cf479b102cab26,0xa28d31b291b18d2dcf73807e89b599723497461a96e782c88f3064bc655396a6,1,outer_transaction_has_other_v2_v3_swaps,0
17079402,0xff74d0ec26343c4a7c22a8090e4f206b4520f49199a161ad8220a504305a10c0,0x3f57c7fe6258f9dcebfb1893058063b805fc38046e5c5cd9ffb8fe9b5412e077,1,outer_transaction_has_other_v2_v3_swaps,1.912236427206740032067916139398347984953859111272601430908369131344388E-25
17079405,0x1452eb4e0ed8f1d314b46243702c261184ca63a6ca33f8cdad229bcf770e0ec5,0x6d84451989504d6132b88d21911d2f3398410e971d0c0855f2e05e75631416d5,1,different_outer_origin_or_target,6119.567423748388275199144990424862645714751284692049212443037753414693
17079422,0x974b6cd85b2280a80bfeb074ca3e15757ac0c0d169bd4da17f5a7b4f72581c40,0x8444635b8b5dc4682e37dfb7c343177c0b74f16f631bc35285141080a9bc5f82,1,buy_not_maximum_output,0.0009999999994736441522037871574825591587790501102219594638218233973031045
17079425,0x7daeff9543b9a4ccfca4f087ba0547e8586c666be9fb99990840d4381795aed7,0x2b47a5a9acd2739f2b547651c80b6bba404f26f23e700dea2276777ef7dff11e,1,different_outer_origin_or_target,125.1627934311639673033622924736386902765134624996298774292749809646945
17079428,0xdfde85b5f79add267be98a03bf8ca30245c517abdca64038ceb7adfc852efa4b,0x179b1537b1c01cbce0ddf5afb231ccb5f7a90d31b8170c3b11cb63bc7db091df,3,buy_not_maximum_output,6.455526785736577228715388128032186964874968340506390357170369227475322E-25
17079429,0x1201c625ad2e396dbbf84ace7a4aba53dbc2b40f289c516b2f1820afbf126fed,0x43889190404ba22cf7119070eebde3849800d66266a376fc92459e47763a9cea,3,inventory_mismatch,5446.887543706516059214834378558933208521598704593735623454237433490874
17079435,0x945e3ef1b4af5bfee05e1122fe9837dc7d9e872a3aab6484f668209ee20e7930,0x86a06bcf9920ea2ee628506bb0eb6de322c4cd538c962af854b2585f6aa1ee20,1,different_outer_origin_or_target,0
17079453,0xf4d090ff3a65ec0897ef18c303d3cfd868872fdbf5958e90f320c7fa5955bbe0,0xb45a217c63c3dd7ad9df0c4ee38dc4fd4b9463acbaa2087318611704934ebd74,2,inventory_mismatch,4930.498896236321197537044403263154390358353736709275277533247271687043
17079465,0x9faadc943c2fa0f383f07b6fb732f19cb54bdc12cc6d0bda7dbfdcdddaa00d97,0x641ad35299a3f8c2bb203094207a1aae9ce309aa6451ca557a85b5e7a89e681a,1,outer_transaction_has_other_v2_v3_swaps,1.649432686321247554330822723633238031802078547255076240782662634931018E-25
17079468,0xbea2d42f5b04b374f2436a143fea920f7c702733ea5eac504aa1c026db6cf916,0x8d7cb8e50328e5568a5934204765be09e063fc233f920c88c93a7f6e78384c53,1,inventory_mismatch,2352.832993131366448171975081526383792497754355303851702767559019283191
17079470,0x45c122f24bc9b4aab21b81fdd898e4163fdb601021a5c937d436e93997f41e2e,0xdd477ac2652eca97ecad563ffac913c63c206af14e777ec0604eb5ee20718859,1,different_outer_origin_or_target,4367.039796765436586216059836077958932642768341780785767701206941132353
17079471,0xab78012b23051a5e4ba292c7eb39e36b4e20953b50173c0e37ea4730d83b09f3,0xd361e8207fdf59bde839ccbd8f1f36cbb4cf60b3f5b988fc12e6d608e64af28e,2,inventory_mismatch,39716.55234104665408646455566331719524871662429554903246891215241923609
17079473,0xe7657a797089ac1a2b9e9ec3b0c82d2679a8ef0b6030749f7c287b9ee876e54a,0x8dd0c1ad755cb370bbe073e23cf35c65b9f4321f0096f7336340ed0e157fe943,2,accepted,0
17079476,0x6b05e504833df806a316932775e2c4da2a6f7450a8971359d5f36cb67d30c5bf,0x6541725e9c70e1ab40897535909fc5e94470429a99bbd26983f465e596ef64d7,3,outer_transaction_has_other_v2_v3_swaps,0
17079479,0x4371eb6d2989b02705975005abbd1af16f55e3cd92de8edbe0eeaff2cd24deb2,0x45d90f30d5307548fc85a119e74ef9e4956345926577e6beacd3236dceaf5606,3,outer_transaction_has_other_v2_v3_swaps,0
17079484,0xdaf9e5fd5e8a98b70836bb8e1dfe77eb9d828274ea72fbc02b20cc20a2756625,0x67ed64e9d27c36af20a9db944cf7ea54bb75afc9a70454069a79018dadcd03b0,1,accepted,0
17079489,0x52c05c7a37ce3cb5dd133fa9df09de4c02ba1ffb30b5fe936083c696b7b6ce84,0x38054828fb29d9c84831d51476d4ce07d65a55ffc32ec67f6ef3a780b67ee83b,1,buy_not_maximum_output,0.0009999999994736441522037347924760099519527499614019009599542582226751547
17079491,0x1585cfbdcccdafdffc5ecb9125ca095334ab549c9885fe50c739c1838a8b58be,0xabc26a1dde9a41905c3ea2ee3aa555b8cc8e200781367aa0559e15e3876feaf8,2,different_outer_origin_or_target,5747.816504829997224989331558767965579430285414910629834108526574223023
17079493,0x9283326ab030de2010a901f59611ad561a8d495fe93583328521b885b3a8fd14,0xda163745be752648209a81033c44b384c1b7e8099f725120ec84d0905a3c3d20,1,outer_transaction_has_other_v2_v3_swaps,0
17079496,0x0f3fa7db9d099bc2fe537a64f8f5052159ec36f8987461ac54dc099de2a50564,0xfbea4174a92c2cfcee97ece49e4041a5c67f41854d1c899e49182b2229c6501a,2,buy_not_maximum_output,0
17079504,0xda02ddbd0b631583652b41e42df62d5dab1df4cadc636f9767b9cce4f2feb0ef,0x0e9d6dad2ea6d3e4f2de8a1b205471eb491c03ae93c507b7ea25dc13379ca606,1,outer_transaction_has_other_v2_v3_swaps,0
17079513,0x31cd128667adbf9a02bd7fc0d9c62627970a33a1399b150382256ee7b76b2963,0x1e78b59b6dbb6ec466f8a840ef7fd3356c5a7536ee5e4c459da1562cc6523190,3,buy_not_maximum_output,0
17079527,0xd3ef853659343e61f6845130b9612fd3c19adc33000bd4f6cfbbddf95850c77c,0x8384688e893b5c889e12a639360b0bf092d49485b9885513bd516915069bf9a4,1,outer_transaction_has_other_v2_v3_swaps,0
17079530,0xaae036c2b6669ff7a0b4b2a80a8f3a07e372cdc718c9c7aca39ed70534aceb54,0x1bad394f6461e12e38bfe4a54db033aa66da853aa623fce44ced9d2747aeafdf,1,outer_transaction_has_other_v2_v3_swaps,0.0009999999994736441522038327240537628050076892991877804294100349256900527
17079538,0xedf7eddb2e56f8f423b111fcfa71994dfee047c8c71b660cba18ef1404aef8da,0x44199d57dfd129bcd88153edb79f7c77ceafab171526f6ecece5f4bd33738802,1,outer_transaction_has_other_v2_v3_swaps,0
17079542,0xa6e8dcc4f190537ce8c300d3cce4099ffa88574cdf91942067902e37f54583e5,0x21feef5fc4169deb24b3dd62278905f87d34f96925f939c5c76595a0d7abb160,3,outer_transaction_has_other_v2_v3_swaps,0
17079552,0xc5651eb354e7f2f3436849bfe8344b12dcaead69edca2ac2d3198d9be7e25d23,0x2edf3e24389681135aef139cd06710f98791d8570c52864beba4b78883e5102d,1,buy_not_maximum_output,0.0009999999994736441522037487035451117137934198445603896185871596305054730
17079566,0x5e9d0e2ac2ae371e487faf89263be4e558f9308c351abf5fa05f830efc7a5b5b,0xfcce3d99fd528bfc7c6a751e26f3f5b6318127e347418fd96d6faf34bad94ecb,1,outer_transaction_has_other_v2_v3_swaps,0.0009999999994736441522037116486886036063419171737549354485651956703178251
17079567,0xb4f577a77c7898c28d95c3cdfd48f9ef4738d7e1fb7433dc9806f04aabfe36c3,0x40842b746cdb27d7d773105a6fe384ccf86465079b572da9bcf24b4a80dff579,1,different_outer_origin_or_target,10049.99469124393636803412468750246811178100000181818532738379067784032
17079570,0x6af970d6570c83526dcb595316b25ba6df5ac329c3656cde229effb536cf01de,0x4ca7cb1054b29d86e0ccb134602bd640aae7c9821bfa2545320f2eed30c07198,2,outer_transaction_has_other_v2_v3_swaps,0
17079572,0x9e7d399dc8213e2fb0478ff538ed6e2bd4ef914539e6be1e023720abee378640,0xf39f0b548fa93e57d17934cb22207b42ee4e98a7cba48d3fa98af72210202f24,2,accepted,0
17079575,0x4b3c2cda5ccecf7acb0ada508a5225173d39eb2cbd45f4b9354672fe88239b3c,0x4d5be785eeb3164fb51ed3e4163150aebe98ae0d4152b65c8e0a0d8686a7e361,1,outer_transaction_has_other_v2_v3_swaps,2.532953106578069842495461905336567591951889479131197904528515133372040E-25
17079587,0xf885f86ee0cb45a810f70193febf42e4b9ec4113a2805d740e6dfb5b27287ac7,0x9f2c286a8538327ae22273c3a3b615e92e68528105049c3e8d76551b7633d765,1,inventory_mismatch,58898.36218889399665461760366622841906663716205696155197551036552224496
17079594,0xe0b2d2d6213d86105d290a7ff82c9647a303554eeb66fd06667d2fdfbead3795,0x4401b5c3609cc3932e77ab0c3bc5ff405d404bffed4caaebb0d029bb3b251f0f,1,buy_not_maximum_output,0
17079599,0x3a5f9641b0f8e33d7c10271261c476f54ed1006106e095e2587e619c6ddf0bfa,0xdd5edf756d615de772306822b1a0c8376e83eb63c452df323c966ed88811f891,2,different_outer_origin_or_target,0
17079609,0x52321d6c6fc7a5c17749eb609c142c88f5b8b0706ccb44b844d53af37f3ac740,0x915ce16df62a47bad51fc4d391fdbf0924ee27a9604820435388fea24bba5a16,1,outer_transaction_has_other_v2_v3_swaps,0
17079612,0xe397e7a58cf1be0601d5ea5171c2bc48695e1993227ab9a99461365046f0242c,0xc6fa33ab724691a4d9fe410792a89d42a2c5078ebfc810dac7c05748c634ae60,1,inventory_mismatch,40712.13825797862914077077264911004843883508506134667310919080731036965
17079622,0xa2057d72a2d26ecd935ace05e7f0860e343e1159c3e376d38ef6ef21005851d4,0xde994b11acd4dca2085ddff86f770b1fb6ab3b1dad3a6237eb312c4f01457a46,2,outer_transaction_has_other_v2_v3_swaps,0
17079623,0x4cc38bc64dcb4af5981a2d3f7a6a2e282dc82539010f56c2e55ec5b8f2fe03ba,0x1f05bf331ed83b4979219085a5d2e851ebc788349bd059b98b52e47143cce825,1,outer_transaction_has_other_v2_v3_swaps,0
17079627,0x73d1bcbb51fc9f7870e16eab50273d1fb65df4c73ef26bb0d7ccf14a7fd39be4,0x9f7fdea7b86a7ad20bf534e6ae7a38a0651861442295cc587604052f3a47676a,1,outer_transaction_has_other_v2_v3_swaps,0
17079640,0x154481f0959e2677ada06b00a0788597545aefaacaf08e5d5951d8c05fb900d3,0x0260d46a683d77922ac204f4418adf1cfbb6ac548695aac5e11ecf5072364062,1,buy_not_maximum_output,0
17079645,0x0e58875f0c6598bd5448ca00b8c7e0f2d2c236bec0ff6dd369c1d0135758f985,0x74ececc0f552e8bc114ab0ee819bf4571893fe3eb5b1eda579adbd9b9f459880,2,buy_not_maximum_output,1.445604392613668892227047360877894084507356980735359050923272629567369E-25
17079650,0xd76296375d5dc0d5f3a2e0d162bfc80a5b25b4ab1227231d9d8e2847ce45b42e,0x387631a9004a3efe78f9e614f17b38b001f5ee48c31cbfe3f3424c322554111f,3,outer_transaction_has_other_v2_v3_swaps,0
17079654,0x1aa86a0a663c139cdcc4e4752931c72c5cd5eb0b1d253c01503296daee0b6b94,0x1024ca254d5a501f74f82088046359e2df6058344a9ffa6b01cc33659f4a9682,1,outer_transaction_has_other_v2_v3_swaps,0
17079668,0x51666bf2e0ea85143bf77826d9eb0aa70a8e8b93f1f86fa8a1bf780d0bf7cdfd,0x11d34e2c42d1ede05a256eadd0bf4849b39ba1f5cee95fe6d1020129a6290f43,2,outer_transaction_has_other_v2_v3_swaps,0
17079671,0x1c61d8a8b83c50c2bfd76a34a982fbb4e1dfb53202dd5ecc2ff5735ec4bc3cdc,0x13ba4581b673b52ac0c5f8bc6a762140be3c930bcbcb5d6963b26521ea681af9,3,buy_not_maximum_output,0
17079677,0x95e0f8c8e67a0d756c9a8be8ab5d755cbbf9b8bb942dd6b0906b005be5e38712,0x5f4d1233f5c13b9a47689b090ff4d8f4c9a1598590520cc5743b5609a44d1286,1,accepted,0
17079688,0xefc50fb10846e1d7e1af5d747fa9d54bce4e2e548f098337ea99d76d7ccd0777,0x0c0f17467dfb02564bee70b53d77b9661d83b0336f104b0a1bbd1a5c764a2ff4,1,inventory_mismatch,169506.7456748394853951251144416942368480086940377664125376952734547993
17079704,0xa587819787e00327b477b2c5e861dd9f0a4b2693826d997b4cc6c0a5b0cc9c15,0x59e145c977c7f322461eee04af92ca0106d892a2acc0595d9c7bb2dd96d0f611,2,outer_transaction_has_other_v2_v3_swaps,0
17079705,0x0a31114c39c1d5412999d282cdf750aa89c2cf26cd37c818ce293a8a0416ec65,0x86fe4fc1fd4a66b65d2352c46432a14d3fbac4f39dfb4e42ba9a6b5fa9a79ec2,1,outer_transaction_has_other_v2_v3_swaps,0
17079711,0x8e7ee98e530d6b515cfdf5af0c4dc20b3a88df96469b8309dff549f04934db2c,0x2edd33785a915173b2d09fcc69358c5e6bbef33c96f733d3dbed19bd6596f4bd,1,back_not_maximum_output,0.0002185743492989791826776018987930138180765748677457704280008949481356194
17079713,0x614b07266a68b2c30cfa615d0ae7fb5b45a4acf0a3486c32801623896853ba37,0x99a28294acc1b02420445e824d442c651db4c115721740604349e649043a2e00,1,buy_not_maximum_output,3.430200282115265663185315704828065340620852697149194754633977914976236E-25
17079716,0x2d88df7a5914998564eb25b8993a3155bcac564e689bc802c10b03ab406e96e1,0x24ffe055c8ffdd99d5b64c707c54018712c74e0b12acafa507b9f076c2eddb25,1,different_outer_origin_or_target,17426.09403581011025860888162055174250588849784517841962583377032487031
17079723,0x7476bbb517cb5d0d3ab3712d6bca522a4e500016765447fcaa4ffa0580e80cad,0xabc96b83d9fac12c81dde0b02ee5f35277e4617ee2a3e2bc11e4aa0f7f1da355,1,back_not_maximum_output,0.00005651745489519785124368557074813230994853688738916809995222851598721258
17079725,0x162d981bbd6baceca9ebea0989cf871b1df00a4faad5f4eb7611488de78907e1,0x8c0a3135e0048e35d975a9c149c6da69e63950a2796bb5486ee1ad9a8263a924,1,different_outer_origin_or_target,22.35889747403433954324969774581670767243670664382884005870120878903239
17079728,0x21b5ce10b24be332609fa1998373c1519532636043b58aa76e300097946ce619,0xdcf2062b30ae8d4a4e6595501303dc54c2eb6cf37acb3c785d38896154c29a04,1,outer_transaction_has_other_v2_v3_swaps,0
17079735,0x5293c3fa8a19b2b2641a76df4d4befd7ac889a00ad96eac1dfcd2eb70c93c93f,0x70252f9592c37549c873266d3581601834c3488e846d7698d29d5018b740d7fc,1,outer_transaction_has_other_v2_v3_swaps,0
17079744,0x3fc194871aed436e3dc952d9eff4a9d5b3fee34065c7d04dc8330f04ef71370b,0x170e49ed18965b07be8891b6073b60fe05de70b5c596714477ae003fe9e015a6,1,outer_transaction_has_other_v2_v3_swaps,0
17079814,0x68402127c74bfffd62c48279805b2c4bfd2ce9c072b7cae544e817d27c7146e2,0xbdaf576bbe44c79af68a4dcae9465cb024fa7d6578d56ddc7e7ef207141a4aab,1,different_outer_origin_or_target,9349.050604809103327119486641519671110828772223194228176223035018221640
17079825,0xdb7ba23c09a2cc01f469205743a6d3ed9a889a32b936b477015fc21625b6449f,0x6098bf0c28ccaf0c8b92102c53aaf627dabaed2064e5142a7e8e2e8e804dc2a4,3,buy_not_maximum_output,0
17079849,0xd777396745ffaff4d638660a6b296a0a526b04785ac3731e390fc5faae99d0b9,0x0f84c1509111d5d8be6c09d012bb79dfd22127880c3ebf6dab2454e4d8732082,1,buy_not_maximum_output,0
17079858,0x2d047a7be58fb38f43fd39e7754b9b63a704171d15b052d1152e36a822720a72,0x2f31762f89c0070b1bb0d68709fd88d2df558a742d263acbd0d8cfbeac46a67d,1,buy_not_maximum_output,0
17079863,0xf84a809e18ee8a6634d84253fe250dd5c2511940d6cada53b9d8236e3cdab408,0x5ff2ce32a93d485811e1ad675fb873c3cba20c634964d36f8084e20c8f284e18,1,different_outer_origin_or_target,41313.64100170347069129924661972844097543901147694736276533335513406860
17079898,0x5e17ed7fff7e19e5f986ed77c914846be60f5d8b852d5c927cb34c130fb7a3e8,0xa5b611cc72e703f643b6781344146c15f7a2b324526b4e6a245a732589c5c421,1,different_outer_origin_or_target,3801.661193394419894147325283405769492519680512111408033971526000750938
17079910,0x35bfe4be68b196e72cd249442e05fd6d0cba7618200fae714394c4477871ec68,0x5fcbc5e438e5121242cd9455f56ffce310b91fe398a4509a74a013767ead4e37,2,buy_not_maximum_output,3.267729388690499242712006181348425134393415110227924893783702543224289E-12
17079916,0x0d56d2b69ac3eb4b2a16d6aeec76ef66044fdf4488cc91807e6df3ce62d9bbf2,0x36ef2ec5b41394893898e4c9662d7a732f41d05e7db7bbb79c40ad01170373ea,3,outer_transaction_has_other_v2_v3_swaps,0
17079929,0x875ab2a3a38f76e7abeecf793164be79a30d617ed6d21fda97f244cb4b1daec0,0x24a058e98fbc724374053f06f2418b9edd0b81115b6eafac68f92cd714a03148,2,outer_transaction_has_other_v2_v3_swaps,0
17079931,0x7472175a0a8c4a32d451fd5cb9ecad4ef4b7e5d36a2da8d909d25357e24fe7e4,0xbe01f91df284651b21a4473b0f0d78d371fe3beea718144dbdef62b94a017d35,3,different_outer_origin_or_target,0
17079935,0x5082c95282e35503df266cf937c087c227b6341a20d0973f522a0d925ed0248b,0x024610939505f263f7ddedf6c2eab7d74338c94c4761d152463efd9fc5eca1fc,1,outer_transaction_has_other_v2_v3_swaps,0
17079946,0xed2434a69f1adf7ac40c4505f6c7093d0c8659b38abd8d31aabb03b0551f1820,0x5a809cc21e442863b991745392110530002d80c6b879d19ac0ed6cc96758a313,1,outer_transaction_has_other_v2_v3_swaps,0
17079948,0xbad77afceccd912d1c4c62da6c95a0245f03a6f6da8ec5af7de033021081364d,0x54e6fc7016b45d56d18edfeb108cf559ee5f4c9191ecabbfb4d0540ef96415da,1,different_outer_origin_or_target,14939.83207477261077740375247942420142460115245035687211465054083351435
17079949,0x18be4819eb6fc75681b1d6995bc7caac5ba27291cf5f2761aa39844c6b0f4fac,0x512554b0e25c207f7985ce3f3b84b4105b86f05eb4f722077a1241cb26957ae2,4,outer_transaction_has_other_v2_v3_swaps,0
17079951,0xf05b73141dbbb819cd81bb8b102bc1df810935f5c3a1be37abb83ef276f15e5b,0xa636b6740f552a6e668a88e46b4f7f33fad65a8e3f6f5b41f784ac2859de7dcc,3,outer_transaction_has_other_v2_v3_swaps,0
17079955,0xe35c77c028b04b566a5e8cbdb380cd03f68681039f2ec003ab2ddff26eb412ef,0x6ba3ed941d566f87be4e7af2ddb452a9939a9615b9b6e2f5c9b313a76b6a1dcd,1,outer_transaction_has_other_v2_v3_swaps,0
17079957,0x2c3bfbfd04959250bab1158a4c81b293adf9b0cbfe6b63935d14883087350aeb,0x37c00ae373034f3d375aad25f00f806065f4a0cdef5ec454fbb76d076031dd15,2,different_outer_origin_or_target,1.808585269498265429194456854678485794982675432186599502438389151345252
17079960,0x997efeb1e7501b903ddd045d5f2c24d842d71ea600890460c340b13a501adf61,0xd0db618a9ebf85cddb134b93ee00c9243105ea5608b888a28140aa92370f4f43,1,different_outer_origin_or_target,5016.213364650158063366331628662544969785892606989604819646068442596222
17079968,0x1ed1dbf0e5b11198605bc2e6f0cac3092db8b8cfb0a4bbe6979e162877eba017,0x30faa62e4acbb83e51310f8897352070fd71ca455ae090957386a64527b117aa,2,different_outer_origin_or_target,9488.314546437047208426221948319298567720227406796121313057626647203970
17079969,0x89664aa0d975330c12982130216ae899b4f1fa7f8050f67861e2b71dbe748bce,0x1db5bfc38a79a6a9a8714b869ba6653aff1555e81c80824b0017f0051f12b58b,2,outer_transaction_has_other_v2_v3_swaps,4.068660581002381832561151566734527117833396535552463973153587792944141E-25
17079987,0x65b010439b6624716ef58e17223f964179ce84be38a77009edd6a8ba3fcc397d,0xc42cdf6761ff0a7989f455d14d2aee4784dc32a5c997d87cf130dc13f52e50e7,3,outer_transaction_has_other_v2_v3_swaps,0
17079994,0x6467f2deb04aa94f5ab9adba18ae1d5e772e8a550d48322f3f6f3edf876c1972,0x08178e20d6d4f141b3413472103dbee6b0437adbbfb89800bf2d737819b3861c,1,outer_transaction_has_other_v2_v3_swaps,0
